workload,size,category,track,variant_of,unit,mode_timing,valid,invalid_reason,excluded_runs,go_n,go_median_ns,go_mean_ns,go_min_ns,go_max_ns,go_std_between_runs_ns,go_cv_within_run,go_throughput_per_s,go_peak_rss_kb,go_rss_avg_measure_kb,go_cpu_util,go_cpu_ns_per_op,go_sys_ns_per_op,go_threads_max,go_op_p50_ns,rust_n,rust_median_ns,rust_mean_ns,rust_min_ns,rust_max_ns,rust_std_between_runs_ns,rust_cv_within_run,rust_throughput_per_s,rust_peak_rss_kb,rust_rss_avg_measure_kb,rust_cpu_util,rust_cpu_ns_per_op,rust_sys_ns_per_op,rust_threads_max,rust_op_p50_ns,go_alloc_objects_per_op,go_alloc_bytes_per_op,go_gc_cycles,go_gc_cpu_fraction,go_gc_pause_max_ns,rust_alloc_objects_per_op,rust_alloc_bytes_per_op,rust_peak_live_bytes,ratio_rust_over_go,ratio_ci_low,ratio_ci_high,p_value,significant,verdict,abs_diff_ns,pct_diff,mem_pct_diff,cpu_pct_diff,go_op_p95_ns,go_op_p99_ns,go_op_p99.9_ns,go_op_max_ns,rust_op_p95_ns,rust_op_p99_ns,rust_op_p99.9_ns,rust_op_max_ns
coll.map-insert,100k,collections,baseline,,elements,iter,True,,0,10,6955773.5,7231781.912560662,5672058.0,20674276.0,276824.0666427616,0.148715956196319,14376590.323734147,18716.0,16833.80718292056,0.9960182844181891,7180676.258992806,215014.96483392373,3.0,6955773.5,10,5368786.25,5600161.019983101,4174757.0,16049088.0,351564.7390268454,0.17661687554886515,18636609.489450336,10702.0,10576.0,0.9933645835898706,5457004.225772734,27.624309392265193,1.0,5368786.25,532.0173611111111,4729664.222222222,109.0,0.018366728036589203,115467.0,16.0,4456636.0,6406028.0,0.7718460427154507,0.7148797376303401,0.8170684482223682,0.00018267179110955002,True,rust_faster,-1586987.25,-22.81539572845493,-42.818978414191065,-24.004313396825417,,,,,,,,
coll.map-insert,10k,collections,baseline,,elements,iter,True,,0,10,593199.0,630803.5822090209,486525.0,4790080.0,15729.803163368999,0.24102641499836588,16857751.99096093,7840.0,7655.1330248216655,0.994107128292983,618978.8571662942,2422.2358098021155,3.0,593199.0,10,450086.25,472053.1005880176,416891.0,3827761.0,2565.431447361459,0.20959594178689478,22218056.156058438,3356.0,3276.0,0.9904500100462701,462658.09993952175,0.0,1.0,450086.25,81.0,591672.0,357.5,0.036045761716503866,108760.0,13.0,557196.0,827146.0,0.7587441145382915,0.742785816239849,0.7715199495228439,0.00018267179110955002,True,rust_faster,-143112.75,-24.125588546170846,-57.193877551020414,-25.25461983344861,,,,,,,,
coll.map-insert,1M,collections,baseline,,elements,iter,True,,0,10,165665565.25,169881055.82619047,138507937.0,231026976.0,7365006.13875022,0.09028937081694363,6036270.600096509,166604.0,151544.61340872495,0.9891787073931506,166731916.6666667,3320166.666666667,3.0,165665565.25,10,148843639.5,150729245.3,136400945.0,215587534.0,3545751.9054500507,0.03368997747753398,6718472.366715873,114504.0,75400.53541288391,0.9965887537146195,148882000.0,32280000.0,1.0,148843639.5,8197.166666666666,75490954.66666667,7.0,0.003050824270874034,77108.0,20.0,71303420.0,97163438.0,0.8984585256168678,0.8551727074509895,0.93786713998173,0.00018267179110955002,True,rust_faster,-16821925.75,-10.154147438313226,-31.271758181076088,-10.705758695470733,,,,,,,,
coll.map-insert.foldhash,1M,collections,tuned,coll.map-insert,elements,iter,True,,0,10,162221512.75,163679738.67857146,128388089.0,220294675.0,8982211.43490622,0.05914949212971872,6165489.109857902,166394.0,154203.39781850445,0.9969074102894919,159463928.57142857,3039142.8571428573,3.0,162221512.75,10,86062947.75,89214703.43030302,79609996.0,138530014.0,2707118.3028449584,0.08228796005712413,11619480.86808437,114534.0,76788.54758791752,0.9917417889907214,88297416.66666666,31305636.363636363,1.0,86062947.75,8196.77380952381,75487437.52380952,8.0,0.0032548929749993327,84815.0,20.0,71303420.0,97163471.0,0.530527340616234,0.5070954332344605,0.5666398490645798,0.00018267179110955002,True,rust_faster,-76158565.0,-46.947265938376596,-31.16698919432191,-44.628595659415446,,,,,,,,
coll.map-lookup,100k,collections,baseline,,elements,iter,True,,0,10,2265485.0,2400272.022503064,2082835.0,11718404.0,58032.81726625318,0.21912064894582106,44140659.38651334,7124.0,7048.0,0.9948703506052463,2341376.3023157236,0.0,3.0,2265485.0,10,2264198.0,2513544.6263668286,2089448.0,17925424.0,172257.82995137133,0.2324364594358123,44175643.274271324,5908.0,5198.0,0.9940636069344426,2422801.6486255517,0.0,1.0,2264198.0,0.0,0.0,0.0,,0.0,0.0,0.0,3067543.0,0.999431909723525,0.9776740145270995,1.0536371872547694,0.7337299956962472,False,no_measurable_difference,-1287.0,-0.05680902764750152,-17.069062324536777,3.477670215987702,,,,,,,,
coll.map-lookup,10k,collections,baseline,,elements,iter,True,,0,10,110317.75,123202.33472258205,106019.0,5182255.0,927.4491300814773,0.32314500102635946,90647310.85250813,3952.0,3751.3449387056844,0.9951354779527071,121443.65786234237,236.81357533926143,3.0,110317.75,10,150279.0,164039.63930956906,145150.0,4505073.0,6260.946679394596,0.21036478458697325,66542897.455984935,2780.0,2612.0,0.9950389933599421,161861.36978114268,0.0,1.0,150279.0,0.00025787980144651747,14.7878593341491,0.0,,0.0,0.00017340038148083925,11.363967400728281,461333.0,1.3622377178649854,1.3540152231680405,1.4272544536124059,0.00018267179110955002,True,go_faster,39961.25,36.223771786498546,-29.655870445344128,33.2810396444203,,,,,,,,
coll.map-lookup,1M,collections,baseline,,elements,iter,True,,0,10,78449550.0,81320049.90210621,62787511.0,130180301.0,2108681.669542895,0.10759174094779941,12747278.559467288,56158.0,56072.0,0.9943764585069327,80435961.53846154,35205.1282051282,3.0,78449550.0,10,114279145.5,114370849.82280302,90858607.0,152257297.0,11505947.239810463,0.0666186554182626,8755365.274609426,52642.0,44868.0,0.997161117272852,115325111.1111111,277.77777777777777,1.0,114279145.5,0.0,0.0,0.0,,0.0,0.0,0.0,43688889.0,1.4567214917102775,1.3162700438163293,1.5461031006551345,0.00018267179110955002,True,go_faster,35829595.5,45.67214917102775,-6.2609067274475585,43.3750637219235,,,,,,,,
coll.map-lookup.foldhash,1M,collections,tuned,coll.map-lookup,elements,iter,True,,0,10,78403755.5,80428857.78871796,65870114.0,139035035.0,4028892.113038721,0.08472816695728136,12754491.504196798,56158.0,56072.0,0.9951779061960289,78932192.3076923,310884.6153846154,3.0,78403755.5,10,18622726.0,19473983.96240791,15161823.0,40429999.0,718501.0438475541,0.15914483473744462,53700696.13713918,52660.0,44868.0,0.9929566594892307,19450875.0,375.38461538461536,1.0,18622726.0,0.0,0.0,0.0,,0.0,0.0,0.0,43689114.0,0.23752339261350816,0.22971477769563428,0.2531471850907944,0.00018267179110955002,True,rust_faster,-59781029.5,-76.24766073864919,-6.228854303928203,-75.35748795095303,,,,,,,,
coll.map-string,100k,collections,baseline,,elements,iter,True,,0,10,2898744.0,4037140.206371654,2679433.0,32306166.0,80110.26195447054,0.6104884531642341,34497719.30314453,93286.0,82234.89864374706,0.9922825912517247,3883160.7602514215,16342.64705882353,3.0,2898744.0,10,4073587.0,4228288.034062078,3868392.0,8550247.0,97727.86702154385,0.11443944116457766,24549443.281561166,15596.0,15506.0,0.9926408117057444,4141803.3417921197,0.0,1.0,4073587.0,81.0,873528.0,6.0,0.12455188253331231,141505.0,13.0,819308.0,13642551.0,1.4052938100087486,1.3468721425679282,1.434820994886061,0.00018267179110955002,True,go_faster,1174843.0,40.52938100087486,-83.2815213429668,6.660619982262901,,,,,,,,
coll.map-string,10k,collections,baseline,,elements,iter,True,,0,10,380129.25,574433.1296447102,330185.0,10841441.0,6315.412131356819,1.3094220069937288,26308584.880034618,93392.0,88676.69121950751,0.9940834099094308,573187.0613700383,2160.081348053457,3.0,380129.25,10,472622.0,491513.7391333578,445500.0,4415838.0,3628.8306120720367,0.14216928670143214,21158560.5808054,13132.0,13108.0,0.9970093354150619,486624.6151050725,0.0,1.0,472622.0,31.0,218232.0,9.0,0.19399538884750178,84089.0,11.0,204876.0,11054901.0,1.2433192131360584,1.2209299922500645,1.2698395137426355,0.00018267179110955002,True,go_faster,92492.75,24.331921313605832,-85.93883844440637,-15.101953986550786,,,,,,,,
coll.map-string,1M,collections,baseline,,elements,iter,True,,0,10,34552859.5,40037122.31021623,27744864.0,89360398.0,2744404.8866470777,0.30433332449540973,28941176.209242553,93316.0,84526.67536534503,0.9958085959355142,39704994.615384616,4032.608695652174,3.0,34552859.5,10,48975541.5,50455550.18818866,42511828.0,77276498.0,1568927.4572309866,0.11537970982949432,20418424.914269414,33860.0,33760.0,0.9892496199718052,49425094.047619045,735.5889724310778,1.0,48975541.5,279.35307692307697,3545788.923076923,3.0,0.05475733498314295,48832.0,15.0,3276940.0,31393721.0,1.4174092161605323,1.283973265295544,1.4628892975349042,0.00018267179110955002,True,go_faster,14422682.0,41.74092161605322,-63.71468987097604,24.480797759554797,,,,,,,,
coll.map-string.foldhash,1M,collections,tuned,coll.map-string,elements,iter,True,,0,10,35792748.75,40863303.53947926,30018165.0,127699631.0,1708670.4867053148,0.31564945954956497,27940432.019091345,93302.0,82970.57447942733,0.9947788755709304,40636970.23809524,4456.521739130435,3.0,35792748.75,10,23313319.5,23921866.9715731,20661517.0,40628505.0,400135.54540647013,0.0598919442423817,42894086.73414433,33860.0,33764.0,0.9952811670593027,23650056.755260244,159.0909090909091,1.0,23313319.5,279.5896739130435,3548851.420289855,3.0,0.05620355804468342,74110.0,15.0,3276940.0,31393850.0,0.6513419704878073,0.629421619190236,0.6972713768696649,0.00018267179110955002,True,rust_faster,-12479429.25,-34.86580295121928,-63.70924524661851,-41.801623948112564,,,,,,,,
coll.priority-queue,100k,collections,baseline,,elements,iter,True,,0,10,28162598.0,28993198.109089635,26549682.0,47905946.0,412699.0742236608,0.0848914341754261,3550827.6847160887,10682.0,9561.186390749812,0.9933664319097758,28854728.571428575,560877.7777777778,3.0,28162598.0,10,5350129.5,5616341.369056501,5114629.0,15287921.0,166342.55536873298,0.10443138424536093,18691317.739225496,3868.0,3744.0,0.9907668280285241,5514823.960273122,0.0,1.0,5350129.5,200029.0,5701401.411764706,72.0,0.009463974050320675,186626.0,16.0,2097120.0,1883952.0,0.18997286756001702,0.18682930852065993,0.19766688255497997,0.00018267179110955002,True,rust_faster,-22812468.5,-81.0027132439983,-63.78955251825501,-80.88762489440361,,,,,,,,
coll.priority-queue,10k,collections,baseline,,elements,iter,True,,0,10,2269603.75,2323579.7922978424,2027611.0,6661961.0,25280.43770410455,0.10490695878395775,4406055.560189217,8322.0,8057.820461876518,0.9947241444078068,2293643.676517493,18325.62994123367,3.0,2269603.75,10,326834.75,343209.961919624,309358.0,6064819.0,7616.766687162386,0.19712146775676764,30597303.22175035,2512.0,2420.0,0.9915378523779664,340511.5359475781,0.0,1.0,326834.75,20020.0,517648.8413915536,78.5,0.011492990004758546,127073.0,13.0,262112.0,261806.0,0.144005203551501,0.14109375766544885,0.1469910479273964,0.00018267179110955002,True,rust_faster,-1942769.0,-85.5994796448499,-69.81494832972844,-85.15412226259194,,,,,,,,
coll.priority-queue,1M,collections,baseline,,elements,iter,True,,0,10,417207934.5,424886508.44,369137530.0,496856829.0,20002227.304522026,0.07493630214863699,2396933.5905856173,53878.0,46433.64650691545,0.9914831694072037,416053100.0,7588800.0,3.0,417207934.5,10,142449391.75,146347774.17916667,107995030.0,201002386.0,21872393.303838663,0.08477244548135845,7020132.065881384,17936.0,17826.0,0.9929433144763236,143520410.71428573,2241.0714285714284,1.0,142449391.75,2000039.0,57678113.6,16.0,0.0014646047582339995,69698.0,19.0,16777184.0,16423026.0,0.341435001519608,0.2918971617712666,0.37498236861193596,0.00018267179110955002,True,rust_faster,-274758542.75,-65.8564998480392,-66.70997438657709,-65.50430444712809,,,,,,,,
coll.queue,100k,collections,baseline,,elements,iter,True,,0,10,341149.75,365199.87594017957,261054.0,4124602.0,7386.3875362799035,0.26960365863189517,293126463.2503854,7874.0,7715.978680536999,0.9924944179741901,359001.90334328555,3909.3349811043645,3.0,341149.75,10,362214.75,338888.4606534155,207247.0,5649761.0,10140.738901003877,0.26695244577450883,276079883.27534175,2356.0,2260.0,0.994582955139637,332357.80361293786,0.0,1.0,362214.75,202.0,2396736.0,2171.5,0.1408421377327942,111783.0,10.0,32736.0,67095.0,1.0617470773465318,1.0463008269800973,1.0886522563410845,0.0013149446697132139,True,go_faster,21065.0,6.174707734653183,-70.07874015748031,-7.421715451149019,,,,,,,,
coll.queue,10k,collections,baseline,,elements,iter,True,,0,10,32220.75,39216.52883822836,20333.0,5137430.0,1247.5775070556183,0.7776029083028977,310362510.8922653,8110.0,7843.978642109767,0.9922759733282702,38940.20163003287,290.3992072088127,3.0,32220.75,10,21075.0,28818.33978851033,20551.0,2485219.0,6400.299662255407,0.4568841436228688,474503386.2756856,2838.0,2579.3520650809814,0.9992498253122818,27274.92099572999,0.0,1.0,21075.0,27.000272904908183,246370.81206197926,2121.0,0.14266442513038485,204751.0,10.000117412234355,32753.95436577825,411157.0,0.6540816089010963,0.635944840127292,0.7920631272504405,0.0028272720911168077,True,rust_faster,-11145.75,-34.591839109890365,-65.00616522811345,-29.95690865993349,,,,,,,,
coll.queue,1M,collections,baseline,,elements,iter,True,,0,10,3374412.75,3625303.3012131094,3089644.0,10602925.0,108499.2334112704,0.18617950108978454,296348135.4267061,7860.0,7696.304861174511,0.9941196003937005,3550357.8626460535,35353.08826109844,3.0,3374412.75,10,3855208.75,3920664.6071703224,3067617.0,8383780.0,41771.3785457685,0.07318815938169018,259390205.29347083,2316.0,2228.0,0.9956939305159895,3868496.1240310078,0.0,1.0,3855208.75,1960.0,23999040.0,2136.5,0.13689031617769726,74027.0,10.0,32736.0,51737.0,1.1424828660927742,1.110824027164035,1.1621259034259135,0.00018267179110955002,True,go_faster,480796.0,14.248286609277422,-70.53435114503816,8.960737866234371,,,,,,,,
coll.set-ops,100k,collections,baseline,,elements,iter,True,,1,10,20711926.75,21305842.65034949,15479022.0,45467438.0,1344976.2876156382,0.157611860977578,9657493.313666448,18120.0,16151.938303110459,0.9886544141940351,21197087.10106383,565250.3571428572,3.0,20711926.75,9,14726953.0,14905413.595608203,12392091.0,26142961.0,880087.335724735,0.12296175197241048,13580541.745464932,7320.0,6050.211412303433,0.9934138435050149,14924522.388059702,1479531.25,1.0,14726953.0,1060.0,9458672.0,85.0,0.01511021908791255,99501.0,32.0,4719032.0,4584049.0,0.7110373253903093,0.6474220258655252,0.7518302217644713,0.0002797002701866865,True,rust_faster,-5984973.75,-28.896267460969078,-59.60264900662252,-29.591635318087278,,,,,,,,
coll.set-ops,10k,collections,baseline,,elements,iter,True,,0,10,1605660.0,1694919.4731071524,1304821.0,5248329.0,60592.26366553645,0.17687373712645968,12455966.502741128,7780.0,7640.19613521732,0.9945494506534648,1666976.8966174047,13382.381556683587,3.0,1605660.0,10,1226217.25,1278573.871731385,1176532.0,5803166.0,17499.914359790448,0.1617698178789974,16310324.517288651,2784.0,2635.9680119037603,0.9928444809350178,1276377.2312938552,70210.07446849559,1.0,1226217.25,157.89964205816557,1182033.4954809844,252.5,0.028828973277400347,86469.0,26.0,590168.0,567151.0,0.7636842482219149,0.7306228115475661,0.780750865216039,0.00018267179110955002,True,rust_faster,-379442.75,-23.631575177808504,-64.2159383033419,-23.431618405518773,,,,,,,,
coll.set-ops,1M,collections,baseline,,elements,iter,True,,0,10,374499202.0,371997092.34000003,303011843.0,465771805.0,18689637.61597184,0.07086393278235902,5340533.852203233,109000.0,91100.81663348104,0.993741871950795,372077900.0,5558500.0,3.0,374499202.0,10,248967519.0,255518825.48000002,222426404.0,340036758.0,10485749.509027533,0.08770192773803037,8033280.122221781,45524.0,38349.20652869638,0.9909097957476032,253553500.0,13149000.0,1.0,248967519.0,8234.2,75666931.2,11.0,0.0017280749579046328,84219.0,38.0,37749272.0,39627411.0,0.6648012002973507,0.642180119465996,0.7037175591420971,0.00018267179110955002,True,rust_faster,-125531683.0,-33.51987997026493,-58.234862385321094,-31.854727195568454,,,,,,,,
coll.set-ops.foldhash,1M,collections,tuned,coll.set-ops,elements,iter,True,,0,10,380706063.0,370124317.94,278708061.0,457295653.0,34446672.21111749,0.06554785989368318,5253665.632244699,108616.0,90589.15441594967,0.9865200256750313,365740800.0,4811000.0,3.0,380706063.0,10,103720016.0,105673325.14363636,91829746.0,137850660.0,4217004.862309354,0.08950544605794572,19283416.440592296,45580.0,37426.074178468916,0.9896618118380922,105207200.0,12775827.777777778,1.0,103720016.0,8234.2,75666931.2,11.0,0.001709638482280981,109849.0,38.0,37749272.0,39627452.0,0.2724411982900309,0.257278083697879,0.2904264409472664,0.00018267179110955002,True,rust_faster,-276986047.0,-72.75588017099692,-58.035648523237825,-71.23449174934817,,,,,,,,
coll.sort-structs,100k,collections,baseline,,elements,iter,True,,0,10,16356334.0,16791428.882637408,15858437.0,23128131.0,242553.77321880148,0.06958614767384144,6113925.7955670925,9678.0,9608.0,1.0321367043337801,17324850.0,190.74742984162268,3.0,16356334.0,10,4059761.25,4288225.303438806,3864189.0,10860142.0,72486.06466243854,0.15217402749864675,24631995.675347768,8556.0,8372.0,1.0674154144578876,4599589.854829079,15.131578947368421,1.0,4059761.25,0.0,0.0,0.0,,0.0,0.0,0.0,6438305.0,0.2482072847130659,0.24522039487518693,0.25233529282794404,0.00018267179110955002,True,rust_faster,-12296572.75,-75.17927152869342,-11.593304401735896,-73.4509109468245,,,,,,,,
coll.sort-structs,10k,collections,baseline,,elements,iter,True,,0,10,1295823.25,1342936.2023560381,1230705.0,4852117.0,14340.296196383113,0.1361107334241774,7717101.850393327,3900.0,3848.0,1.0026127302398287,1331035.048513883,7962.442825896921,3.0,1295823.25,10,293284.25,316472.7972712548,276009.0,4326650.0,5149.4848364234995,0.25000170578474934,34096626.428860724,2972.0,2868.0,1.0179264956155127,320390.46476519713,0.0,1.0,293284.25,0.0,0.0,0.0,,0.0,0.0,0.0,693663.0,0.22633044282852618,0.22297362404912402,0.23007561986896155,0.00018267179110955002,True,rust_faster,-1002539.0,-77.36695571714738,-23.794871794871796,-75.92922401833692,,,,,,,,
coll.sort-structs,1M,collections,baseline,,elements,iter,True,,0,10,203858062.5,204510269.57,193178966.0,234835643.0,3674566.0324373697,0.0249668883396434,4905392.592908045,66116.0,65928.0,1.0234005105365305,208569300.0,337983.3333333333,3.0,203858062.5,10,61646461.5,62865755.05686275,55041417.0,86298444.0,1780170.8629343356,0.07837448980776324,16222238.835994337,64804.0,64692.0,1.0493247917657078,66924562.5,983.4558823529412,1.0,61646461.5,0.0,0.0,0.0,,0.0,0.0,0.0,64037411.0,0.3023989374960335,0.29307558046667886,0.31164953300195886,0.00018267179110955002,True,rust_faster,-142211601.0,-69.76010625039665,-1.9843910702401841,-67.91255352537502,,,,,,,,
coll.vec-push,100k,collections,baseline,,elements,iter,True,,0,10,465964.0,504586.2705211213,360005.0,7232250.0,10799.353830463911,0.2856851645285547,214609712.4743762,9124.0,8636.362148049011,0.9953946467095485,498651.05341698905,16503.550936264437,3.0,465964.0,10,114317.5,126569.94665652994,106354.0,6410796.0,1104.338942535307,0.2749432697021972,874758264.9811149,4048.0,3911.390160756355,0.9933344196766932,125805.91937188708,0.0,1.0,114317.5,25.0,4101312.0,3339.0,0.21195827597522846,158731.0,16.00024333860567,2097143.9211582919,2013994.0,0.24533547656042098,0.24204504486407566,0.2517425331346767,0.00018267179110955002,True,rust_faster,-351646.5,-75.4664523439579,-55.633494081543176,-74.77075030528735,,,,,,,,
coll.vec-push,10k,collections,baseline,,elements,iter,True,,1,9,36891.0,45838.55002929319,23412.0,8930786.0,1583.0408435981683,0.6794488804273908,271068824.3745087,8244.0,8012.561175585918,0.9947667698613571,45182.4045056093,379.0893119984806,3.0,36891.0,10,10651.5,11976.77800563366,10426.0,8452246.0,68.88323453497229,0.8915219494873496,938835156.2004344,3726.0,3260.4772429635395,0.9982032546980649,11794.952989587475,0.035535657520258015,1.0,10651.5,16.000276077853954,357598.155063728,2707.0,0.1849101117359482,162886.0,13.000063058063866,262137.62195429552,1785512.0,0.28872895828250794,0.27399019079166986,0.2953416752212635,0.0002797002701866865,True,rust_faster,-26239.5,-71.12710417174921,-54.80349344978166,-73.89480901105395,,,,,,,,
coll.vec-push,1M,collections,baseline,,elements,iter,True,,0,10,9769848.0,11160993.785109263,8566371.0,21426876.0,1331303.7139516547,0.18975740526202073,102366823.41467507,46974.0,34093.88419112013,0.9935128119294944,10648003.922008067,1110516.3706025775,3.0,9769848.0,10,1565487.5,1654771.30316003,1309128.0,11944974.0,140945.6828204082,0.15496974506888658,638952784.6574514,17948.0,17858.0,0.9960907727152988,1664575.5851333821,31.681800236873272,1.0,1565487.5,35.0,41678016.0,292.5,0.029235232830671583,274876.0,19.0,16777184.0,16427052.0,0.16023662804170546,0.13140626390248242,0.1714381302897449,0.00018267179110955002,True,rust_faster,-8204360.5,-83.97633719582946,-61.79162941201516,-84.3672523289279,,,,,,,,
coll.vec-random-read,100k,collections,baseline,,elements,iter,True,,0,10,109162.75,122472.13282768114,107846.0,2230728.0,751.0999415671807,0.2747320227717146,916065147.744593,4756.0,4442.922107842463,0.9969834425677486,121190.98223188546,439.1586861788461,3.0,109162.75,10,79801.0,90241.75024981893,78321.0,4277960.0,668.0282117296144,0.37370917176619944,1253118388.2340255,3642.0,3463.5934995284592,0.9948632495780529,88445.91153338106,0.0,1.0,79801.0,0.0003100656826362537,19.659952220362346,0.0,,0.0,0.00017817371937639198,17.515189309576837,1401076.0,0.7310277544308842,0.7214342235862908,0.7362583935713499,0.00018267179110955002,True,rust_faster,-29361.75,-26.897224556911585,-23.423044575273337,-27.0193954166081,,,,,,,,
coll.vec-random-read,10k,collections,baseline,,elements,iter,True,,0,10,7309.5,7996.263787999999,7284.0,3688549.0,1.7029386365926402,1.1213570797086851,1368082638.5924144,8580.0,7094.540821122917,1.003035511266222,7881.795,59.685,3.0,7309.5,10,5912.0,6622.2708729999995,5903.0,2140993.0,0.31622776601683794,0.8533535022324514,1691474966.1705005,3926.0,3439.9117004330037,1.0040125148142656,6532.219999999999,0.11,1.0,5912.0,0.00017,43.92032,1.0,0.00026024617672234585,30361.0,5e-05,20.31616,2221618.0,0.80881045215131,0.8086445082752017,0.8089764641488779,8.227298920132631e-05,True,rust_faster,-1397.5,-19.118954784869004,-54.24242424242425,-17.122685885639,,,,,,,,
coll.vec-random-read,1M,collections,baseline,,elements,iter,True,,0,10,2716217.25,3181835.746536531,2007720.0,16713743.0,545780.2009972512,0.276389499890331,368376722.8976682,15144.0,14984.0,0.9869742991914356,2850273.3863306837,176.6376546037563,3.0,2716217.25,10,2611474.25,2779091.086169576,1881984.0,18122786.0,284779.0374354397,0.2006495285262166,383850351.4341887,14026.0,13876.0,0.9971535218334173,2849603.021978022,0.0,1.0,2611474.25,0.0,0.0,0.0,,0.0,0.0,0.0,12039286.0,0.9614379151741268,0.7447804267973106,1.1089192846374867,0.3447042220069576,False,no_measurable_difference,-104743.0,-3.8562084825873186,-7.382461701003698,-0.02351930014420996,,,,,,,,
conc.cpu-split,n10,concurrency,baseline,,mix_rounds,iter,True,,0,10,49792165.5,49993829.836666666,45304324.0,58844602.0,684815.556572005,0.03807387754784461,673893629.4566905,6456.0,6171.688921534785,2.611522495939874,130108028.57142857,714.2857142857143,5.0,49792165.5,10,51748492.75,51991467.413684204,51382050.0,55165836.0,283784.6380080471,0.00728697692680455,648413716.970313,4056.0,3930.0,2.5031458883753883,129913550.0,15500.0,4.0,51748492.75,26.4,1689.6,0.0,,0.0,12.0,2896.0,91024.0,1.0392898607713696,1.0277260988013777,1.0467259445854287,0.0005828399431792743,True,go_faster,1956327.25,3.9289860771369742,-37.174721189591075,-0.14947468927468957,,,,,,,,
conc.cpu-split,n100,concurrency,baseline,,mix_rounds,iter,True,,0,10,44019007.5,44473297.44466403,43637056.0,55407712.0,249668.6552219205,0.016087285222414545,762272065.6038945,7012.0,6675.040240072991,2.938605428972158,130369869.56521739,1995.0592885375493,5.0,44019007.5,10,44065556.5,44307960.09130435,43737194.0,49655223.0,185809.34370011286,0.012225844033413289,761466509.2538776,4086.0,3805.1367770561083,2.935555711438657,129820000.0,173.91304347826087,4.0,44065556.5,205.1304347826087,8342.608695652174,0.0,,0.0,102.0,26656.0,114786.0,1.0010574750009982,0.9961255849266657,1.005031674287329,0.7337299956962472,False,no_measurable_difference,46549.0,0.10574750009981485,-41.72846548773531,-0.42177657080673764,,,,,,,,
conc.cpu-split,n100k,concurrency,baseline,,mix_rounds,iter,True,,0,10,111089114.5,108127476.50020202,81651509.0,132749457.0,7590809.743410615,0.05373734060623084,302049979.26225954,31216.0,22764.869673023422,2.7518229359053654,307240183.3333334,13207340.90909091,6.0,111089114.5,10,103584830.5,103546628.17636365,87058241.0,120818399.0,5906276.698985119,0.05967425301147415,323932842.4649321,42226.0,31604.98996055781,2.5558134087346787,267152150.0,38669850.0,4.0,103584830.5,200152.3333333333,8080872.444444444,23.0,0.01999280069747919,15552652.0,100002.0,26400256.0,26488392.0,0.9324480707783479,0.9089311909929442,1.0177611236097017,0.06402210128302689,False,no_measurable_difference,-7504284.0,-6.755192922165204,35.2703741670938,-13.047783300480834,,,,,,,,
conc.cpu-split,n10k,concurrency,baseline,,mix_rounds,iter,True,,0,10,50107982.75,50667537.66190477,47363097.0,72586616.0,769492.7549905865,0.04238191445254133,669643120.5175015,37512.0,36686.644891708325,2.9517321729314885,148993875.0,623133.3333333334,5.0,50107982.75,10,48004936.0,48235343.07878788,46285559.0,52560230.0,640839.0448745994,0.019410545312724736,698979628.2476368,7704.0,7552.3654476160955,2.9167883030492687,140554452.3809524,2262904.761904762,4.0,48004936.0,20018.525,808566.0,3.0,0.007729341709086816,391457.0,10002.0,2640256.0,2728518.0,0.9580297063545229,0.9482621128999112,0.9721931730336526,0.00043963875262656454,True,rust_faster,-2103046.75,-4.197029364547708,-79.46257197696737,-5.664274869720391,,,,,,,,
conc.cpu-split,n1k,concurrency,baseline,,mix_rounds,iter,True,,0,10,44154136.5,44384290.79130435,43439982.0,49195410.0,265758.505003676,0.012709217038446846,759938639.5317799,11952.0,10768.440006036679,2.9686719643954875,131610065.21739131,171913.04347826086,5.0,44154136.5,10,44264526.5,44477272.121739134,43217545.0,51196555.0,428297.5975943726,0.016749738451192393,758043897.5791807,4562.0,4338.492229743676,2.958172013659744,131414717.39130434,174391.30434782608,4.0,44264526.5,2005.4782608695652,80605.5652173913,0.0,,0.0,1002.0,264256.0,352580.0,1.0025001055110658,0.9933511058983717,1.0095976282610217,0.5205228832757727,False,no_measurable_difference,110390.0,0.2500105511065764,-61.83065595716199,-0.1484292449550085,,,,,,,,
conc.fanout,n10,concurrency,baseline,,jobs,iter,True,,0,10,99569741.5,95416598.16642082,62891041.0,125162083.0,19560678.582858548,0.13387970066635052,2029041.139647403,6692.0,6316.696747071442,2.318758644976713,227144572.72727275,35953172.72727273,5.0,99569741.5,10,150876433.5,137758279.1615873,104079438.0,173484648.0,24078148.535051163,0.03914948015891012,1325613.4145506145,4180.0,3962.0,2.3317120504013933,345951928.57142854,44875314.28571428,4.0,150876433.5,23.05,21119.11111111111,0.0,,0.0,4729.0,931918.8571428572,121229.0,1.515283973093372,0.9950123990364469,1.9900549817828632,0.017257456083119765,False,no_measurable_difference,51306692.0,51.528397309337194,-37.53735803945009,52.304730162672676,,,,,,,,
conc.fanout,n100,concurrency,baseline,,jobs,iter,True,,0,10,120557423.25,105825168.26623932,69792810.0,137208396.0,20920249.566557497,0.16989572673986864,1658977.6640068847,7160.0,6815.201148207939,2.2967307863670223,250911394.44444445,40276250.0,5.0,120557423.25,10,160702286.25,175161865.6195238,128042363.0,272283390.0,41536865.51862984,0.091058780363201,1244548.9551374507,4302.0,3940.0,2.5782245548258493,439154559.52380955,43566020.83333333,4.0,160702286.25,115.47222222222223,23945.244444444445,0.0,,0.0,51532.833333333336,3305440.0,160255.0,1.3329937047240266,1.116438232267875,2.301198935659246,0.00018267179110955002,True,go_faster,40144863.0,33.299370472402664,-39.91620111731844,75.02376107556366,,,,,,,,
conc.fanout,n100k,concurrency,baseline,,jobs,iter,True,,0,10,482384227.0,463575138.23999995,379925384.0,513456415.0,31018524.196285676,0.05175143701850424,414612.02642708854,294182.0,286827.3036537706,2.2183094576397084,1033493100.0,187096400.0,5.0,482384227.0,10,401385064.5,418945049.62,284220651.0,609687966.0,62450693.21155281,0.14463093702838614,498482.62435779,114370.0,105722.510984894,2.41792246905693,992100900.0,164902400.0,4.0,401385064.5,100022.7,3222816.0,0.0,,0.0,229090.6,46052491.2,44115589.0,0.8320857980706736,0.735284511593256,0.9718313796927298,0.025748080821108063,True,rust_faster,-80999162.5,-16.791420192932634,-61.12270635185022,-4.005077537527827,,,,,,,,
conc.fanout,n10k,concurrency,baseline,,jobs,iter,True,,0,10,347545701.5,338517950.65999997,236506564.0,377795012.0,27070346.514471613,0.0436061123445893,575466.7243322659,36550.0,34968.74894120131,2.1601003186788583,747628300.0,167259900.0,5.0,347545701.5,10,301144786.5,275457175.64,179031326.0,360295174.0,47130514.93793274,0.10579413634246013,664139.2986574993,18898.0,16477.028504454836,2.5454039965055566,741068500.0,94015300.0,4.0,301144786.5,11157.8,491369.6,1.0,0.002832427279731044,1548242.0,93575.2,8944124.8,4515451.0,0.866489745665866,0.6342958534259074,0.9190993765049759,0.0010079762403767444,True,rust_faster,-46400915.0,-13.351025433413396,-48.29548563611491,-0.8774146190025176,,,,,,,,
conc.fanout,n1k,concurrency,baseline,,jobs,iter,True,,0,10,252250150.0,249932232.85999998,163522227.0,277551229.0,5845341.727858974,0.06270584156614148,792865.5237482674,9696.0,9264.928275939736,2.1828041316834033,550096300.0,116533400.0,5.0,252250150.0,10,228563083.0,219029310.87714285,148473937.0,306826313.0,54942811.6196744,0.08667783873433108,881170.4789641211,5668.0,5364.0,2.6641779852360177,628296900.0,60053700.0,4.0,228563083.0,1013.8,53001.6,0.0,,0.0,74819.2,4876132.8,546657.0,0.9060969160969775,0.622898854788876,1.0693020588345805,0.5707503880581739,False,no_measurable_difference,-23687067.0,-9.390308390302247,-41.54290429042904,14.215801851421286,,,,,,,,
conc.http-client,n10,concurrency,baseline,,requests,iter,True,,0,10,2549763597.5,2587152643.7599998,2201956826.0,2970715944.0,109136079.80348134,0.053763922048662094,39222.10127891557,13088.0,12650.253969940459,1.578092485885883,4053243400.0,1804010600.0,6.0,2549763597.5,10,2431972234.5,2472838784.9,1923183911.0,3126519259.0,162346813.8416761,0.12436297124235583,41121.272744316084,5400.0,5230.0,1.8439418422027645,4614954000.0,1871963400.0,3.0,2431972234.5,4683292.1,375295648.79999995,553.0,0.01622281621066498,3454636.0,5366224.2,1715276690.6,541506.0,0.9538030258509093,0.897989028262317,1.0048921250628844,0.04515456962427901,False,no_measurable_difference,-117791363.0,-4.61969741490907,-58.74083129584352,13.858299257330561,,,,,,,,
conc.http-client,n100,concurrency,baseline,,requests,iter,True,,0,10,2275291803.0,2277531186.04,1969647018.0,2589372345.0,108886238.38976969,0.0604804929460834,43958.22313057904,15578.0,14431.66909493139,1.9109099314584703,4303638700.0,1637745000.0,5.0,2275291803.0,10,2224024842.0,2280826580.52,1754359282.0,3116241684.0,149693324.698223,0.12150112756076162,44970.32673383152,9510.0,9318.017873817465,1.8652507336418518,4330261600.0,1731675100.0,3.0,2224024842.0,4616296.0,374922462.4,931.5,0.08624269817960825,4089020.0,5361744.8,1714033837.4,4442453.0,0.9774679621609835,0.936855956338717,1.083564310985012,0.8501067391385259,False,no_measurable_difference,-51266961.0,-2.2532037839016463,-38.952368725125176,0.618613732607247,,,,,,,,
conc.http-client,n10k,concurrency,baseline,,requests,iter,True,,0,10,2903772018.5,2887259162.6400003,2613652445.0,3259094872.0,68153998.8539983,0.03792636982625692,34437.96739418302,526206.0,482194.777651235,1.847932664247797,5371295500.0,1770804500.0,5.0,2903772018.5,10,3880849806.0,3879758317.2400002,3327487808.0,4286587721.0,139616502.0192267,0.05819836448892743,25768.262304743752,452600.0,434452.5831022728,1.7648457943951374,6954145500.0,2678173000.0,3.0,3880849806.0,4635747.0,376146973.6,11.5,0.080470960474163,6053124.0,5321979.6,1723283870.2,431565342.0,1.3364857093721596,1.30449753721876,1.412650481653951,0.00018267179110955002,True,go_faster,977077787.5,33.64857093721595,-13.988057908879792,29.468682182910992,,,,,,,,
conc.http-client,n1k,concurrency,baseline,,requests,iter,True,,0,10,2825139605.5,2832010817.98,2540563763.0,3077942001.0,55686928.413593635,0.03274413961862303,35396.48171576098,66828.0,58942.87313962189,1.85704880599922,5252402600.0,1965041200.0,5.0,2825139605.5,10,2997791827.0,2975110824.32,2411075545.0,3603412610.0,104959306.83572958,0.0945881287784628,33357.9087036797,63420.0,63020.92713895429,1.8517360010593762,5506393200.0,2197840900.0,3.0,2997791827.0,4619565.9,375050652.8,112.0,0.07501714714758972,2587774.0,5350516.2,1711247660.6,43506923.0,1.0611128105541685,1.032141920166758,1.0759698629290886,0.00043963875262656454,True,go_faster,172652221.5,6.111281055416856,-5.099658825641947,4.835703188479878,,,,,,,,
conc.pingpong,1M,concurrency,baseline,,round_trips,iter,True,,0,10,455931870.0,451945293.7,413055478.0,495812773.0,14294837.994473375,0.04802702807144096,2193504.1439455687,6226.0,6014.246521222075,1.3528198206235214,617241200.0,88943900.0,5.0,455931870.0,10,818438799.5,829361047.4599999,726187053.0,976881101.0,48767808.63050578,0.05186841466433546,1221838.6098065649,4012.0,3884.0,1.170832859476205,961057000.0,408819100.0,4.0,818438799.5,7.2,803.2,0.0,,0.0,8.0,2944.0,90891.0,1.7950901293651615,1.7179732077985397,1.8712898286836328,0.00018267179110955002,True,go_faster,362506929.5,79.50901293651616,-35.56055252168326,55.70201729891006,,,,,,,,
conc.prodcons,1p1c,concurrency,baseline,,messages,iter,True,,0,10,63293105.5,67893125.69857143,53949425.0,106216360.0,4170161.942062029,0.1463671296460692,15799853.343357194,6504.0,6209.644152160336,1.4595937099614156,98162156.25,11357687.5,5.0,63293105.5,10,182186774.5,179927639.69523808,137370017.0,204546666.0,13279975.199470574,0.05089298272725418,5488939.758659374,4080.0,3882.0,1.7168323737358056,314576583.3333334,104348000.0,4.0,182186774.5,9.6125,10053.180952380952,0.0,,0.0,12663.166666666666,3646968.0,99593.0,2.8784616122209394,2.701940633398154,3.0421242077759465,0.00018267179110955002,True,go_faster,118893669.0,187.8461612220939,-37.269372693726936,220.4662523225017,,,,,,,,
conc.prodcons,1p4c,concurrency,baseline,,messages,iter,True,,0,10,94718007.5,92918888.3394722,69879077.0,156655729.0,11565319.613341054,0.13154625862128624,10559605.819540698,6462.0,6145.119701619412,1.797865063560017,169982541.6666667,36909680.76923077,5.0,94718007.5,10,295266895.0,315160516.72,148468104.0,668215378.0,42179341.382661946,0.13809335521801103,3386838.4193192525,4110.0,3902.0,2.555189831753453,795166600.0,69289500.0,4.0,295266895.0,13.37857142857143,10353.476923076923,0.0,,0.0,24560.4,1393662.4,107409.0,3.1173258685788974,2.7639356389814345,3.9540634747576084,0.00018267179110955002,True,go_faster,200548887.5,211.73258685788974,-36.397400185701024,367.7930993403488,,,,,,,,
conc.prodcons,4p1c,concurrency,baseline,,messages,iter,True,,0,10,89992583.5,91187017.75562605,66116714.0,156955404.0,10171879.146977253,0.14883500024692112,11116292.813649926,6502.0,6156.0,1.7883150331211972,163253204.54545456,32066240.384615384,5.0,89992583.5,10,223769564.5,216465862.45,162755052.0,275660938.0,33015528.812063683,0.09178476222536808,4469967.634369797,4062.0,3826.0,2.0730909480604707,470370100.0,93578416.66666666,4.0,223769564.5,13.55,10413.706293706295,0.0,,0.0,8691.8,2503502.4,106217.0,2.486533398610564,1.9009954305048598,2.814773800985593,0.00018267179110955002,True,go_faster,133776981.0,148.65333986105645,-37.52691479544755,188.12304255199777,,,,,,,,
conc.prodcons,4p4c,concurrency,baseline,,messages,iter,True,,0,10,94638903.5,90501961.84837994,61651289.0,137095797.0,12636871.021182898,0.0978297683023463,10567185.67369896,6566.0,6217.491910480454,1.8899331641583048,177675545.45454544,46563813.63636364,5.0,94638903.5,10,367032582.5,356440809.32,238040057.0,534927336.0,45140063.23881146,0.15888403150537977,2726014.3010497363,4116.0,3890.0,2.8135008778164385,999957400.0,58501100.0,4.0,367032582.5,16.857142857142858,10695.012987012988,0.0,,0.0,24830.6,1409393.6,108345.0,3.8782421279849255,3.3385711364984387,5.164977306335157,0.00018267179110955002,True,go_faster,272393679.0,287.82421279849257,-37.3134328358209,462.7996792928479,,,,,,,,
conc.sleep,n10,concurrency,baseline,,tasks,iter,True,,0,10,10333267.0,10357605.2495253,10199088.0,12756174.0,29563.70018545641,0.008385555633795533,967.7482456664562,6778.0,6399.585325264145,0.02709424701369454,280412.3711340206,62154.63917525773,5.0,10333267.0,10,11408296.75,11396615.933937691,10316355.0,12993697.0,30438.199517902936,0.018746732572734792,876.555324397742,4042.0,3824.0,0.025578407793116473,291920.45454545453,194897.72727272726,4.0,11408296.75,35.27835051546391,2084.5360824742265,0.0,,0.0,13.0,2976.0,92183.0,1.104035804939522,1.1011747465096748,1.1066341232060444,0.00018267179110955002,True,go_faster,1075029.75,10.403580493952202,-40.36588964296253,4.103985628342239,,,,,,,,
conc.sleep,n100,concurrency,baseline,,tasks,iter,True,,0,10,10559643.0,10601909.04023423,10313296.0,16460362.0,49100.34537299327,0.01332565931826979,9470.02439538288,9542.0,8428.713356690121,0.0577121238479999,610326.3157894737,216229.78723404254,5.0,10559643.0,10,11536597.5,11560254.564713495,10477333.0,16036712.0,43831.47566164956,0.017309385920790694,8668.070834788488,4166.0,3918.0,0.04531696436581473,524264.367816092,191867.816091954,4.0,11536597.5,305.0,17880.0,0.0,,0.0,103.0,27456.0,116790.0,1.0925177584128554,1.085998298944074,1.0990551180280752,0.00018267179110955002,True,go_faster,976954.5,9.251775841285543,-56.34038985537623,-14.100972831567693,,,,,,,,
conc.sleep,n100k,concurrency,baseline,,tasks,iter,True,,0,10,153953266.5,152771369.44821426,115645053.0,179242442.0,9357706.426463354,0.08883908080517194,649563.2240279815,78314.0,69638.7052672077,2.500422514377579,379169000.0,20391000.0,6.0,153953266.5,10,130814811.75,123157861.36527777,93625936.0,164439429.0,16869258.792565174,0.10085417232877675,764548.7424429958,89616.0,67278.5583059503,2.2276773276447197,280582020.8333334,60823187.5,4.0,130814811.75,300511.9285714285,17820541.14285714,11.0,0.057431966240773846,2166306.0,100003.125,27200264.0,28088508.0,0.8497046845706259,0.6741403038459257,0.8897202129411873,0.0005828399431792743,True,rust_faster,-23138454.75,-15.029531542937416,14.431646959675154,-26.000801533529017,,,,,,,,
conc.sleep,n10k,concurrency,baseline,,tasks,iter,True,,0,10,19971675.0,21471783.25490612,15735809.0,45054472.0,579420.5621108806,0.17829464497171332,500709.2319597491,42922.0,41554.84841461563,1.844205154472673,40252583.25624422,1415298.9130434783,6.0,19971675.0,10,19438732.5,19415616.78826328,15894126.0,23247769.0,1015069.2997315996,0.0635686138633839,514635.90061718505,14044.0,10507.103416677783,1.5342279173196554,29727801.7018128,5310310.025897151,4.0,19438732.5,30017.147058823528,1769352.2028985508,13.0,0.050135763448083404,1605324.0,10003.0,2720256.0,2888730.0,0.9733150824855702,0.9165618271133298,1.0240615437870457,0.10410988966022681,False,no_measurable_difference,-532942.5,-2.668491751442981,-67.28018265691253,-26.14684748909563,,,,,,,,
conc.sleep,n1k,concurrency,baseline,,tasks,iter,True,,0,10,11587320.5,11628418.732391432,10617846.0,15140959.0,170229.09019795127,0.03302064293906797,86303.52826417386,13662.0,13431.486290607048,0.27179909378830786,3172123.09542903,201027.95923700026,5.0,11587320.5,10,12508146.75,12591012.202316543,11297037.0,26613593.0,162234.7061444639,0.02463955186417418,79948.13129383931,5164.0,4824.858761412916,0.20744113601241326,2593191.12654321,574156.4306922958,4.0,12508146.75,3006.3102445472573,176643.29519945907,5.0,0.0027547610891356135,423890.0,1003.0,272256.0,368984.0,1.079468437073092,1.0666254138319136,1.1013324529662434,0.00018267179110955002,True,go_faster,920826.25,7.946843707309209,-62.201727419118725,-18.250614855396062,,,,,,,,
conc.spawn-join,n10,concurrency,baseline,,tasks,iter,True,,0,10,51117752.0,50818017.573438145,32093768.0,74945550.0,3158253.928558152,0.10848920739887483,1956275.255427838,14026.0,12782.939845526753,1.383055934564429,71228800.0,22182639.285714284,6.0,51117752.0,10,143600080.25,143113986.7642857,52508574.0,178571087.0,9105207.527505761,0.07205364784764673,696932.3956029366,4074.0,3886.0,1.3583943261463691,193305723.21428573,88613392.85714287,4.0,143600080.25,210004.3842105263,7360353.619047619,41.0,0.009812557493082918,2645222.0,100002.0,12800336.0,90882.0,2.8092017866904633,2.6562771668165306,3.1638942786867856,0.00018267179110955002,True,go_faster,92482328.25,180.92017866904632,-70.95394267788393,171.38702773918098,,,,,,,,
conc.spawn-join,n100,concurrency,baseline,,tasks,iter,True,,0,10,46105757.0,49823330.28555255,31753459.0,76305609.0,10130267.269726707,0.1764314950598611,2210320.852813255,15694.0,13686.632902830404,1.787993199624395,85390622.72727272,10692155.303030305,6.0,46105757.0,10,55345958.25,56343266.6048366,37663828.0,109550462.0,4556789.301862826,0.11420646388324815,1808874.1969228508,4100.0,3870.0,1.6912134003117962,92010710.52631578,31960750.0,4.0,55345958.25,201004.8390151515,7217345.111111111,43.5,0.011492028833905082,1896538.0,100002.0,12801056.0,102295.0,1.2004131772524633,0.9310348171587449,1.5103675065415383,0.14046504815835495,False,no_measurable_difference,9240201.25,20.04131772524633,-73.87536638205684,7.752710529102027,,,,,,,,
conc.spawn-join,n100k,concurrency,baseline,,tasks,iter,True,,0,10,83474168.0,74249053.32287066,41199871.0,105565709.0,17075284.942817852,0.1580876565723713,1198031.4825159726,18012.0,13493.10568768948,2.186791447296716,170701307.6923077,10553913.461538462,6.0,83474168.0,10,86922775.5,83176068.77971445,59129548.0,104707979.0,10480285.16336321,0.06566776638403607,1150457.8963554325,29668.0,20410.123835043843,2.0981678601160647,185097625.0,52656237.17948718,4.0,86922775.5,200011.42464114833,8006001.95215311,42.0,0.019663930711613965,1183097.0,100002.0,13600256.0,13688375.0,1.041313469575402,0.9254260602227441,1.4445930212595042,0.07566157214388704,False,no_measurable_difference,3448607.5,4.131346957540206,64.71241394625805,8.433630358381272,,,,,,,,
conc.spawn-join,n10k,concurrency,baseline,,tasks,iter,True,,0,10,83730951.0,74288397.592674,41868953.0,108262884.0,15975424.216505375,0.10827819561789719,1194323.665112528,19888.0,13804.941981656188,2.1763427562181197,168810980.76923078,8128288.461538462,6.0,83730951.0,10,74520560.5,73621334.5812982,50627584.0,102323009.0,11622241.458875697,0.1539808943744087,1343046.3105964656,6478.0,5688.052800527827,2.043944451738768,149156250.0,41574780.21978022,4.0,74520560.5,200066.17857142858,7310132.571428571,35.5,0.01697973103044616,899010.0,100002.07692307692,12880260.923076924,1448439.0,0.890000168515941,0.7220255473729934,1.0985104040167968,0.3846730627355087,False,no_measurable_difference,-9210390.5,-10.999983148405898,-67.42759452936444,-11.643040446580507,,,,,,,,
conc.spawn-join,n1k,concurrency,baseline,,tasks,iter,True,,0,10,58700369.25,66792852.66327687,42192000.0,95838266.0,18206433.543957636,0.20090937891127725,1707004.656676143,19340.0,14036.145202097501,2.1348795198018777,139050793.75,9357628.205128204,6.0,58700369.25,10,65553444.5,68806596.96057315,49901844.0,104851364.0,9387251.182011941,0.18233055425820618,1528096.4847986323,4576.0,4470.71428481176,2.03101762142807,138638600.0,33476928.30882353,4.0,65553444.5,200106.51587301586,7210909.142857144,36.0,0.012695123787653126,1107125.0,100002.0,12808256.0,224567.0,1.1167467145021408,0.7277766160392841,1.4962592307855558,0.6775849579524755,False,no_measurable_difference,6853075.25,11.674671450214088,-76.33919338159255,-0.2964339425067108,,,,,,,,
cpu.csvparse,100MiB,cpu,baseline,,bytes,iter,True,,0,10,408440404.5,408924711.34000003,387540472.0,455468397.0,6603892.114388871,0.035292537199925915,256726976.10819936,209032.0,208896.0,0.9922806016068734,404724300.0,805100.0,3.0,408440404.5,10,407259505.5,414046625.73999995,389715817.0,487510284.0,8075943.937396235,0.04498712405624641,257472407.2800597,104792.0,104776.0,0.9915180261107883,410221700.0,4900.0,1.0,407259505.5,26.0,2664.0,0.0,,0.0,25.0,4890.0,104895845.0,0.9971087605756203,0.9846652978773311,1.0218073677985602,0.6775849579524755,False,no_measurable_difference,-1180899.0,-0.289123942437972,-49.86796279995407,1.3583073712154174,,,,,,,,
cpu.csvparse,10MiB,cpu,baseline,,bytes,iter,True,,0,10,40080554.25,41288628.071294874,38575528.0,69554838.0,747893.3867693605,0.08666808560991945,261616440.60324997,24594.0,24444.159264991664,0.9942720184290764,41000553.33333333,158306.15384615384,3.0,40080554.25,10,39773179.25,40843169.06054905,38893861.0,64747033.0,435478.4922383398,0.05592328742487729,263638017.88211426,12628.0,12620.0,0.996598107033052,40391061.538461536,160.0,1.0,39773179.25,26.0,2664.0,0.0,,0.0,25.0,4890.0,10524078.0,0.9923310691243747,0.9748452831472206,1.003258715080665,0.18587673236587576,False,no_measurable_difference,-307375.0,-0.7668930875625304,-48.65414328698057,-1.486545291027273,,,,,,,,
cpu.csvparse.rust-lto,100MiB,cpu,tuned,cpu.csvparse,bytes,iter,True,,0,10,403942927.5,413221841.56,388383817.0,467043627.0,11384637.74362297,0.04731792468832688,259585342.1950937,209036.0,208896.0,0.988184467340812,408115600.0,810900.0,3.0,403942927.5,10,372567167.5,380044898.03999996,357642657.0,446268111.0,11752059.284144044,0.053118938579511145,281446122.4829849,104676.0,104608.0,0.9911653339313908,376292300.0,5800.0,1.0,372567167.5,26.0,2664.0,0.0,,0.0,0.0,0.0,,0.9223262548643087,0.8909561241940726,0.9568653509897678,0.00024612812790522973,True,rust_faster,-31375760.0,-7.767374513569123,-49.924414933312924,-7.797619105959194,,,,,,,,
cpu.fib,n35,cpu,baseline,,calls,iter,True,,0,10,52036467.25,53721864.60178362,51143987.0,121015868.0,988133.6927085337,0.030791863400683673,573844871.470274,3428.0,3328.0,0.989270503221962,51971875.0,199550.0,3.0,52036467.25,10,26888947.5,27805148.296173226,26080848.0,48816062.0,337793.9436395483,0.083829415587938,1110522779.322307,2388.0,2356.0,0.9865892044755642,27011640.765765764,0.0,1.0,26888947.5,0.0,0.0,0.0,,0.0,0.0,0.0,37424.0,0.5167327630220708,0.5061723630784859,0.5213273368679272,0.00018267179110955002,True,rust_faster,-25147519.75,-48.326723697792914,-30.33838973162194,-48.02642628197316,,,,,,,,
cpu.fib.rust-lto,n35,cpu,tuned,cpu.fib,calls,iter,True,,0,10,51755613.75,53185624.55248538,50978517.0,70249759.0,672641.568083257,0.05325432703520194,576960697.9723743,3426.0,3328.0,0.9932562950341877,52413421.05263158,200342.1052631579,3.0,51755613.75,10,25025334.0,25782213.693114035,24575610.0,44071532.0,230543.59953750853,0.0743755478748222,1193219564.6637974,2214.0,2144.0,0.9899706490968646,25320725.0,0.0,1.0,25025334.0,0.0,0.0,0.0,,0.0,0.0,0.0,,0.48352888096124647,0.47611433347895515,0.48777125460464266,0.00018267179110955002,True,rust_faster,-26730279.75,-51.647111903875356,-35.37653239929948,-51.69037912145844,,,,,,,,
cpu.mandelbrot,w4000,cpu,baseline,,pixels,iter,True,,0,10,1566885004.0,1567610948.7199998,1536448288.0,1608511072.0,12773549.222563403,0.009307439126986138,10211344.485515343,5384.0,5248.0,0.9924274561922373,1554783700.0,2774900.0,3.0,1566885004.0,10,1532019984.0,1536080109.94,1500883465.0,1617367943.0,8511100.812977921,0.00919232934629085,10443727.998457305,4342.0,4296.0,0.9905518000814475,1520652000.0,300.0,1.0,1532019984.0,0.0,0.0,0.0,,0.0,0.0,0.0,2037283.0,0.977748832932222,0.9743802044772776,0.9887844239690388,0.00018267179110955002,True,rust_faster,-34865020.0,-2.2251167067778,-19.35364041604755,-2.1952699915750338,,,,,,,,
cpu.mandelbrot.rust-lto,w4000,cpu,tuned,cpu.mandelbrot,pixels,iter,True,,0,10,1564096346.5,1561254048.6600003,1532451495.0,1593572139.0,9158528.00165997,0.008716784687424478,10229551.002146225,5384.0,5248.0,0.9936557428340047,1550642800.0,3529500.0,3.0,1564096346.5,10,1529088316.0,1532924380.8799999,1500932592.0,1581105379.0,14245277.946849892,0.012553937409866888,10463755.102165135,4198.0,4128.0,0.9920875024787336,1518317100.0,0.0,1.0,1529088316.0,0.0,0.0,0.0,,0.0,0.0,0.0,,0.9776177275918213,0.9725487215628594,0.9859954265488884,0.00024612812790522973,True,rust_faster,-35008030.5,-2.238227240817866,-22.028231797919762,-2.0846645017150305,,,,,,,,
cpu.matmul,n1024,cpu,baseline,,flops,iter,True,,0,10,1080325455.5,1086281130.24,1026913940.0,1228719247.0,20179209.70513806,0.037424111381450034,1987836698.379968,28258.0,28160.0,0.9926967498754167,1080885500.0,2401000.0,3.0,1080325455.5,10,368285648.5,370011698.3,308094032.0,432538058.0,28568761.599971212,0.08659250017112578,5831079151.559392,26972.0,26956.0,0.9951547133889456,368009300.0,1000.0,1.0,368285648.5,0.0,0.0,0.0,,0.0,0.0,0.0,25203159.0,0.34090249991336985,0.31826765781133964,0.3602365329007013,0.00018267179110955002,True,rust_faster,-712039807.0,-65.90975000866301,-4.550923632245736,-65.95298021853378,,,,,,,,
cpu.matmul,n256,cpu,baseline,,flops,iter,True,,0,10,16211303.75,16878205.812790595,15705475.0,32035327.0,417647.08415633516,0.09168809472621928,2069817165.510549,4980.0,4864.0,0.995865181705139,16610615.027322404,26.331719128329297,3.0,16211303.75,10,4182675.5,4392047.5887299385,4087304.0,11284103.0,63605.42321673959,0.1093689173982513,8022278582.70141,3932.0,3868.0,0.9984020505187103,4324915.770404272,0.0,1.0,4182675.5,0.0,0.0,0.0,,0.0,0.0,0.0,1611189.0,0.25800981614449114,0.2547242198679088,0.26144938672382334,0.00018267179110955002,True,rust_faster,-12028628.25,-74.19901838555089,-21.044176706827308,-73.9629401843922,,,,,,,,
cpu.matmul,n512,cpu,baseline,,flops,iter,True,,0,10,129536660.75,131789040.925,126599066.0,159876797.0,3158869.5864101048,0.02813059166420646,2072284071.9588404,9640.0,9472.0,0.9967939618316153,130410375.0,464000.0,3.0,129536660.75,10,41459335.75,42127846.950008854,36035928.0,61858256.0,2281413.409281152,0.06757726117599196,6474724285.134441,8542.0,8476.0,0.9995077091214539,42222145.833333336,0.0,1.0,41459335.75,0.0,0.0,0.0,,0.0,0.0,0.0,6328885.0,0.3200587039217776,0.30215473635297646,0.33260943656613357,0.00018267179110955002,True,rust_faster,-88077325.0,-67.99412960782225,-11.390041493775934,-67.62362976616443,,,,,,,,
cpu.matmul-rows,n512,cpu,idiomatic,cpu.matmul,flops,iter,True,,0,10,88248988.75,91873526.11666664,85607544.0,160256596.0,1876522.4944168143,0.09711885710204307,3041796766.7499847,9634.0,9472.0,0.9927231797637368,91482681.81818181,166625.0,3.0,88248988.75,10,39928721.5,40696519.22485792,35170857.0,66568842.0,2356879.8936895607,0.09130816599176461,6723811524.565054,8540.0,8524.0,0.9991531711607611,40528660.0,0.0,1.0,39928721.5,0.0,0.0,0.0,,0.0,0.0,0.0,6328890.0,0.4524552866335253,0.4336493147633944,0.4813582154916347,0.00018267179110955002,True,rust_faster,-48320267.25,-54.75447133664747,-11.35561552833714,-55.69799748486921,,,,,,,,
cpu.matmul.rust-lto,n512,cpu,tuned,cpu.matmul,flops,iter,True,,0,10,130696055.25,134230781.33392859,126951806.0,163627867.0,6076217.781514835,0.0363598991241213,2053893261.8203175,9636.0,9472.0,0.9949929181165376,131732000.0,785.7142857142857,3.0,130696055.25,10,42234330.0,43785616.635967344,36147367.0,64874113.0,3170974.727264095,0.0880218631999911,6356121008.822741,8432.0,8352.0,0.999791191192242,43625762.68115942,0.0,1.0,42234330.0,0.0,0.0,0.0,,0.0,0.0,0.0,,0.32314923292223846,0.3072695101744473,0.3570155911586718,0.00018267179110955002,True,rust_faster,-88461725.25,-67.68507670777615,-12.49481112494811,-66.88294212404016,,,,,,,,
cpu.nbody,10M,cpu,baseline,,steps,iter,True,,0,10,874861775.5,886288568.54,841580527.0,956028452.0,15514176.07989028,0.018831492616463934,11430390.972258834,3424.0,3328.0,0.9918739850408602,873860500.0,1600800.0,3.0,874861775.5,10,473950609.5,477576297.78000003,463640630.0,502717076.0,5883779.103799828,0.022840789101257974,21099266.954572164,2384.0,2378.0,0.991626539415774,473664900.0,0.0,1.0,473950609.5,0.0,0.0,0.0,,0.0,0.0,0.0,37782.0,0.5417434191008383,0.5313072120617476,0.5488873185184854,0.00018267179110955002,True,rust_faster,-400911166.0,-45.825658089916175,-30.373831775700932,-45.79627984100437,,,,,,,,
cpu.nbody.rust-lto,10M,cpu,tuned,cpu.nbody,steps,iter,True,,0,10,880543455.0,889198376.2,831979442.0,1015196897.0,12044986.556028537,0.031732536146685426,11356623.129237335,3426.0,3328.0,0.9910084893241,881017900.0,1999500.0,3.0,880543455.0,10,467717398.0,469681269.48,436595105.0,509727355.0,6799242.804358982,0.03108771587694822,21380462.659321398,2212.0,2208.0,0.9951792988155915,467547100.0,0.0,1.0,467717398.0,0.0,0.0,0.0,,0.0,0.0,0.0,,0.5311690131181545,0.523957089579023,0.5371895163054221,0.00018267179110955002,True,rust_faster,-412826057.0,-46.88309868818456,-35.43490951546994,-46.93103284280603,,,,,,,,
cpu.sha256-lib,256MiB,cpu,baseline,,bytes,iter,True,,0,10,765719313.0,773972528.1200001,740559388.0,835551776.0,13608161.662828648,0.029323681849714414,350566464.73887956,265928.0,265856.0,0.9930506069976819,766137300.0,2298600.0,3.0,765719313.0,10,1289550608.5,1299330768.66,1249405286.0,1388985817.0,26961989.18709382,0.020957981098980078,208165237.6390308,264536.0,264470.0,0.9921600574801275,1292438700.0,2100.0,1.0,1289550608.5,0.0,0.0,0.0,,0.0,0.0,0.0,268472701.0,1.6841035436963048,1.65376193115788,1.727083401906005,0.00018267179110955002,True,go_faster,523831295.5,68.41035436963048,-0.5234499563791702,68.69544140456286,,,,,,,,
cpu.sha256-lib,64MiB,cpu,baseline,,bytes,iter,True,,0,10,189268166.75,192877673.95666668,185331277.0,233626388.0,6285182.496707387,0.020602195236372856,354570456.14506507,69092.0,68992.0,0.9964241368372773,190306833.3333333,18000.0,3.0,189268166.75,10,322144257.0,328595462.84000003,313506666.0,367808220.0,8618187.09848774,0.031122387994069765,208319326.35295075,67924.0,67890.0,0.9876649874882669,323217400.0,1600.0,1.0,322144257.0,0.0,0.0,0.0,,0.0,0.0,0.0,67146107.0,1.7020519748865799,1.65105217058379,1.7340988192644204,0.00018267179110955002,True,go_faster,132876090.25,70.20519748865797,-1.6904996236901522,69.84014411813905,,,,,,,,
cpu.sha256-portable,256MiB,cpu,baseline,,bytes,iter,True,,0,10,1639781061.0,1648147824.6399999,1580309704.0,1754936117.0,22655946.975762405,0.021995267795756883,163702014.4791305,265922.0,265779.47083274357,0.9903819568147492,1629694500.0,3556600.0,3.0,1639781061.0,10,1220627908.5,1227267842.8800004,1174872860.0,1287984688.0,19095639.53889617,0.018848980561905763,219915916.29854995,264534.0,264496.0,0.9928317172214831,1209979200.0,4900.0,1.0,1220627908.5,0.0,0.0,0.0,,0.0,0.0,0.0,268472706.0,0.744384684962525,0.7381237688005372,0.7628420840718411,0.00018267179110955002,True,rust_faster,-419153152.5,-25.5615315037475,-0.5219575665044637,-25.75423185142982,,,,,,,,
cpu.sha256-portable,64MiB,cpu,baseline,,bytes,iter,True,,0,10,415621278.0,417202801.94,395168146.0,455236059.0,10954907.036925271,0.03309898386178092,161466587.67900205,69096.0,68992.0,0.9900753052092841,410954000.0,1591100.0,3.0,415621278.0,10,301886171.0,307280969.84,293709353.0,376624281.0,6007089.4790213425,0.031145649058225772,222298674.6542202,67924.0,67916.0,0.9917884750695021,301974700.0,2200.0,1.0,301886171.0,0.0,0.0,0.0,,0.0,0.0,0.0,67146112.0,0.7263491716610332,0.7146865363530153,0.7463367558906003,0.00018267179110955002,True,rust_faster,-113735107.0,-27.365082833896683,-1.696190806993169,-26.51861278877928,,,,,,,,
cpu.sha256-portable.rust-lto,256MiB,cpu,tuned,cpu.sha256-portable,bytes,iter,True,,0,10,1651184027.0,1653087691.8600001,1581699946.0,1767378814.0,35657063.53221117,0.01790884689350206,162571576.8906644,265922.0,265779.08736142935,0.9915872500705649,1640050400.0,3557800.0,3.0,1651184027.0,10,1225525269.0,1229350845.9199998,1174916908.0,1331138655.0,21004131.333400626,0.027285194457968287,219037099.76411575,264360.0,264352.0,0.9906795395726149,1223803500.0,3900.0,1.0,1225525269.0,0.0,0.0,0.0,,0.0,0.0,0.0,,0.7422099832364718,0.7263007937899539,0.7588286678363297,0.00018267179110955002,True,rust_faster,-425658758.0,-25.77900167635282,-0.5873902873775017,-25.380128561902733,,,,,,,,
cpu.sieve,1e7,cpu,baseline,,numbers,iter,True,,0,10,37450859.5,38597986.746271476,35702004.0,64153950.0,1167426.6264835626,0.03509879883281744,267024902.17644864,13256.0,13184.0,0.9957968511072224,38643884.615384616,149970.08547008547,3.0,37450859.5,10,35374527.5,36125806.33557745,32878160.0,53655618.0,1070866.3688488156,0.06096060622297942,282689350.8173033,12152.0,12108.0,0.991700737574202,35802982.14285715,91.26984126984127,1.0,35374527.5,0.0,0.0,0.0,,0.0,0.0,0.0,10037335.0,0.9445584953797923,0.8965122020273963,0.968362799919,0.0028272720911168077,True,rust_faster,-2076332.0,-5.544150462020771,-8.328304164152083,-7.351493000257194,,,,,,,,
cpu.sieve,1e8,cpu,baseline,,numbers,iter,True,,0,10,1366840184.5,1363815128.3799999,1271304786.0,1462785113.0,36321008.842342705,0.02381167989044349,73161963.08349225,101250.0,101120.0,0.991498554206198,1353773300.0,3480100.0,3.0,1366840184.5,10,1321829014.0,1334185376.28,1232282703.0,1460478968.0,39108941.08556128,0.023563890388526063,75652785.98313786,100048.0,100016.0,0.9924400754404054,1315476800.0,1900.0,1.0,1321829014.0,0.0,0.0,0.0,,0.0,0.0,0.0,100037241.0,0.9670691782328119,0.9400567661583701,1.002706688530915,0.07566157214388704,False,no_measurable_difference,-45011170.5,-3.2930821767188103,-1.1871604938271605,-2.8288709786195367,,,,,,,,
cpu.sieve.rust-lto,1e8,cpu,tuned,cpu.sieve,numbers,iter,True,,0,10,1358824027.0,1366777412.6200001,1282473133.0,1490387860.0,26164794.9021404,0.018464652106026148,73593119.17974299,101248.0,101120.0,0.991246692272995,1342857000.0,3100900.0,3.0,1358824027.0,10,1379774317.5,1374661108.6,1295098294.0,1498699537.0,25197623.17051843,0.02422117910761546,72475776.75521992,99874.0,99796.0,0.9944437008810039,1361153000.0,600.0,1.0,1379774317.5,0.0,0.0,0.0,,0.0,0.0,0.0,,1.0154179570597186,0.991890944104341,1.029761440979602,0.3447042220069576,False,no_measurable_difference,20950290.5,1.5417957059718668,-1.3570638432364095,1.3624682300498117,,,,,,,,
cpu.sort-stable,1M,cpu,baseline,,elements,iter,True,,0,10,443337916.0,446862972.4599999,421547482.0,496053277.0,14961620.199212296,0.025494844922473302,2255634.794000765,34996.0,34816.0,0.998474690730965,444692100.0,759200.0,3.0,443337916.0,10,48290813.5,50307842.59796992,44734067.0,67886793.0,2027595.0448214752,0.07806528609387141,20708297.794141136,41458.0,41452.0,1.033965246012412,51491610.71428572,741.8546365914788,1.0,48290813.5,0.0,0.0,0.0,,0.0,1.0,8000000.0,40034495.0,0.10892552104656891,0.10600147975023384,0.11358830118446815,0.00018267179110955002,True,rust_faster,-395047102.5,-89.1074478953431,18.464967424848556,-88.42083978683549,,,,,,,,
cpu.sort-u64,10M,cpu,baseline,,elements,iter,True,,0,10,1100449221.5,1101732871.18,1066186061.0,1158984438.0,11493071.34758477,0.016783954464354794,9087200.1411364,160240.0,160128.0,1.0046329870053712,1103701700.0,2396800.0,3.0,1100449221.5,10,239697503.5,239937969.06,225169275.0,286150031.0,7254956.062931475,0.04099142549756421,41722591.832291394,158644.0,158512.0,1.028505130440854,246816800.0,0.0,1.0,239697503.5,0.0,0.0,0.0,,0.0,0.0,0.0,160037305.0,0.2178178682095601,0.2110876002659792,0.2216842470719568,0.00018267179110955002,True,rust_faster,-860751718.0,-78.218213179044,-0.9960059910134798,-77.63736342890475,,,,,,,,
cpu.sort-u64,1M,cpu,baseline,,elements,iter,True,,0,10,91624398.5,93669981.72727272,90348778.0,116232072.0,926802.8934713681,0.042787623879887896,10914136.294787966,19438.0,19328.0,1.010637379317866,94064500.0,183590.9090909091,3.0,91624398.5,10,18528947.75,19033657.391171243,17432308.0,29616843.0,457734.30805235327,0.08068725416605328,53972020.45511756,18016.0,17996.0,1.0472318428878573,19738775.506638713,20.408163265306122,1.0,18528947.75,0.0,0.0,0.0,,0.0,0.0,0.0,16037527.0,0.20222722389822836,0.19689284021553916,0.20575415291812257,0.00018267179110955002,True,rust_faster,-73095450.75,-79.77727761017717,-7.315567445210412,-79.01570145311068,,,,,,,,
cpu.sort-u64.rust-lto,10M,cpu,tuned,cpu.sort-u64,elements,iter,True,,0,10,1115758861.0,1105405835.64,1061313791.0,1170479091.0,20947216.961780448,0.01882621860533914,8962515.200529318,160238.0,160128.0,1.0046760882569061,1111467900.0,3174400.0,3.0,1115758861.0,10,238309077.5,241080799.99999994,226756810.0,270280190.0,9281977.268910255,0.04152853771329489,41965671.123386994,158486.0,158366.0,1.026469731767666,245799600.0,8100.0,1.0,238309077.5,0.0,0.0,0.0,,0.0,0.0,0.0,,0.21358475010130348,0.20917701033191247,0.2238239068348786,0.00018267179110955002,True,rust_faster,-877449783.5,-78.64152498986965,-1.0933736067599447,-77.88513730356046,,,,,,,,
io.lines,100MiB,io,baseline,,bytes,iter,True,,0,10,177065740.25,182768150.03000003,168158464.0,244575982.0,5384647.124321365,0.07605534695900307,592196150.1433136,3924.0,3716.4379721939285,0.9952341143800664,181550833.33333334,17349583.333333332,3.0,177065740.25,10,233372703.0,237034301.58,227154899.0,273001663.0,5395053.636749652,0.022009978100148247,449314711.1902647,2404.0,2272.0,0.9937569023177967,234395700.0,16392400.0,1.0,233372703.0,4.0,65720.0,0.0,,0.0,2.0,65792.0,100357.0,1.3180003238938256,1.2920122653805168,1.360374745009535,0.00018267179110955002,True,go_faster,56306962.75,31.800032389382565,-38.73598369011213,29.107476785656907,,,,,,,,
io.lines,10MiB,io,baseline,,bytes,iter,True,,0,10,17225868.0,18499778.024015773,16730779.0,38677616.0,447698.4005015231,0.12771540495668277,608719692.283187,7450.0,6528.910892071133,0.9909899239459627,18304244.276094276,1806851.923076923,3.0,17225868.0,10,23157324.5,23819904.069933556,22648041.0,35169037.0,185020.95297957322,0.08807118473193792,452803979.2985479,2468.0,2404.0,0.9940417692711208,23597643.41085271,1552952.380952381,1.0,23157324.5,4.073400673400673,65740.55218855219,1.0,0.00019605542413509534,23271.0,2.0,65792.0,100578.0,1.344334259382459,1.3235522240864432,1.3523077799707817,0.00018267179110955002,True,go_faster,5931456.5,34.4334259382459,-66.87248322147651,28.918971222820293,,,,,,,,
io.lines,1GiB,io,baseline,,bytes,iter,True,,0,10,1827743620.0,1841813332.3799999,1705156579.0,1985641160.0,57817975.75894177,0.026695296938299064,587475993.9230891,3786.0,3591.642444347211,0.9931749414599069,1821938800.0,159354700.0,3.0,1827743620.0,10,2415150645.0,2411570999.4800005,2324187437.0,2512403004.0,35871270.46429656,0.014865555143353134,444587473.5868485,2404.0,2272.0,0.9929391493374062,2396333200.0,136892000.0,1.0,2415150645.0,4.0,65704.0,0.0,,0.0,2.0,65792.0,100351.0,1.3213837097130723,1.268614813891886,1.3518109885913845,0.00018267179110955002,True,go_faster,587407025.0,32.13837097130723,-36.50290544109879,31.526547433975278,,,,,,,,
io.lines-idiomatic,100MiB,io,idiomatic,io.lines,bytes,iter,True,,0,10,434830862.0,448391647.66,398501769.0,535550635.0,23128270.14811217,0.05490165305232613,241145698.47559756,8246.0,8071.608777670695,0.9929329917331935,439449400.0,21463200.0,4.0,434830862.0,10,483434010.0,493326736.53999996,456423772.0,583634937.0,17869304.640087277,0.05971721135101089,216901696.54395592,2408.0,2272.0,0.9929700177480372,489225100.0,18271600.0,1.0,483434010.0,3926530.0,309393928.0,514.0,0.025754463555602618,173966.0,5891357.0,481932062.0,100361.0,1.1117748353381596,1.0387720409786436,1.149124423042682,0.0007685389131627665,True,go_faster,48603148.0,11.17748353381596,-70.79796264855688,11.326833077937984,,,,,,,,
io.read-buffered,100MiB,io,baseline,,bytes,iter,True,,0,10,23343166.5,23236196.51857803,17359577.0,33495261.0,1990205.3931875278,0.10925610545210618,4496171934.952621,6522.0,5901.072409516053,0.992424237665003,23307260.822510824,18401389.610389613,3.0,23343166.5,10,16445242.5,16364206.097636264,14358308.0,32450280.0,800368.6119052272,0.04973630456948861,6376168897.555315,2408.0,2272.0,0.995813619348229,16413242.622950818,13945254.098360656,1.0,16445242.5,5.093073593073592,65826.06060606061,1.0,0.00023634222757795773,56566.0,1.0,65536.0,1149183.0,0.7044992160767906,0.6336770480342441,0.7596935972046329,0.00018267179110955002,True,rust_faster,-6897924.0,-29.550078392320938,-63.07881018092609,-29.578843485981686,,,,,,,,
io.read-buffered,10MiB,io,baseline,,bytes,iter,True,,0,10,1122194.25,1356680.1865762302,875665.0,13312542.0,105981.02861670835,0.3729119497447442,9346432507.775835,6970.0,6916.083875110973,0.9894281481188849,1317637.2139312364,811116.6052416053,3.0,1122194.25,10,904498.25,970437.1619780054,765458.0,9255995.0,61685.61449037819,0.14739789017060018,11592976833.062271,2424.0,2272.0,0.9936917166150823,943539.3419554429,717072.2119898188,1.0,904498.25,5.0,65800.0,18.0,0.003573571713343979,112426.0,1.0,65536.0,1156860.0,0.8060086299675836,0.749313794414152,0.8640957953337404,0.00032983852077799353,True,rust_faster,-217696.0,-19.39913700324164,-65.22238163558106,-28.391568484898343,,,,,,,,
io.read-buffered,1GiB,io,baseline,,bytes,iter,True,,0,10,242689099.0,243151315.82,212152955.0,272946717.0,13290114.2438672,0.0391705569270702,4429833307.113839,3920.0,3665.0030332355063,0.9965649848974616,240249200.0,187304600.0,3.0,242689099.0,10,175307176.25,176073649.38571426,162695230.0,201117291.0,8299970.118837484,0.03816440586880265,6125034205.722108,2408.0,2272.0,0.9928882012808139,176228166.6666667,155004250.0,1.0,175307176.25,5.0,65800.0,0.0,,0.0,1.0,65536.0,1148697.0,0.7223529073714184,0.6689367194016946,0.7665027754945748,0.00018267179110955002,True,rust_faster,-67381922.75,-27.764709262858155,-38.57142857142858,-26.647761296742427,,,,,,,,
io.read-seq,100MiB,io,baseline,,bytes,iter,True,,0,10,18713473.0,18723861.479998574,15657432.0,26604961.0,984048.0484956063,0.045555373272465824,5603538183.401752,4432.0,4351.450459982218,0.9957406237149912,18589349.74271012,18327509.090909094,3.0,18713473.0,10,15834901.5,16164641.290542206,14525065.0,27890215.0,893865.0920209504,0.054452413834478824,6624779239.593191,3368.0,3298.0,0.9946499844852157,15998310.483870968,15806711.693548387,1.0,15834901.5,3.0,168.0,0.0,,0.0,0.0,0.0,1086245.0,0.8461765221239265,0.7973099167423155,0.9193882607612816,0.00018267179110955002,True,rust_faster,-2878571.5,-15.382347787607356,-24.0072202166065,-13.938299589286268,,,,,,,,
io.read-seq,10MiB,io,baseline,,bytes,iter,True,,0,10,909824.25,1055041.6956018382,642218.0,5793715.0,55094.55331117889,0.33133964211023376,11525296987.085802,4800.0,4638.849662015786,0.9911091037294859,1043038.804219747,993461.2009096206,3.0,909824.25,10,885998.25,939047.9473064659,730831.0,11073869.0,63907.68635122592,0.19499477054597442,11843416847.763021,3384.0,3296.0,0.9898353179885924,909863.6602758943,897882.2866156354,1.0,885998.25,3.0,168.0,0.0,,0.0,0.0,0.0,1094178.0,0.9738125247815719,0.9344501329469102,1.0624060030806,0.6231762238821174,False,no_measurable_difference,-23826.0,-2.6187475218428173,-29.5,-12.767995150810837,,,,,,,,
io.read-seq,1GiB,io,baseline,,bytes,iter,True,,0,10,205107218.5,201717274.18,185388424.0,219034513.0,7700687.821066519,0.02575074464762398,5235077505.004364,4358.0,4209.072843062997,0.9946865343827426,203269300.0,198502800.0,3.0,205107218.5,10,177916526.0,177764688.38333336,162427037.0,221789545.0,4640787.123526156,0.022904446489482054,6035150201.466751,3368.0,3296.0,0.9953621704955494,177428750.0,175821083.3333333,1.0,177916526.0,3.0,168.0,0.0,,0.0,0.0,0.0,1086015.0,0.8674318110359436,0.8373636908347036,0.9238024203182464,0.00018267179110955002,True,rust_faster,-27190692.5,-13.256818896405637,-22.716842588343276,-12.71247059934776,,,,,,,,
io.write-buffered,100MiB,io,baseline,,bytes,iter,True,,0,10,44720096.0,45925572.74270422,34913364.0,78535539.0,1155200.4672148612,0.11590652686005024,2344815045.444477,6608.0,5805.318970281914,1.1323585853756644,51502363.63636364,37022083.99209486,3.0,44720096.0,10,41551390.0,43245958.298271224,39082756.0,64022471.0,1797073.3337775464,0.09028940890823489,2523564487.0823026,3496.0,3392.0,1.1918658234926958,50708541.66666667,42590687.5,1.0,41551390.0,6.0,65752.0,0.0,,0.0,1.0,65536.0,1148677.0,0.9291435778670958,0.900568494847475,0.9539758596577912,0.0022022199424970783,True,rust_faster,-3168706.0,-7.085642213290419,-47.09443099273607,-1.5413311422011797,,,,,,,,
io.write-buffered,10MiB,io,baseline,,bytes,iter,True,,0,10,4225488.5,4469207.727896152,2603752.0,13736562.0,326890.1951380276,0.25260782241926516,2482161249.989868,7896.0,7754.867832751614,1.1336261065691904,5088521.201697744,3357120.047456681,3.0,4225488.5,10,3925264.5,4071838.465499278,2777803.0,10948472.0,193315.41044918305,0.15933090113149462,2671388588.6674824,3498.0,3424.0,1.1816491723858107,4825607.491189247,3624156.433423465,1.0,3925264.5,6.0,65752.0,5.0,0.0009114575745151804,121360.0,1.0,65536.0,1149571.0,0.9289492800654883,0.8863083384108317,1.0093894278155315,0.03763531378731424,False,no_measurable_difference,-300224.0,-7.105071993451172,-55.69908814589666,-5.166799942206754,,,,,,,,
io.write-buffered,1GiB,io,baseline,,bytes,iter,True,,0,10,451288809.5,774364787.5400001,408895681.0,2598826124.0,11775612.322155012,0.6968061870221214,2379341040.927855,4936.0,4731.1980949426525,1.0710093106603669,801333000.0,648986700.0,3.0,451288809.5,10,444277951.5,688886944.2,392273493.0,1422106478.0,373692711.221825,0.5452423931924066,2416826573.72316,3496.0,3424.0,1.1166547880717537,751604300.0,654105000.0,1.0,444277951.5,6.0,65752.0,0.0,,0.0,1.0,65536.0,1148583.0,0.9844648086714856,0.9190503355944778,1.8707881471710965,0.27303633975118835,False,no_measurable_difference,-7010858.0,-1.553519132851443,-29.17341977309562,-6.205747173771703,,,,,,,,
io.write-fsync,100MiB,io,baseline,,bytes,iter,True,,0,10,124724937.75,127259582.49027777,100335462.0,247357242.0,8163411.133706698,0.04922942037866465,840835349.7996804,4182.0,4080.0,0.2934649543875405,36945437.5,36866951.38888889,3.0,124724937.75,10,123530413.25,128160457.80952379,103689889.0,304850859.0,16926647.594301548,0.05160652793904924,848872208.6067308,3432.0,3424.0,0.29313272437912063,34626527.777777776,34126965.277777776,1.0,123530413.25,4.0,152.0,0.0,,0.0,0.0,0.0,1086035.0,0.9904227292348358,0.8774826562413999,1.105198937206689,0.9698499769931556,False,no_measurable_difference,-1194524.5,-0.9577270765164202,-17.93400286944046,-6.276579407733969,,,,,,,,
io.write-fsync,10MiB,io,baseline,,bytes,iter,True,,0,10,14224400.5,13756052.590170627,9755063.0,35693916.0,1292062.1997662669,0.07475758561022154,737176819.9642001,4222.0,4080.0,0.26833194408651617,3746405.936073059,3655208.8694458744,3.0,14224400.5,10,14357032.5,13960953.317827696,9531396.0,95694377.0,1535949.2111804457,0.06966871870051577,730426931.562329,3434.0,3360.0,0.248386584461753,3567717.1497584544,3518881.148564295,1.0,14357032.5,4.0,152.0,0.0,,0.0,0.0,0.0,1086513.0,1.009324259394974,0.8878051192566441,1.122627233709451,0.9097218891455553,False,no_measurable_difference,132632.0,0.932425939497415,-18.664140217906205,-4.769605573012314,,,,,,,,
io.write-seq,100MiB,io,baseline,,bytes,iter,True,,0,10,26044093.0,26614418.194580004,22869877.0,37781043.0,514723.5614709474,0.08745851188199497,4026252067.2793713,4372.0,4156.036864757815,1.1594950827948465,30901934.210526317,30533539.473684214,3.0,26044093.0,10,23290965.5,24069592.516755026,21354808.0,46790515.0,604109.5152938284,0.07116995798692904,4502103011.426037,3432.0,3424.0,1.178059167635138,27977209.302325584,27884523.255813956,1.0,23290965.5,4.0,152.0,0.0,,0.0,0.0,0.0,1086185.0,0.8942897531505513,0.8838904399961827,0.9307237251092658,0.00018267179110955002,True,rust_faster,-2753127.5,-10.571024684944874,-21.50045745654163,-9.464536712412217,,,,,,,,
io.write-seq,10MiB,io,baseline,,bytes,iter,True,,0,10,2061015.25,2173833.396027755,1383754.0,11512482.0,231424.3449299,0.17500303278096063,5087955130.740783,4514.0,4318.532470161088,1.1608957644664186,2432015.6576200416,2382084.5511482256,3.0,2061015.25,10,1788658.5,1891177.3701776352,1405597.0,10991250.0,143233.6428288585,0.14549506495048503,5863047243.110996,3438.0,3424.0,1.169934553170446,2163295.5126204332,2148672.1122548026,1.0,1788658.5,4.0,152.0,0.0,,0.0,0.0,0.0,1087975.0,0.8678531126831789,0.7852130024856786,0.9631660901102017,0.0028272720911168077,True,rust_faster,-272356.75,-13.214688731682116,-23.836951705804164,-11.049276930337554,,,,,,,,
io.write-seq,1GiB,io,baseline,,bytes,iter,True,,0,10,275929967.0,326844541.62,247398055.0,2460620434.0,4188637.937525702,0.04903859374540667,3891511672.9650965,4262.0,3975.9296771398576,1.1481882792014226,318482900.0,314928300.0,3.0,275929967.0,10,243801364.5,285336139.18,213318126.0,2372858848.0,10797457.330992762,0.02118628857212266,4404193191.003156,3430.0,3424.0,1.1852241216463355,291802700.0,287871200.0,1.0,243801364.5,4.0,152.0,0.0,,0.0,0.0,0.0,1085963.0,0.8835624747492541,0.8505349193712353,0.9010251847895699,0.00018267179110955002,True,rust_faster,-32128602.5,-11.643752525074596,-19.52135147817926,-8.377278654521168,,,,,,,,
json.decode,arr-100k,json,baseline,,bytes,op,True,,0,10,443982793.5,446898454.3,396777032.0,543472694.0,14502173.958579173,0.06574983022057546,83135029.68038154,372580.0,311668.7140088609,0.9913965365851634,440130000.0,4391100.0,3.0,442499071.5,10,186057166.0,188071416.0833333,173613743.0,243036274.0,5224786.2216349915,0.04232049925810167,198383018.2872306,210636.0,174540.0,0.9897036480612904,186649333.3333333,29833.333333333336,1.0,183500799.5,912494.8,133577179.19999999,6.0,0.0761982377492383,49848.0,974696.0,89060681.0,161688375.0,0.419063911313491,0.4026918138297765,0.43005649588463685,0.00018267179110955002,True,rust_faster,-257925627.5,-58.09360886865089,-43.46556444253583,-57.592226539128596,497025023.5,541065215.5,541065215.5,543472694.0,217055231.5,242221055.5,242221055.5,243036274.0
json.decode,arr-10k,json,baseline,,bytes,op,True,,0,10,43331153.0,44718966.43256164,40066571.0,72714416.0,1352940.8168272027,0.07985854107679713,84549159.96428916,41060.0,32406.58341000467,0.9957633441850742,44544500.0,1518155.138339921,3.0,43253759.5,10,15817401.0,16198662.083759224,15090108.0,30859909.0,172496.97824924998,0.036123824236430666,231618714.3529501,24644.0,20984.0,0.9985181537800301,15893293.650793651,0.0,1.0,15794175.5,91376.78409090909,12000494.469696969,23.0,0.0639677613192706,90390.0,97587.0,10460648.0,16787292.0,0.36503531304602027,0.3518064613077891,0.3732982154234225,0.00018267179110955002,True,rust_faster,-27513752.0,-63.49646869539798,-39.980516317584026,-64.320412956047,55836671.5,70778879.5,72876031.5,72714416.0,17956863.5,25559039.5,30801919.5,30859909.0
json.decode,arr-1k,json,baseline,,bytes,op,True,,0,10,4010900.25,4197918.384871716,3398463.0,8498438.0,59900.932566016636,0.1661048916561842,90896208.80514458,10274.0,9429.53006745103,0.9974404039586009,4127745.902203857,65215.354090354085,3.0,4014079.5,10,1477137.1666666665,1564522.7421152818,1446005.6666666667,2976245.3333333335,29965.438406874295,0.15437364018406316,246809852.93794376,4864.0,4510.0,0.9963799561858739,1543201.063257447,0.0,1.0,1482751.5,9187.797435897435,881918.688,96.0,0.04602637695939517,78086.0,9778.0,749724.0,1458974.0,0.36828070373145444,0.36403734844165697,0.3725327365332035,0.00018267179110955002,True,rust_faster,-2533763.0833333335,-63.17192962685456,-52.657192914152226,-62.613952025644025,5799935.5,8028159.5,8978431.5,9310595.0,2408447.5,2637823.5,3293183.5,6470976.0
json.decode,obj-100KiB,json,baseline,,bytes,op,True,,0,10,996468.75,1021804.0526032739,877324.375,2086720.75,30063.885333654234,0.07142574959889769,102932766.63523947,9694.0,9348.261639546872,0.9933382970117642,1001938.7307170638,4256.33879854025,3.0,970751.5,10,383658.8568376069,402870.0383828649,364972.25925925927,761904.8846153846,2913.7729547440863,0.12236020488757426,267339443.46319893,3304.0,3152.0,0.9920193269744733,395270.0204207868,0.0,1.0,382975.5,1875.1432938921205,193033.7765071391,71.5,0.017747678096011785,84314.0,1827.0,170371.0,422550.0,0.3850184532506482,0.3792952343849841,0.3903934488247151,0.00018267179110955002,True,rust_faster,-612809.8931623931,-61.49815467493518,-65.91706210026821,-60.54948188918683,1302527.5,1859583.5,2637823.5,4298817.0,585727.5,716799.5,1302527.5,8585159.0
json.decode,obj-10KiB,json,baseline,,bytes,op,True,,0,10,93040.66895604396,96708.79992305387,82750.82022471911,202033.41758241758,1874.7602999616654,0.18218348970916326,112059158.26745766,9524.0,9360.415793088097,0.9977681261063831,97033.99397846623,750.3810265778351,3.0,86527.5,10,27014.51822169059,27925.569640309626,26376.976608187135,55725.508771929824,389.4836200540274,0.06953213816079958,385940747.2690126,2880.0,2768.0,0.9950541237872987,27603.998061606962,0.0,1.0,25727.5,155.01227963975305,17816.835793486287,63.5,0.012560806777512087,63686.0,197.0,19445.0,106009.0,0.29035171957387046,0.2882857450770198,0.2976495207989573,0.00018267179110955002,True,rust_faster,-66026.15073435337,-70.96482804261296,-69.76060478790424,-71.55223965352509,158719.5,211967.5,468991.5,4180486.0,45823.5,57599.5,110079.5,3115839.0
json.decode,obj-1KiB,json,baseline,,bytes,op,True,,0,10,9537.219841738475,10127.871023769776,8581.43359375,22519.59765625,198.63518322032817,0.21527433670170326,112088026.87588322,9244.0,8935.218702010541,0.9967948682411645,10239.351312551044,21.511704235058346,3.0,8511.5,10,2744.567193342474,2855.2573750370493,2682.412169603524,5389.618970189702,21.71987889347188,0.11176327349302093,389500505.1853668,2816.0,2768.0,1.0069159702973627,2863.4872930295733,0.0,1.0,2607.5,15.00066189134948,976.0450086117646,32.0,0.006700196607903772,76906.0,25.0,1519.0,70978.0,0.28777434502780486,0.28034538964738354,0.29276473330128644,0.00018267179110955002,True,rust_faster,-6792.652648396001,-71.22256549721952,-69.53699697100822,-72.03448533385499,16511.5,31359.5,99839.5,2296816.0,4127.5,5983.5,30335.5,2301522.0
json.decode,obj-1MiB,json,baseline,,bytes,op,True,,0,10,11248430.25,11481278.559520837,9586195.0,23301588.0,237327.564904173,0.07772905323842283,93228212.36849406,18018.0,14196.467169908032,0.9945564063581558,11234983.146067414,158185.9173126615,3.0,11206655.5,10,3741836.75,3938889.125880254,3628610.0,8768274.5,68859.68568943095,0.10176807538552007,280256833.342296,8228.0,7066.0,0.9901210013185995,3820426.163213377,0.0,1.0,3751935.5,19532.133226324237,2329629.7100053504,50.0,0.03980171692294669,160587.0,18578.0,2286573.0,4744884.0,0.3326541274503613,0.3268008760642812,0.3389693367829686,0.00018267179110955002,True,rust_faster,-7506593.5,-66.73458725496386,-54.33455433455433,-65.99526573788727,13565951.5,20054015.5,23199743.5,23301588.0,5275647.5,6586367.5,8716287.5,11292678.0
json.decode-dynamic,arr-100k,json,baseline,,bytes,op,True,,0,10,1296833829.0,1325779008.3799999,909272074.0,2101225602.0,51402694.74004439,0.18570009525703926,28461988.571687795,840140.0,812391.1872579146,0.9911666317583832,1306654200.0,110114100.0,3.0,1300234239.5,10,445645710.5,447729935.64000005,412588518.0,510651710.0,15004785.505195394,0.04409699179546189,82824908.69820377,617152.0,616680.8267422445,0.9921315508837225,444827400.0,429500.0,1.0,442499071.5,6064093.6,252924904.0,4.0,0.12492060643523088,83008.0,2874696.0,234935561.0,498457599.0,0.34364133671901614,0.3301441935807744,0.3572599026439139,0.00018267179110955002,True,rust_faster,-851188118.5,-65.63586632809839,-26.541766848382416,-65.95676193441233,1686110207.5,2105540607.5,2105540607.5,2101225602.0,497025023.5,509607935.5,509607935.5,510651710.0
json.decode-dynamic,arr-10k,json,baseline,,bytes,op,True,,0,10,119604780.0,118850923.6138889,88238586.0,171731048.0,3162352.5637351247,0.13664075306322127,30630954.53355252,91864.0,84660.75821963383,0.9907283641235434,116642333.33333333,1109000.0,3.0,119013375.5,10,41501176.5,42455505.22955797,37882401.0,64578175.0,962820.2071862754,0.07877288664137641,88277517.25574693,64424.0,64374.0,0.9933203205871572,42135437.5,0.0,1.0,41680895.5,607375.5555555555,25065475.666666664,6.5,0.13688033908066732,56967.0,287587.0,23685736.0,50051244.0,0.3469859356791593,0.3372710958351768,0.35509130621712487,0.00018267179110955002,True,rust_faster,-78103603.5,-65.30140643208406,-29.87024296786554,-63.87637635849763,149946367.5,170917887.5,170917887.5,171731048.0,48496639.5,61079551.5,64749567.5,64578175.0
json.decode-dynamic,arr-1k,json,baseline,,bytes,op,True,,0,10,11919549.0,11745823.680408224,8331775.0,25671418.0,235719.93741717216,0.17758817462885207,30586099.187716167,16388.0,14713.76513275032,0.9925516749903742,11606072.454844005,156061.33540372673,3.0,11862015.5,10,3266722.0,3374739.8450067965,2846148.0,6795364.0,112892.02316616291,0.08175003002951534,111607552.87912223,9008.0,8912.0,0.9922874742383927,3315313.222958057,0.0,1.0,3260415.5,60937.16954022988,2477441.8994708993,50.5,0.11257790275614413,93175.0,28778.0,2328572.0,5021305.0,0.274064228436831,0.26826017812134034,0.28319883719314104,0.00018267179110955002,True,rust_faster,-8652827.0,-72.5935771563169,-45.03295093971199,-71.43466718946468,15269887.5,21626879.5,25559039.5,25671418.0,3948543.5,5603327.5,7176191.5,8841530.0
json.decode-dynamic,obj-100KiB,json,baseline,,bytes,op,True,,0,10,2470978.583333333,2539043.3876396925,1921444.5,5077438.666666667,47790.87407676588,0.15680477071988524,41508665.097039804,9934.0,9401.47228328932,0.9944690173261886,2527651.3597513596,20107.597340930675,3.0,2342911.5,10,780965.3205128205,814612.9543342795,738815.4285714285,1521362.7142857143,7480.314680400197,0.12957766405026042,131333748.30918346,4040.0,3920.0,0.9910803213588988,808343.1412994241,0.0,1.0,774143.5,13790.456416632132,549688.0611256927,91.0,0.0511475846172561,119485.0,5809.0,437022.0,1024944.0,0.3160550746090659,0.3113105074253927,0.31942152010569336,0.00018267179110955002,True,rust_faster,-1690013.2628205125,-68.3944925390934,-59.33158848399436,-68.01999064542906,3555327.5,4816895.5,6455295.5,8298517.0,1073151.5,1417215.5,2441215.5,5293425.0
json.decode-dynamic,obj-10KiB,json,baseline,,bytes,op,True,,0,10,228227.32236842107,231496.04280093143,179046.91666666666,516118.6666666667,6904.511248667785,0.11526489585470565,45682729.14800634,9426.0,9170.539492812883,0.9920816827225678,228905.21626054705,2207.6481504546023,3.0,203775.5,10,51997.198922964584,54510.25298682875,50220.39473684211,117528.32121212121,952.1571993915022,0.15510429012696758,200513417.72075123,2972.0,2896.0,0.9935588053659847,54489.29877968339,0.0,1.0,49407.5,1366.0363761107365,52434.538920535866,79.5,0.016779473626252345,97164.0,595.0,44848.0,162789.0,0.22783073640511342,0.22361608811255046,0.23703730369432582,0.00018267179110955002,True,rust_faster,-176230.1234454565,-77.21692635948867,-68.47018883938044,-76.19569371557616,346111.5,489471.5,823295.5,3714675.0,82431.5,109055.5,187391.5,3166731.0
json.decode-dynamic,obj-1KiB,json,baseline,,bytes,op,True,,0,10,25370.183533676478,26384.647051759162,20600.396341463416,58344.0635359116,975.6179590277728,0.18433890571868075,42136500.73362926,9098.0,8821.893628312802,0.9861318272158663,26120.566621555372,147.3124040157635,3.0,21375.5,10,5001.723303440443,5268.257218348957,4883.635411471321,14049.762094763093,313.037095566351,0.10308771783574663,213727798.02226692,2820.0,2768.0,0.9989721192907415,5135.061108717835,0.0,1.0,4767.5,155.0034871205719,5200.249554290228,66.5,0.012242901491485266,134678.0,71.0,5052.0,76480.0,0.19714966968217382,0.19385651997323577,0.20387037232062377,0.00018267179110955002,True,rust_faster,-20368.460230236036,-80.28503303178263,-69.00417674214113,-80.34092757972468,45311.5,79359.5,211967.5,4119477.0,8383.5,11455.5,42239.5,2115101.0
json.decode-dynamic,obj-1MiB,json,baseline,,bytes,op,True,,0,10,28728595.5,27882115.79376337,20583002.0,56275786.0,374471.4481579188,0.11351931779205049,36502701.90543442,27256.0,25132.69716819907,0.9926308439867015,27462122.74774775,170407.14285714284,3.0,28442623.5,10,8172625.25,8367396.139105713,6960888.0,16789581.0,248094.95122000837,0.10395972471912801,128315171.14498264,15132.0,15056.0,0.9951397300893339,8271298.216847715,12.0,1.0,8159231.5,141345.35214626393,5688815.567567568,25.0,0.11424924071798569,65210.0,59264.0,4553878.0,9958996.0,0.28447702046554973,0.2765269656811689,0.29349397165823893,0.00018267179110955002,True,rust_faster,-20555970.25,-71.55229795344503,-44.48194892867626,-69.88106748766874,31850495.5,38535167.5,56360959.5,56275786.0,9895935.5,13565951.5,15663103.5,16789581.0
json.decode-fast,arr-100k,json,tuned,json.decode,bytes,op,True,,0,10,139534359.75,145072462.6232143,112917744.0,203175696.0,17701906.362274185,0.21567002515125216,265235259.9885279,440674.0,391643.83720697253,0.9949625511152423,144237857.14285713,2556500.0,3.0,147849215.5,10,157366406.5,160880921.01428574,150703657.0,212700386.0,4106199.3293609405,0.027284337917067338,234550924.12514326,210632.0,174536.0,0.9980553949312,159844071.42857143,21285.714285714286,1.0,158334975.5,474682.91964285716,79711446.42857143,4.0,0.09231282561967254,52647.0,974697.0,89061025.0,161688380.0,1.1277968149346813,1.033304412013347,1.2439428979365463,0.00728455700947966,True,go_faster,17832046.75,12.779681493468134,-52.202308282313005,10.819776856680194,185597951.5,202375167.5,202375167.5,203175696.0,173015039.5,212860927.5,212860927.5,212700386.0
json.decode-fast,arr-10k,json,tuned,json.decode,bytes,op,True,,0,10,13543115.5,15816463.059391519,10825632.0,41783130.0,502357.41821182176,0.28975950220460955,270516079.81802166,68410.0,57028.24699501357,0.9954628825457135,15387997.902097901,844189.0442890443,3.0,13565951.5,10,13803696.5,14346973.964635918,12674377.0,26375191.0,197874.0518543719,0.13211896272352422,265408620.49010742,24652.0,20996.0,0.9955595229875791,14315185.714285713,107.14285714285714,1.0,13697023.5,47575.9019138756,7954419.47368421,20.0,0.11407812141617867,75414.0,97588.0,10460992.0,16787469.0,1.019240846022468,0.9801068010278329,1.0348723452938877,0.16197241048012612,False,no_measurable_difference,260581.0,1.924084602246802,-63.964332699897675,-6.971746387266717,23724031.5,28966911.5,41680895.5,41783130.0,17694719.5,24248319.5,26345471.5,26375191.0
json.decode-fast,arr-1k,json,tuned,json.decode,bytes,op,True,,0,10,1261498.8333333335,1539989.334240615,1033613.6666666666,4728185.0,128708.49979628164,0.3358798359912579,289023450.08943343,23536.0,22056.27419890441,0.9902914204937372,1510501.917950027,18939.0613663268,3.0,1171455.5,10,1261274.3154761903,1305229.1259512552,1214209.625,2877678.75,11839.879946628662,0.10046240728806113,289050561.42567796,4932.0,4516.0,0.9933015239831191,1284382.0433937823,0.0,1.0,1253375.5,4769.438242344993,801320.1377719662,47.5,0.13783540646787096,91558.0,9779.0,750068.0,1458979.0,0.9998220229371517,0.8737570415622298,1.0544595722792705,1.0,False,no_measurable_difference,-224.51785714318976,-0.0177977062848273,-79.0448674371176,-14.96985021132065,2605055.5,3686399.5,6127615.5,11044775.0,1499135.5,2408447.5,3358719.5,8086775.0
json.decode-fast,obj-100KiB,json,tuned,json.decode,bytes,op,True,,0,10,386467.72894736845,413705.7254964467,289448.4736842105,1054730.8,13692.925964710288,0.25148702386323996,265397881.35361037,21160.0,19410.547280289935,0.9920014409440878,404249.34745400085,1682.756839555429,3.0,321535.5,10,311392.1076850095,325636.9926030844,292926.5,654643.03125,3041.520672277897,0.10962346907652523,329384079.3113086,3302.0,3148.0,0.9882112266848886,315680.92519265774,0.0,1.0,309247.5,1320.1411771297844,206235.4555156739,49.5,0.12899856134757043,55836.0,1827.0,170371.0,422555.0,0.8057389643713738,0.7766460533764235,0.8152176799051698,0.00018267179110955002,True,rust_faster,-75075.62126235897,-19.42610356286261,-84.39508506616257,-21.90935441681108,700415.5,1073151.5,2277375.5,11762680.0,464895.5,610303.5,1499135.5,4217243.0
json.decode-fast,obj-10KiB,json,tuned,json.decode,bytes,op,True,,0,10,39166.24266649049,41868.069325567514,29231.61313868613,112207.37333333334,1698.0229930478172,0.2561632584089032,266201409.43348104,20500.0,17964.82184045326,0.9941356690113308,41330.81903267601,481.90221936913383,3.0,29567.5,10,26565.7688001188,27434.308135297622,24957.533333333333,70335.67821782178,308.3777708296134,0.06886127615259265,392460342.79387146,2880.0,2704.0,0.992128215282706,26991.572954463692,0.0,1.0,24959.5,141.01533084370402,21121.243988460556,53.0,0.13532252345508639,90515.0,197.0,19445.0,106014.0,0.6782822908577775,0.6661313587720573,0.7081873673494535,0.00018267179110955002,True,rust_faster,-12600.473866371693,-32.17177091422225,-85.95121951219512,-34.6938348036988,92671.5,132095.5,366591.5,4396515.0,45823.5,60159.5,124415.5,3625359.0
json.decode-fast,obj-1KiB,json,tuned,json.decode,bytes,op,True,,0,10,4207.07135441145,4475.0932538752795,2855.853097345133,12066.426112759644,182.916525258693,0.3040006443922779,254103719.05411524,22564.0,18082.100798356536,1.0047812438271593,4461.0922435353405,52.21091989248744,3.0,3055.5,10,2686.001169512739,2790.879385933501,2578.419106773144,5440.467304625199,37.43557354642985,0.13711023133332426,397990314.9246118,2816.0,2706.0,1.0051049742375047,2766.0035709679096,0.0,1.0,2511.5,19.001651833560324,2224.1340344946093,53.0,0.13797820983906794,127890.0,25.0,1519.0,70983.0,0.6384491593412726,0.6139496584376526,0.6480001933708969,0.00018267179110955002,True,rust_faster,-1521.0701848987105,-36.15508406587274,-87.51994327246942,-37.99716706203102,6815.5,36095.5,88575.5,5199604.0,4127.5,5727.5,31871.5,2452173.0
json.decode-fast,obj-1MiB,json,tuned,json.decode,bytes,op,True,,0,10,3681819.25,4374494.722299072,2998502.0,16130549.0,108002.30608294127,0.3183986590739437,284834690.8211423,35940.0,29609.6106349902,0.9883144947111054,4322032.549102591,123793.41305430992,3.0,3686399.5,10,2979513.0,3073509.978852109,2840655.6666666665,6510663.0,50138.903329194654,0.08349164116770695,351960697.8969977,8232.0,7004.0,0.9944487293118243,3040290.2293967716,0.0,1.0,2965503.5,13479.997844827587,2027120.8629194372,33.0,0.10458991243667609,86576.0,18578.0,2286573.0,4744889.0,0.8092502096619762,0.7932978093967138,0.837094074701577,0.00018267179110955002,True,rust_faster,-702306.25,-19.07497903380238,-77.09515859766277,-29.656008027333236,6979583.5,9109503.5,14483455.5,16130549.0,3653631.5,5341183.5,5734399.5,7231931.0
json.decode.go-legacyjson,arr-100k,json,tuned,json.decode,bytes,op,True,,0,10,615286033.0,630684139.08,557683380.0,727095764.0,20929238.033362698,0.06262807272322662,59989072.735436246,387516.0,320014.64584384195,0.9921936090319599,627666200.0,7962300.0,3.0,616562687.5,10,182969936.5,187280884.86666667,173486310.0,235236228.0,6759287.779323182,0.02250997470335915,201731823.9302877,210632.0,174536.0,0.994506918615925,183260583.3333333,0.0,1.0,183500799.5,1186682.2,136109065.6,6.0,0.06112248240480436,53004.0,974696.0,89060681.0,161688375.0,0.29737378501487943,0.2853102693369972,0.3148368524724825,0.00018267179110955002,True,rust_faster,-432316096.5,-70.26262149851206,-45.645599149454476,-70.80285933298092,708837375.5,725614591.5,725614591.5,727095764.0,212860927.5,235929599.5,235929599.5,235236228.0
json.decode.go-legacyjson,arr-10k,json,tuned,json.decode,bytes,op,True,,0,10,61516311.0,63663419.65294118,54618536.0,104129783.0,2577156.3633160274,0.05418139489718355,59555539.73579593,38842.0,32425.640677823743,0.9945113696225684,61913066.17647059,1287650.0,3.0,61603839.5,10,15995804.75,16609093.792900642,15142042.0,29493698.0,241314.7371811402,0.10166561039923683,229035515.3239804,24648.0,20990.0,0.9883430109278011,16404300.273224045,58.21061405946096,1.0,15925247.5,118896.0,12250809.94117647,16.0,0.05710674928568113,117793.0,97587.0,10460648.0,16787292.0,0.2600254223631843,0.2519134726168367,0.26434470273915683,0.00018267179110955002,True,rust_faster,-45520506.25,-73.99745776368157,-36.54291746048092,-73.50430000273784,74973183.5,88604671.5,104333311.5,104129783.0,21889023.5,26869759.5,29491199.5,29493698.0
json.decode.go-legacyjson,arr-1k,json,tuned,json.decode,bytes,op,True,,0,10,6158081.5,6395126.103523162,4798876.0,15453691.0,117330.4827187339,0.20284768819528107,59203156.41410801,9968.0,8765.569647517277,0.9953990839905151,6328903.793437071,64376.28953154067,3.0,6193151.5,10,1501591.5833333333,1580708.056919916,1446010.1666666667,2866923.5,25904.34223103398,0.1434947372652985,242791326.9603185,4864.0,4512.0,0.986013679767882,1563007.4840528113,3.910004368719965,1.0,1482751.5,11945.0,907017.4950251863,64.5,0.03313985704533918,113206.0,9778.0,749724.0,1458974.0,0.2438408103779291,0.23904341289609277,0.24860706470336796,0.00018267179110955002,True,rust_faster,-4656489.916666667,-75.61591896220709,-51.20385232744783,-75.3036618178078,8585215.5,11206655.5,15269887.5,15453691.0,2342911.5,2703359.5,3686399.5,8460335.0
json.decode.go-legacyjson,obj-100KiB,json,tuned,json.decode,bytes,op,True,,0,10,1472392.75,1525384.7178799824,1231389.0,4074431.5,41051.959267923645,0.14658475178848762,69660777.9537909,9154.0,8744.976273990924,0.9930620355650748,1501877.6276276277,5457.300220574556,3.0,1335295.5,10,383307.75851851853,403233.8960897205,362523.51851851854,759894.3461538461,5030.313491181502,0.12201765417838828,267584284.3938005,3304.0,3136.0,0.9899762385927529,392947.2205173668,0.0,1.0,382975.5,2506.0,201160.1651917404,48.5,0.011994641950760391,130175.0,1827.0,170371.0,422550.0,0.26032983286457945,0.2542968819313355,0.2653397697159248,0.00018267179110955002,True,rust_faster,-1089084.9914814816,-73.96701671354207,-63.90648896657199,-73.83626912812677,2113535.5,2670591.5,4358143.5,9429752.0,585727.5,708607.5,2072575.5,5589518.0
json.decode.go-legacyjson,obj-10KiB,json,tuned,json.decode,bytes,op,True,,1,9,149874.53968253967,158555.01378981344,123275.69841269842,327124.88524590165,4399.560939863375,0.21759736696088247,69564850.8551491,8988.0,8633.16526557603,0.988368756928713,157321.85534591196,11.580688825387277,3.0,130559.5,10,27443.46378539082,28260.420300443726,26067.03216374269,80841.92063492064,411.13812737846285,0.10151723350943533,379908350.377529,2880.0,2724.0,0.9943541841644498,27796.863852848663,0.0,1.0,25983.5,274.0,22152.04078164826,47.0,0.009275789390289996,123927.0,197.0,19445.0,106009.0,0.18310957847490872,0.17753643819890197,0.18695846121924412,0.0002797002701866865,True,rust_faster,-122431.07589714885,-81.68904215250913,-67.95727636849132,-82.33121279193523,259071.5,374783.5,724991.5,2966703.0,44799.5,59135.5,132095.5,9342380.0
json.decode.go-legacyjson,obj-1KiB,json,tuned,json.decode,bytes,op,True,,0,10,15593.429563696234,16761.302939759982,13387.185430463576,39444.59364548495,714.3922869457273,0.20909385380321002,68568315.45420939,8570.0,8144.551181596618,0.9942372794975626,16707.008748201133,99.17356045429418,3.0,13119.5,10,2764.5459890109887,2864.130975368594,2675.2771679473108,5312.177317213586,47.34547187212635,0.09821541337075348,386682395.8922427,2812.0,2768.0,1.0012516748111326,2860.775237072463,0.0,1.0,2607.5,42.0,1880.0,38.5,0.007385494865205708,82872.0,25.0,1519.0,70978.0,0.17728915744405918,0.1734391971973811,0.18746469437005278,0.00018267179110955002,True,rust_faster,-12828.883574685246,-82.27108425559409,-67.18786464410735,-82.87679571975751,27519.5,50943.5,136191.5,5828896.0,3087.5,5663.5,32127.5,5146362.0
json.decode.go-legacyjson,obj-1MiB,json,tuned,json.decode,bytes,op,True,,0,10,16111616.0,16583104.443125034,12984207.0,31823904.0,308824.88080324116,0.13673725313039667,65087902.67513603,16096.0,12247.931140821394,0.9873851565633294,16239088.70967742,294172.4137931034,3.0,16056319.5,10,3779559.0,3877578.9701500693,3628976.5,9693741.5,29515.126316021324,0.051482921208521146,277458603.1857013,8194.0,7068.0,0.9942529187961253,3808571.333564654,7.604672681008559,1.0,3751935.5,25660.0,2379146.936596218,43.5,0.03204824684634496,79210.0,18578.0,2286573.0,4744372.0,0.23458596580256133,0.23175206214131383,0.2381376949071099,0.00018267179110955002,True,rust_faster,-12332057.0,-76.54140341974387,-49.09294234592445,-76.54689002779449,21364735.5,29753343.5,31850495.5,31823904.0,4358143.5,6651903.5,7634943.5,10921658.0
json.encode,arr-100k,json,baseline,,bytes,op,True,,0,10,161415769.0,165305046.64761904,146867108.0,222714644.0,6951513.071543699,0.07352898943532829,228673668.24411517,443518.0,387693.1394602703,0.994377882193366,161576928.57142857,5553511.904761905,3.0,160432127.5,10,72416213.25,74182874.64849818,68661183.0,104368118.0,3791896.541721602,0.045614677923074526,509710709.60036653,178830.0,160775.9338335183,0.9945609092117085,73035821.42857143,15122289.743589744,1.0,71827455.5,3.2857142857142856,36913219.428571425,2.0,0.01865245130045854,49022.0,20.0,134217600.0,228797279.0,0.4486315909445006,0.42226889542250456,0.46104589454320916,0.00018267179110955002,True,rust_faster,-88999555.75,-55.136840905549946,-59.67920129509964,-54.79811253109421,191889407.5,223346687.5,223346687.5,222714644.0,87556095.5,100139007.5,104333311.5,104368118.0
json.encode,arr-10k,json,baseline,,bytes,op,True,,0,10,14438500.75,15760058.659461066,13637045.0,35341315.0,264856.12199782167,0.1794748677754608,253739194.3084966,49956.0,47535.389130676034,0.9926812518228135,15628837.139423076,60619.76911976912,3.0,14483455.5,10,5578520.25,5715642.253274354,5073876.0,11800188.0,181853.64213892355,0.07531181150707518,656749853.7078525,23884.0,23674.0,0.9953179505281574,5716831.264367816,238.42243645924626,1.0,5537791.5,3.3384615384615386,3670087.0153846154,11.0,0.017797175391211346,82393.0,16.0,8388480.0,18647373.0,0.3863642317572342,0.37050018040745575,0.39251147003786296,0.00018267179110955002,True,rust_faster,-8859980.5,-61.36357682427658,-52.18992713587958,-63.421262801777154,23199743.5,25034751.5,35389439.5,35341315.0,6717439.5,8847359.5,10027007.5,11800188.0
json.encode,arr-1k,json,baseline,,bytes,op,True,,0,10,1615375.9,1614201.168383944,1349888.5,3350702.6666666665,77889.89401913702,0.14953458491316765,225689767.80774957,9562.0,9360.0,0.9970483562063441,1589353.1746031747,62.239583333333336,3.0,1400831.5,10,508090.1805555555,524798.8485390885,495423.05555555556,1157464.2777777778,7375.393508656944,0.09388073385370718,717534730.555421,4634.0,4500.0,0.9923642516269175,514880.65843621397,0.0,1.0,509951.5,3.2857142857142856,368707.4285714286,90.0,0.026945950657372493,62154.0,13.0,1048448.0,1983270.0,0.31453371351866494,0.3085394877195442,0.33019503490187346,0.00018267179110955002,True,rust_faster,-1107285.7194444444,-68.5466286481335,-51.53733528550512,-67.60438984464433,2572287.5,2867199.5,4882431.5,6053608.0,626687.5,905215.5,1597439.5,7677000.0
json.encode,obj-100KiB,json,baseline,,bytes,op,True,,0,10,419149.7081339713,428862.6635130597,342585.07692307694,874956.7777777778,12840.233394098941,0.11393635297758542,244702720.9220658,10458.0,8868.431536552831,0.9916186559419731,420273.78929481737,1679.136093303468,3.0,366591.5,10,138736.1690140845,141852.71670335758,135403.1857142857,292692.85714285716,879.7907006276904,0.05430518925726219,739295321.2706944,3352.0,3216.0,0.9964696038802356,140308.67104588315,0.0,1.0,134143.5,1.0748227910966635,106501.08794979457,87.0,0.01771932797427675,90681.0,11.0,262016.0,553630.0,0.3309943113922932,0.3286096446406171,0.34314116053120863,0.00018267179110955002,True,rust_faster,-280413.5391198868,-66.90056886077068,-67.94798240581373,-66.61493659138038,659455.5,929791.5,1548287.5,3122041.0,173055.5,236543.5,387071.5,2335800.0
json.encode,obj-10KiB,json,baseline,,bytes,op,True,,0,10,41753.11425120773,43309.73481012395,33779.80869565217,99859.75652173912,955.6292151398568,0.15728158083458998,249706040.99214032,9030.0,8884.993513751904,0.9933707860181877,43675.3257035078,262.5565128852145,3.0,33535.5,10,13315.886609330239,13993.192153928054,12936.079681274901,26623.350777934935,146.42305549370263,0.12732507967087245,782975932.5915952,2860.0,2704.0,0.9928039565673139,13848.038390174814,0.0,1.0,12607.5,1.0071428571428571,10880.485714285714,82.0,0.014486809970354252,457756.0,8.0,32640.0,122401.0,0.31891960272029457,0.31439909725372334,0.32275939860799835,0.00018267179110955002,True,rust_faster,-28437.22764187749,-68.10803972797054,-68.32779623477298,-68.2932223924718,72191.5,114175.5,261119.5,2717147.0,22143.5,35583.5,69119.5,3108608.0
json.encode,obj-1KiB,json,baseline,,bytes,op,True,,0,10,4725.993078471399,4758.613739977515,3667.801345059493,10868.311950336265,76.18147703054338,0.16928877864056957,226196175.73748878,9090.0,8865.551550122209,1.0050123204225596,4748.378780669744,38.446758405895714,3.0,3567.5,10,1567.0155091774373,1629.5041604386977,1530.466776950648,3161.7272727272725,23.236011487622832,0.09586018545094444,682188614.4574852,2828.0,2704.0,1.0164256859537684,1633.8259391715833,0.0,1.0,1495.5,1.0007559199533471,1152.0514025568277,79.5,0.012365897001478523,162415.0,5.0,3968.0,73050.0,0.3315738053692371,0.3285489299578469,0.33823675395884056,0.00018267179110955002,True,rust_faster,-3158.9775692939616,-66.84261946307629,-68.88888888888889,-65.59192063988759,7775.5,15295.5,63231.5,4373842.0,2095.5,2895.5,24447.5,3105561.0
json.encode,obj-1MiB,json,baseline,,bytes,op,True,,0,10,3869034.25,4425182.741173308,3639690.0,18285119.0,41156.26713231737,0.2771573474579504,271042063.82678044,18084.0,17106.0,0.992462176207112,4369267.543859649,12250.3465003465,3.0,3850239.5,10,1564977.3833333333,1628377.562941695,1478658.2,4307385.333333333,39071.38114440565,0.14089855890957304,670141385.0277448,8456.0,7910.0,0.9927215509432519,1625158.5559322033,0.0,1.0,1564671.5,1.3333333333333333,1056790.6666666667,37.5,0.019183602007195887,91626.0,15.0,4194176.0,6842044.0,0.40448785981497404,0.39312558596758174,0.4147707961307164,0.00018267179110955002,True,rust_faster,-2304056.8666666667,-59.5512140185026,-53.24043353240433,-62.804782732608814,6586367.5,8847359.5,11862015.5,18285119.0,2244607.5,2670591.5,4292607.5,8017345.0
json.encode-fast,arr-100k,json,tuned,json.encode,bytes,op,True,,0,10,86860442.0,93077841.57530303,80343133.0,133312743.0,3498074.4735202254,0.14878115336718262,424939546.7319717,463332.0,450057.4501519706,0.9908654933435779,91942909.0909091,3952454.5454545454,3.0,86507519.5,10,62972335.0,66020614.07995097,61233990.0,94421669.0,2400052.5380999683,0.06686789281183722,586153588.989476,178832.0,160536.15878708928,0.9924370165908767,65152931.25,15478182.352941178,1.0,63700991.5,2.4545454545454546,36913202.18181818,2.0,0.029426869473887007,55308.0,20.0,134217600.0,228797284.0,0.7249828984291837,0.7081524172957415,0.7779624624471512,0.00018267179110955002,True,rust_faster,-23888107.0,-27.501710157081632,-61.403054397278844,-29.13762258100877,122159103.5,130547711.5,133693439.5,133312743.0,78118911.5,92798975.5,94896127.5,94421669.0
json.encode-fast,arr-10k,json,tuned,json.encode,bytes,op,True,,0,10,7687245.5,8556380.879763769,6994127.0,27850467.0,432764.045311867,0.22608490415167742,476610424.1932039,61710.0,52355.005342081626,0.9935559734443629,8561588.056680162,90142.663476874,3.0,7634943.5,10,4847354.5,4943759.7672997,4346176.0,15529870.0,156808.1896216326,0.11689891282590861,755794814.0455415,23732.0,20308.0,0.9918941215447112,4858735.865219874,149.82418590429597,1.0,4816895.5,2.3124401913875596,3670061.245933014,18.0,0.05687194124856457,63293.0,16.0,8388480.0,18647378.0,0.6305710543523034,0.5905454587288997,0.6597071200038476,0.00018267179110955002,True,rust_faster,-2839891.0,-36.94289456476966,-61.5426997245179,-43.24959536649447,12517375.5,15663103.5,19529727.5,27850467.0,5865471.5,7766015.5,10944511.5,15529870.0
json.encode-fast,arr-1k,json,tuned,json.encode,bytes,op,True,,0,10,843733.9375,868592.5883154366,703847.0,1906460.4444444445,23463.118342430065,0.12713536140579912,432095044.18081784,15774.0,14571.573096413074,0.9955499608275984,843048.0959275602,3660.615016001433,3.0,757759.5,10,436834.4568181818,447931.8202783904,422720.5,752610.0454545454,5747.843988344405,0.05056509650719214,834578556.6976198,4672.0,4520.0,0.9949812065989734,443039.470253467,0.6613756613756614,1.0,440319.5,2.127662051303121,368672.6810194886,74.5,0.11349455077722884,135872.0,13.0,1048448.0,1983275.0,0.5177395828269403,0.4976109514298193,0.5273089434137344,0.00018267179110955002,True,rust_faster,-406899.4806818182,-48.22604171730596,-70.3816406745277,-47.447900968685,1236991.5,1875967.5,3129343.5,5536155.0,514047.5,733183.5,1433599.5,3284291.0
json.encode-fast,obj-100KiB,json,tuned,json.encode,bytes,op,True,,0,10,261894.45416666666,269008.50705345365,211395.08333333334,580445.3684210526,6416.9883196380315,0.15968806671077626,391638268.8478524,12022.0,11107.451437055472,0.9895203303779092,260414.36877076412,1095.763254503543,3.0,232447.5,10,114926.54113924051,118914.94646604487,109821.88636363637,265962.3176470588,2195.9241071768893,0.06011019798356288,892457145.7757834,3328.0,3216.0,0.993007749212796,115525.41237380501,0.0,1.0,110079.5,1.050355205068581,106499.42415394465,96.0,0.13449130697154835,141456.0,11.0,262016.0,553635.0,0.43882770066640114,0.42298124126534015,0.44455018608740166,0.00018267179110955002,True,rust_faster,-146967.91302742617,-56.117229933359894,-72.3174180668774,-55.63785020038623,399359.5,634879.5,1384447.5,5255750.0,152575.5,201727.5,544767.5,4831629.0
json.encode-fast,obj-10KiB,json,tuned,json.encode,bytes,op,True,,0,10,23859.523476890754,24561.70191160433,18731.334821428572,59786.48253968254,504.84243668525045,0.16935124632017476,436975812.77656037,11418.0,10119.49073157863,0.9928886955478283,24386.25704131712,186.15431613354335,3.0,18303.5,10,11099.388259572697,11493.744782230793,10738.77415730337,23130.21625,247.47640610284913,0.09224732609300998,939331193.764674,2864.0,2704.0,0.9934594167402803,11407.201468069563,0.0,1.0,10559.5,1.005938555351252,10880.403821763884,120.0,0.16464876504209125,288314.0,8.0,32640.0,122406.0,0.46519739886352124,0.460116310172057,0.47469301102528555,0.00018267179110955002,True,rust_faster,-12760.135217318057,-53.48026011364787,-74.91679803818532,-53.22282772324354,80383.5,98815.5,228351.5,4161269.0,15935.5,30591.5,58623.5,3430131.0
json.encode-fast,obj-1KiB,json,tuned,json.encode,bytes,op,True,,0,10,2447.663634484349,2566.5492705598863,1934.1203883495145,7418.289713086074,41.935347958726815,0.1647254167968934,436748304.66092,10982.0,9848.003795541103,1.0268996009644709,2630.688266960702,10.863300431890302,3.0,1751.5,10,1339.2197470568722,1396.62110215708,1295.2670815677966,3267.752606635071,30.66956465819143,0.09004659053086031,798242671.1819578,2828.0,2704.0,1.0171451438589068,1404.676904486284,0.0,1.0,1287.5,1.0006480704170075,1152.044073518578,126.5,0.16813887798185317,153959.0,5.0,3968.0,73055.0,0.5471420697636039,0.5386574766325757,0.5636303398546273,0.00018267179110955002,True,rust_faster,-1108.443887427477,-45.285793023639606,-74.24877071571663,-46.60420536602988,3567.5,13247.5,80383.5,5241573.0,1735.5,2351.5,20607.5,4017746.0
json.encode-fast,obj-1MiB,json,tuned,json.encode,bytes,op,True,,0,10,2481471.125,2753605.032512576,2327771.0,7986519.0,55861.31979261604,0.15731585487197708,422600879.1467796,22060.0,20128.867092323322,0.9911637435261009,2692325.552165068,126.64922987503633,3.0,2473983.5,10,1227129.6011904762,1280253.6017163636,1177389.4285714286,2904460.0,31954.33151467767,0.10108215051466107,854679288.8942807,7966.0,7462.0,0.9899694209876653,1269465.89096183,0.0,1.0,1236991.5,1.2486486486486486,1056784.9081081082,46.0,0.0774312827237941,104875.0,15.0,4194176.0,6842049.0,0.4945169777828772,0.48646343668805175,0.5100801139621227,0.00018267179110955002,True,rust_faster,-1254341.5238095238,-50.548302221712284,-63.88939256572983,-52.84872254987987,4177919.5,4751359.5,7962623.5,8165557.0,1564671.5,2039807.5,3719167.5,10033732.0
json.encode.go-legacyjson,arr-100k,json,tuned,json.encode,bytes,op,True,,0,10,124103029.25,132250180.875,113771413.0,184271988.0,3488795.4672908564,0.1163239480531878,297434857.0869688,473114.0,411764.7875863804,0.9942987670833204,131323437.5,6631812.5,3.0,124256255.5,10,71691868.25,74949948.29813188,69525866.0,116021048.0,1577558.9726742213,0.09888448962597052,514872410.28355634,178832.0,160542.26577491243,0.9842755874647175,73526642.85714285,14224214.285714285,1.0,71827455.5,2.5,36913210.0,2.0,0.02464044820331622,33695.0,20.0,134217600.0,228797279.0,0.577680244255601,0.5568466448699978,0.5990431727213655,0.00018267179110955002,True,rust_faster,-52411161.0,-42.23197557443989,-62.20107627337175,-44.01102784326457,160432127.5,183500799.5,183500799.5,184271988.0,92798975.5,102236159.5,115867647.5,116021048.0
json.encode.go-legacyjson,arr-10k,json,tuned,json.encode,bytes,op,True,,0,10,11049908.25,11820322.363943862,10230956.0,28594834.0,270926.6807743379,0.16657076408680724,331556764.17796236,49904.0,47296.0,0.9942752907351411,11596389.249492902,626.4367816091954,3.0,10944511.5,10,5619348.0,5814106.329841124,5102194.0,16048072.0,106700.32262395252,0.1490045861930588,651962882.8029041,23764.0,20304.0,0.9889941188463787,5736957.729138167,0.0,1.0,5603327.5,2.3333333333333335,3670062.6666666665,15.0,0.026282944528554876,53837.0,16.0,8388480.0,18647373.0,0.5085425030565299,0.4940518872805071,0.5239055565180036,0.00018267179110955002,True,rust_faster,-5430560.25,-49.14574969434701,-52.38057069573582,-50.52806864525492,16187391.5,23199743.5,28704767.5,28594834.0,7569407.5,9371647.5,13434879.5,16048072.0
json.encode.go-legacyjson,arr-1k,json,tuned,json.encode,bytes,op,True,,0,10,1101101.3571428573,1152593.6783285285,1048142.0,2222493.125,15393.044154030977,0.08902619050376964,331102366.9914747,9136.0,9020.0,0.9920859518946414,1114584.346878515,0.5580357142857143,3.0,1056767.5,10,508149.6111111111,524441.7375511556,496119.72222222225,928858.3684210526,7289.679428117458,0.08273330992305497,717450796.6575356,4574.0,4500.0,0.9933260975084475,518626.5974040304,0.0,1.0,509951.5,2.2857142857142856,368683.4285714286,127.5,0.036779201833872066,69374.0,13.0,1048448.0,1983270.0,0.46149213041536885,0.4566464658328595,0.47062437372939675,0.00018267179110955002,True,rust_faster,-592951.7460317462,-53.85078695846312,-49.93432574430823,-53.4690578728755,1548287.5,2146303.5,3457023.5,6025691.0,610303.5,897023.5,1564671.5,6153352.0
json.encode.go-legacyjson,obj-100KiB,json,tuned,json.encode,bytes,op,True,,0,10,297613.0689655172,315345.0981545035,280161.03846153844,685340.0,7462.353802338455,0.1653883250511708,344634252.6974522,12350.0,8397.752908509508,0.9942180687168337,309330.1033146463,1212.6865072354367,3.0,288767.5,10,140539.9094155844,142815.84055477488,135980.44285714286,319710.1641791045,1536.9462409559123,0.039691835884198653,729809228.456491,3348.0,3216.0,0.9973224626061915,141272.6596664635,0.0,1.0,134143.5,1.0792162398332996,106501.38798144787,127.0,0.022311086274426753,347262.0,11.0,262016.0,553630.0,0.4722235817939433,0.45841368071573974,0.47950835808078446,0.00018267179110955002,True,rust_faster,-157073.1595499328,-52.777641820605666,-72.89068825910931,-54.32948227390501,489471.5,634879.5,1318911.5,3670623.0,175103.5,242687.5,489471.5,2624253.0
json.encode.go-legacyjson,obj-10KiB,json,tuned,json.encode,bytes,op,True,,0,10,28336.521843544328,30136.953377402144,26836.486013986014,66139.24738675958,387.493105759229,0.19300834271204412,367935078.9404614,8514.0,8437.605309304177,0.9936593971757925,29619.20840857803,112.23745067889367,3.0,25983.5,10,13264.213499979425,13814.848865988411,12944.618320610687,32418.37027027027,182.64648660855863,0.08251150251972535,786033329.157444,2860.0,2704.0,0.9948343149040295,13527.021429260738,0.0,1.0,12607.5,1.0071260646933018,10880.484572399146,120.0,0.01655907402132956,147838.0,8.0,32640.0,122401.0,0.4680960342703916,0.4625455853549065,0.4763211041228382,0.00018267179110955002,True,rust_faster,-15072.308343564902,-53.19039657296084,-66.40826873385012,-54.330239881282,52991.5,82431.5,183295.5,3337285.0,20095.5,34559.5,74239.5,3104440.0
json.encode.go-legacyjson,obj-1KiB,json,tuned,json.encode,bytes,op,True,,0,10,2999.855586663891,3108.925920045781,2747.7462686567164,7299.14206231454,45.26229587257585,0.1261435918129255,356352344.6593915,8682.0,8559.856098565797,1.0174258124203663,3124.8442371602814,37.6153333102491,3.0,2607.5,10,1564.4134708973295,1616.967228573169,1526.4122627737227,2936.065205676307,30.510960111720927,0.03665296095801992,683323290.5201726,2828.0,2704.0,1.0178710542364307,1617.531490605909,0.0,1.0,1495.5,1.0007485641020435,1152.0509023589389,122.0,0.01567497005941183,85803.0,5.0,3968.0,73050.0,0.5214962606373655,0.5175469057648125,0.5337405939669407,0.00018267179110955002,True,rust_faster,-1435.4421157665613,-47.850373936263445,-67.42686017046763,-48.236412190712926,4511.5,7327.5,47871.5,11631250.0,1639.5,2863.5,22911.5,2506108.0
json.encode.go-legacyjson,obj-1MiB,json,tuned,json.encode,bytes,op,True,,0,10,3095970.75,3296341.3158520726,2912146.0,8896483.0,53385.70141397231,0.1999002807928077,338724220.4825883,21096.0,18721.45688447912,0.9910720545603792,3263129.4881589,12309.948724111684,3.0,3063807.5,10,1548494.05,1591859.8699049891,1479844.6,3772611.6,52253.27825967158,0.05419229245991177,677329263.2015042,8490.0,7912.0,0.9964834316554534,1578685.8267716535,0.0,1.0,1548287.5,1.2866479925303456,1056787.492063492,44.0,0.02261978166816364,123437.0,15.0,4194176.0,6841532.0,0.5001643022628686,0.4865388340762987,0.5155881523837703,0.00018267179110955002,True,rust_faster,-1547476.7,-49.983569773713135,-59.755403868031856,-51.62049705657349,4620287.5,6193151.5,10027007.5,12684945.0,1744895.5,2506751.5,3817471.5,5693359.0
mem.binarytrees,d16,memory,baseline,,nodes,iter,True,,0,10,467084846.5,468414141.7666667,417909695.0,565814071.0,22564944.845974267,0.06073338483350456,32088725.29896742,16204.0,11631.668219501276,1.5808225340814421,740445500.0,42995000.0,4.5,467084846.5,10,336451175.25,342518753.2416667,316506129.0,400006392.0,8751993.573709326,0.07782340288346293,44541382.87472452,10524.0,10460.0,0.9941718981024563,340966500.0,0.0,1.0,336451175.25,14985904.5,239774842.66666666,217.0,0.29734454489119355,2127177.0,14985902.0,239774432.0,4228642.0,0.7203213244255827,0.6835061274505687,0.7508914038094943,0.00018267179110955002,True,rust_faster,-130633671.25,-27.96786755744173,-35.05307331523081,-53.95116858701957,,,,,,,,
mem.binarytrees,d18,memory,baseline,,nodes,iter,True,,0,10,2156848717.5,2177530934.466666,2066326043.0,2327447076.0,60742450.37918442,0.02629845015523558,31681716.246461164,49124.0,32756.433804671,1.5872394860105405,3449909833.333333,67183166.66666667,4.0,2156848717.5,10,1769316055.5,1789131155.0,1634887802.0,1923881810.0,59441769.09532661,0.028025175021518765,38620877.17263434,35100.0,35036.0,0.9904368607445608,1763219833.3333335,166.66666666666666,1.0,1769316055.5,68332206.5,1093315352.0,277.5,0.3137931269475789,905822.0,68332206.0,1093315296.0,16811554.0,0.8203245972442664,0.7976365647035891,0.8535271170673433,0.00018267179110955002,True,rust_faster,-387532662.0,-17.96754027557336,-28.548163830306976,-48.89084299256323,,,,,,,,
mem.binarytrees.go-nogreentea,d18,memory,tuned,mem.binarytrees,nodes,iter,True,,0,10,2466293873.5,2472788802.566667,2298377737.0,2674325453.0,59502837.563090235,0.021736724748275985,27707009.076947697,50890.0,33505.356122607074,1.5960435152339216,3930334666.6666665,58151500.0,5.0,2466293873.5,10,1748414637.5,1773376424.3,1636022643.0,1982025322.0,71475514.14189965,0.02207174679212645,39082485.21515357,35100.0,35036.0,0.9935886119175247,1777186333.3333335,0.0,1.0,1748414637.5,68332207.16666666,1093315426.6666665,259.5,0.3865277892307788,1345724.0,68332206.0,1093315296.0,16811554.0,0.7089238862758745,0.6896010078999627,0.7391442127344684,0.00018267179110955002,True,rust_faster,-717879236.0,-29.10761137241255,-31.027706818628413,-54.78282426161504,,,,,,,,
mem.bytes,100MiB,memory,baseline,,bytes,iter,True,,0,10,59281032.0,60616924.65261438,54349098.0,79168071.0,1859697.3517642117,0.052679790286963485,1768922284.091228,209306.0,209033.41734284675,1.0018439576967193,60532029.4117647,744176.4705882353,4.0,59281032.0,10,82056301.5,82259546.94239926,73441517.0,108542110.0,2276041.548922527,0.03186465539138186,1277874030.604323,104670.0,61784.81519369793,0.9914962848075328,81991846.15384614,45230500.0,1.0,82056301.5,1.0,104857600.0,17.0,0.0033415176709116817,362862.0,1.0,104857600.0,104891974.0,1.3841915150869843,1.339126409141319,1.4078322736857543,0.00018267179110955002,True,go_faster,22775269.5,38.41915150869843,-49.9918779203654,35.45200276716746,,,,,,,,
mem.bytes,1GiB,memory,baseline,,bytes,iter,True,,0,10,586314833.5,591051125.1666666,554426330.0,629057596.0,12426405.200234635,0.025695947538336806,1831342267.8554525,2103596.0,2103327.1387257003,0.9981990262315499,590985000.0,2582000.0,4.0,586314833.5,10,813106161.5,840695346.7,762300498.0,1359359774.0,37548423.502541415,0.051333304398827315,1320654200.2097888,1050844.0,612481.4319023069,0.9899863114924645,811941500.0,439574000.0,1.0,813106161.5,1.0,1073741824.0,3.0,0.0001664437297669078,493584.0,1.0,1073741824.0,1073776200.0,1.3868081021354546,1.3288924674729148,1.4438385185413043,0.00018267179110955002,True,go_faster,226791328.0,38.68081021354545,-50.04535091338831,37.38783556266234,,,,,,,,
mem.bytes,500MiB,memory,baseline,,bytes,iter,True,,0,10,292099930.5,290882662.05,269335921.0,323987867.0,9624674.6316275,0.038491514572818464,1795043657.3636212,1029286.0,1029040.1583141811,1.0025147940966708,294625750.0,3476375.0,4.0,292099930.5,10,394228540.0,396047982.6333333,374979979.0,427613643.0,10652056.260447303,0.012567326188686882,1329967950.7548463,514268.0,299846.7109706063,0.9957154987165815,391967000.0,218101333.3333333,1.0,394228540.0,1.0,524288000.0,4.0,0.0006312425086808755,222025.0,1.0,524288000.0,524322374.0,1.3496358568972682,1.2984016821859024,1.4014914626932335,0.00018267179110955002,True,go_faster,102128609.5,34.96358568972682,-50.036433022502976,33.038948564407555,,,,,,,,
mem.churn,100MiB,memory,baseline,,allocations,iter,True,,0,10,242004086.25,240189347.4,196047461.0,283969817.0,16117472.803050138,0.052216778917681755,6770741.926093547,261214.0,254546.9659580803,1.3988431010234743,339191900.0,4536000.0,4.0,242004086.25,10,309323544.5,308289712.625,274688501.0,345486965.0,11211117.63085721,0.030348746673098642,5296743.544105576,143136.0,143082.0,0.9920386071333567,307926125.0,11375.0,1.0,309323544.5,1638400.0,104857600.0,4.5,0.2127482044648605,218106.0,1638400.0,104857600.0,118001318.0,1.2781748824706054,1.216152010952409,1.3442023920830188,0.00018267179110955002,True,go_faster,67319458.25,27.81748824706054,-45.20354958003782,-9.217724538823008,,,,,,,,
mem.churn,1GiB,memory,baseline,,allocations,iter,True,,0,10,3423213148.0,3438095033.8666663,2585260018.0,4335127399.0,200343666.28265247,0.10582032829486587,4901023.483871594,2616492.0,2550493.7241214477,1.406390665280008,4686708666.666666,234445000.0,4.0,3423213148.0,10,4788013005.0,4903195710.533334,4375216481.0,5743790242.0,266996717.8548641,0.032886125369857196,3504124.133656873,1444128.0,1444060.0,0.9922130166915405,4781767000.0,1833.3333333333333,1.0,4788013005.0,16777216.0,1073741824.0,2.5,0.23519674446590919,187394.0,16777216.0,1073741824.0,1207996072.0,1.3986897099286322,1.3409115027408582,1.475323326718323,0.00018267179110955002,True,go_faster,1364799857.0,39.868970992863225,-44.80671066450805,2.0282535163625273,,,,,,,,
mem.churn,500MiB,memory,baseline,,allocations,iter,True,,0,10,1423114849.5,1412088308.6333332,1156451015.0,1691047830.0,98503058.72355771,0.06724834264661975,5756413.391080866,1315030.0,1291185.53852262,1.41329201633684,1952009166.6666665,30212666.666666668,4.0,1423114849.5,10,1933233754.5,1951080966.5666668,1753959175.0,2231509807.0,120569703.545502,0.053255752883991384,4241906.425147527,706336.0,706268.0,0.992961425384892,1907082000.0,0.0,1.0,1933233754.5,8192000.0,524288000.0,3.0,0.22975947749090672,181744.0,8192000.0,524288000.0,589860518.0,1.3584523801288604,1.2692063597642,1.4786577690463814,0.00018267179110955002,True,go_faster,510118905.0,35.84523801288604,-46.28746112255994,-2.3015858446702913,,,,,,,,
mem.churn.go-nogreentea,500MiB,memory,tuned,mem.churn,allocations,iter,True,,0,10,1704913922.5,1653254225.7333333,1277048593.0,1890579058.0,116970347.54423012,0.09397355880932022,4804934.671042704,1423338.0,1335772.1646319886,1.5511424564445129,2579485500.0,52893833.33333333,4.0,1704913922.5,10,1981481201.0,2013922165.5666668,1702250837.0,2470378557.0,121240781.49606676,0.04542962827986113,4134281.3324618433,706336.0,706268.0,0.9921610419162787,1982155000.0,2166.6666666666665,1.0,1981481201.0,8192000.0,524288000.0,3.0,0.26391123561375485,190007.0,8192000.0,524288000.0,589860518.0,1.162217737124497,1.1042497291332616,1.2821010037738494,0.00018267179110955002,True,go_faster,276567278.5,16.221773712449696,-50.37468261228183,-23.156962890467884,,,,,,,,
mem.churn.gogc200,500MiB,memory,tuned,mem.churn,allocations,iter,True,,0,10,1505579986.0,1559572936.7666667,947235053.0,2581507355.0,89106044.3852369,0.3750910490744209,5441150.083648607,1869498.0,1800345.625539828,1.29846946006957,2041188833.3333335,431039500.0,4.0,1505579986.0,10,1908489827.0,1929969091.5,1727171892.0,2202630118.0,128722131.94733308,0.035586657699258534,4292415.356344778,706334.0,706268.0,0.9914508386195391,1887006666.6666665,9500.0,1.0,1908489827.0,8192000.0,524288000.0,2.0,0.07900295579566416,184456.0,8192000.0,524288000.0,589860518.0,1.2676110500581534,1.170110393271539,1.3880510215445558,0.00018267179110955002,True,go_faster,402909841.0,26.761105005815345,-62.21798579083797,-7.553547430243484,,,,,,,,
mem.churn.gogc50,500MiB,memory,tuned,mem.churn,allocations,iter,True,,0,10,1806072221.5,1793122805.3,1376958912.0,2046155438.0,103734198.2181781,0.11557070639040003,4535865.789148128,1037218.0,1029382.1707352228,1.5912269359805384,2840160666.6666665,21081666.666666664,4.0,1806072221.5,10,1940242934.5,1936850356.266667,1681622463.0,2126400811.0,104809128.63540447,0.030901412435200178,4222928.528269416,706336.0,706268.0,0.9923233167548715,1933482666.6666665,0.0,1.0,1940242934.5,8192000.0,524288000.0,5.0,0.34014079582705437,202959.0,8192000.0,524288000.0,589860518.0,1.074288675393372,1.0074812674906706,1.1435048468043787,0.0211339281291611,True,go_faster,134170713.0,7.428867539337213,-31.9009118623086,-31.9234756906945,,,,,,,,
mem.churn.gogcoff-limit1g,500MiB,memory,tuned,mem.churn,allocations,iter,True,,0,10,2362347900.0,2538938792.6666665,1871244265.0,3541179766.0,219844713.56340352,0.18451811100625953,3468104.1829602243,1053812.0,1010157.2069726733,1.792788575808477,4492941333.333334,37484333.33333333,4.0,2362347900.0,10,1972738506.5,1968291684.5333333,1693270770.0,2437310586.0,165818702.3591334,0.05576648113761987,4152677.6648175856,706332.0,706268.0,0.9923878547841205,1980949333.3333335,11333.333333333332,1.0,1972738506.5,8192000.166666666,524288002.6666666,11.0,0.4983852027876,304950.0,8192000.0,524288000.0,589860518.0,0.835075352999446,0.7405899763410124,0.9126895606191987,0.0005828399431792743,True,rust_faster,-389609393.5,-16.492464700055397,-32.97362337874308,-55.90974405482258,,,,,,,,
mem.churn.mimalloc,500MiB,memory,tuned,mem.churn,allocations,iter,True,,0,10,1433015214.5,1401487363.9666665,1171038106.0,1650163367.0,110060843.62130122,0.054478645428513064,5718250.411554618,1305158.0,1303717.5293831392,1.403997263507582,2007922500.0,29333000.0,4.0,1433015214.5,10,4228503624.0,4222436650.8,3627426947.0,4654898716.0,175523053.18520308,0.02570656048647802,1937331.5152519657,584032.0,583648.0,0.992910618034712,4197580000.0,5500.0,1.0,4228503624.0,8192000.0,524288000.0,3.0,0.23438178416455704,208555.0,0.0,0.0,,2.9507737121098097,2.8146488337104802,3.2277560160531613,0.00018267179110955002,True,go_faster,2795488409.5,195.07737121098097,-55.2520078028867,109.05089713372902,,,,,,,,
mem.objects-boxed,100MiB,memory,baseline,,objects,iter,True,,0,10,84395701.25,85755367.03260073,62983392.0,128894223.0,7631849.3834602665,0.15443464042619445,19434921.522085972,244670.0,220821.83453488885,1.553981399349972,133479500.0,10498942.307692308,4.0,84395701.25,10,150441439.5,156807787.3214286,142288132.0,226350964.0,10212754.215833757,0.054042811915078204,10890759.43984537,143068.0,100419.48265664684,0.9933909935444653,156220142.85714287,61329357.14285714,1.0,150441439.5,1638401.2196969697,117964811.87878788,21.5,0.1933498211984292,414097.0,1638401.0,117964800.0,117999182.0,1.7825723025199698,1.6728375312052055,1.9753439360457499,0.00018267179110955002,True,go_faster,66045738.25,78.25723025199699,-41.52613724608656,17.036805544778684,,,,,,,,
mem.objects-boxed,1GiB,memory,baseline,,objects,iter,True,,0,10,882538009.5,1150307549.9666667,658624746.0,2760397314.0,198304294.3236926,0.4131273619687406,19012049.7679689,2348206.0,2284220.976383036,1.3981386162917024,1584707666.6666665,397336000.0,4.0,882538009.5,10,1314615974.5,1331637840.266667,1265139558.0,1429346154.0,28059686.354147248,0.038076314627144295,12762087.291474376,1444064.0,1082817.7947465605,0.9921261421228431,1319653666.6666667,428933166.6666667,1.0,1314615974.5,16777217.666666668,1207959562.6666667,5.5,0.14779159240994993,370120.0,16777217.0,1207959552.0,1207993936.0,1.4895856726270553,1.2974736126700175,1.5925048485989695,0.0028272720911168077,True,go_faster,432077965.0,48.95856726270553,-38.503521411664906,-16.72573469386466,,,,,,,,
mem.objects-boxed,500MiB,memory,baseline,,objects,iter,True,,0,10,413266223.0,439727156.9333333,330515881.0,624970597.0,41247745.33200615,0.2315293495111428,19842078.866698876,1165676.0,1132469.9640498497,1.5461190693288076,693404166.6666667,68871166.66666666,4.0,413266223.0,10,647773596.0,645261706.5666666,592556893.0,727968897.0,24129875.41603762,0.05745469983727755,12646411.594411649,706282.0,527528.3503608017,0.9921119849898858,638597500.0,202114333.3333333,1.0,647773596.0,8192001.666666667,589824010.6666666,5.5,0.19573937272894923,270029.0,8192001.0,589824000.0,589858382.0,1.5674486806534875,1.3997652986433051,1.6927523503909014,0.00018267179110955002,True,go_faster,234507373.0,56.74486806534876,-39.410093370713646,-7.904000192288057,,,,,,,,
mem.objects-boxed.go-nogreentea,500MiB,memory,tuned,mem.objects-boxed,objects,iter,True,,0,10,376932272.0,406199842.8333334,315230784.0,589288930.0,23473332.292019956,0.2538982254897545,21734584.617718443,1166166.0,1129394.9479337388,1.4828502032784576,601606500.0,63724333.333333336,4.0,376932272.0,10,644183291.5,650977454.2333333,605675258.0,742861443.0,21698895.120888833,0.05278658936309558,12717254.891872954,706270.0,531062.9855316406,0.994917924922804,647431833.3333334,213323166.66666666,1.0,644183291.5,8192001.666666667,589824010.6666666,5.0,0.22168126462447718,950089.0,8192001.0,589824000.0,589858382.0,1.709016020522647,1.626523250481947,1.8242926919248699,0.00018267179110955002,True,go_faster,267251019.5,70.9016020522647,-39.43658106993344,7.617160608027568,,,,,,,,
mem.objects-boxed.gogc200,500MiB,memory,tuned,mem.objects-boxed,objects,iter,True,,0,10,595268153.0,920679316.8666666,252652813.0,3458760905.0,216185430.50196898,0.7956400924550653,13903793.675482176,1795020.0,1530031.0475394921,1.161882138652063,1083460666.6666667,629313833.3333334,4.0,595268153.0,10,656570682.0,653738463.5666666,592443410.0,754380945.0,19820659.717494536,0.0491474090951133,12477289.347380765,706268.0,528631.1407632316,0.9911046577087558,648974500.0,207648333.3333333,1.0,656570682.0,8192001.333333333,589824005.3333334,2.5,0.05162258081106065,187128.0,8192001.0,589824000.0,589858382.0,1.1029830483808867,0.7573147157039641,1.5531980486289727,0.7337299956962472,False,no_measurable_difference,61302529.0,10.29830483808866,-60.654031709953095,-40.1017018922699,,,,,,,,
mem.objects-boxed.mimalloc,500MiB,memory,tuned,mem.objects-boxed,objects,iter,True,,0,10,436061846.5,478941857.7666667,349059229.0,658455033.0,73476945.96674998,0.19898767585105673,18795645.66400894,1141192.0,1100176.0729577495,1.529123221089252,720938500.0,76951500.0,4.0,436061846.5,10,261869702.5,265525558.85499996,231986076.0,334791051.0,14028171.805705952,0.047194900394604396,31282786.053379305,584152.0,583612.7292088137,0.9906517079723193,262168000.0,2993125.0,1.0,261869702.5,8192001.666666667,589824010.6666666,6.0,0.19443565695322354,468241.0,0.0,0.0,,0.6005333981908,0.5383365496633459,0.64627097729775,0.00018267179110955002,True,rust_faster,-174192144.0,-39.94666018092,-48.81211925775855,-63.63517831271322,,,,,,,,
mem.objects-inline,100MiB,memory,baseline,,objects,iter,True,,0,10,37719210.5,38466241.58981,32591710.0,72810151.0,1795851.7758338675,0.058628880500601416,43436865.25274597,209400.0,209163.36925065654,1.0114946709874133,38630574.074074075,688788.4615384615,4.0,37719210.5,10,63549095.75,63744477.7475817,56183421.0,88308617.0,3236984.6906062113,0.04180786793879389,25781800.285951592,104672.0,61873.30227094559,0.9907893204594083,63397250.0,43150875.0,1.0,63549095.75,1.0172413793103448,104857600.66666666,27.0,0.005501538075832807,867816.0,1.0,104857600.0,104891983.0,1.6847938996496228,1.5809296357779097,1.73232018271343,0.00018267179110955002,True,go_faster,25829885.25,68.47938996496228,-50.01337153772683,64.11159171084503,,,,,,,,
mem.objects-inline,1GiB,memory,baseline,,objects,iter,True,,0,10,377940152.0,378530505.5333333,345307475.0,408450366.0,13484868.272890037,0.028214073653380543,44393182.807374425,2103618.0,2103347.0660721706,0.9998175594568537,378368333.3333334,2191666.6666666665,4.0,377940152.0,10,643707752.5,641804939.2333333,598291625.0,705906359.0,18787491.151005477,0.030811269007967303,26063410.54472228,1050844.0,623566.9058381048,0.9924182052239872,637150166.6666667,442617333.3333334,1.0,643707752.5,1.0,1073741824.0,3.0,0.00037116328311305187,238783.0,1.0,1073741824.0,1073776209.0,1.7032002265268709,1.6249354521019843,1.7478428453399093,0.00018267179110955002,True,go_faster,265767600.5,70.32002265268709,-50.04587334772758,68.39415736870158,,,,,,,,
mem.objects-inline,500MiB,memory,baseline,,objects,iter,True,,0,10,186207339.25,189279970.3,170971150.0,218560949.0,6048934.888497142,0.03352897916871373,43994188.665431544,1029270.0,1029052.7123383754,1.0037734447402449,187214333.3333333,1618083.3333333333,4.0,186207339.25,10,319440187.5,323855647.1916667,292137223.0,363405647.0,16267551.149176264,0.033931937695486226,25644869.618902817,514268.0,304488.3457500525,0.9918450898617474,320695125.0,225722750.0,1.0,319440187.5,1.0,524288000.0,6.0,0.0010677284544163888,297147.0,1.0,524288000.0,524322383.0,1.7155080395146132,1.624818763060409,1.8168901559092785,0.00018267179110955002,True,go_faster,133232848.25,71.55080395146133,-50.03565633895868,71.2983826024717,,,,,,,,
str.concat,100MiB,strings,baseline,,bytes,iter,True,,0,10,679744501.0,797470401.3800001,456915253.0,1628046022.0,214789504.56870443,0.3928560882724217,155516280.0734573,1378004.0,1291650.6923205669,0.9917402522409728,757118800.0,263228800.0,3.0,679744501.0,10,169576641.5,175123668.36380953,162834363.0,230843218.0,10792338.358237728,0.03434332426095809,618361636.8970858,515298.0,463376.18906121736,0.9951657152032632,170564750.0,41356333.33333333,1.0,169576641.5,53.0,615226096.0,5.0,0.26903348870127053,72367.0,24.0,268435440.0,641763011.0,0.24947114871915677,0.17328282073398804,0.30694984616038035,0.00018267179110955002,True,rust_faster,-510167859.5,-75.05288512808433,-62.6054786488283,-77.47186438904964,,,,,,,,
str.concat,10MiB,strings,baseline,,bytes,iter,True,,0,10,48828869.5,50488401.71327524,24384584.0,84605708.0,2368445.0524566215,0.16101986627674633,214799048.51047212,152604.0,128896.94130193048,0.99321712765051,50025211.9047619,3501631.578947368,3.0,48828869.5,10,12738412.5,12995612.021548718,12103155.0,22565143.0,226341.4701393855,0.06569150198289198,823209520.5464263,54410.0,54348.0,0.9899955013555775,12857011.821511822,0.0,1.0,12738412.5,42.0,52263664.0,19.0,0.4075399455298768,195326.0,21.0,33554416.0,77629601.0,0.2608787102883879,0.24804685719202293,0.27547092460367756,0.00018267179110955002,True,rust_faster,-36090457.0,-73.91212897116121,-64.34562658908023,-74.29893581262779,,,,,,,,
str.format,1M,strings,baseline,,records,iter,True,,0,10,435752664.5,438237501.3,383365797.0,528933437.0,12357341.075616857,0.07147121467740497,2294882.8653294547,422966.0,357095.8804447514,0.9896813745237656,431883300.0,40645800.0,3.0,435752664.5,10,244460671.5,249949818.34,236457228.0,312356296.0,10723216.957736066,0.03222231641936043,4090774.1828364227,126112.0,95291.1750173714,0.995649798172922,246136500.0,27587000.0,1.0,244460671.5,3000050.8,346629142.4,12.0,0.0010500026194910572,50860.0,24.0,192937969.0,192972378.0,0.5610078639002791,0.5495847957129254,0.5836462668423398,0.00018267179110955002,True,rust_faster,-191291993.0,-43.89921360997209,-70.18389184946308,-43.00856272979298,,,,,,,,
str.parse-numbers,100MiB,strings,baseline,,bytes,iter,True,,0,10,42008726.0,43096896.74474637,39675466.0,58317485.0,1033813.8969116625,0.06361444704780615,2496095042.7740097,839694.0,812987.852948556,0.9949975558231808,42713020.83333333,159583.3333333333,3.0,42008726.0,10,29702825.5,30527727.053583555,27029924.0,42178521.0,1626171.9308949811,0.06923355065351239,3531417574.1440554,115934.0,115756.0,0.9930379527007007,29969128.78787879,44.11764705882353,1.0,29702825.5,0.0,0.0,0.0,,0.0,0.0,0.0,121672405.0,0.7070632301488982,0.6721909531074215,0.7447309446521388,0.00018267179110955002,True,rust_faster,-12305900.5,-29.29367698511019,-86.1933037511284,-29.83608229251999,,,,,,,,
str.parse-numbers,10MiB,strings,baseline,,bytes,iter,True,,0,10,2632885.0,2782429.148898599,2293995.0,6552529.0,236856.61368748557,0.12696627743796307,3986531335.561908,76562.0,75830.0,0.9939699148051026,2739720.251412755,10616.068254532527,3.0,2632885.0,10,1397877.75,1484676.9772386595,1267724.0,8610320.0,41102.31554672775,0.128555606175017,7501186805.66732,14552.0,14380.0,0.9965163920511584,1442419.5538928024,17.890087964249435,1.0,1397877.75,0.0,0.0,0.0,,0.0,0.0,0.0,12100051.0,0.5309300444189549,0.4790583938924458,0.5744139877261694,0.00018267179110955002,True,rust_faster,-1235007.25,-46.90699555810451,-80.99318199629059,-47.35157528769555,,,,,,,,
str.regex,100MiB,strings,baseline,,bytes,iter,True,,0,10,12778271744.5,12765648941.380001,12122927500.0,13243832248.0,100591432.73777647,0.017743058730868302,8205939.450168552,209928.0,209697.32054125398,0.9911261645364309,12702466200.0,26940100.0,3.0,12778271744.5,10,72291976.0,73632413.57835165,68166209.0,99282415.0,1568598.5961200101,0.05419884191574419,1450504325.36693,106454.0,106348.0,0.9929433765842293,72667142.85714287,3428.5714285714284,1.0,72291976.0,197208.4,27318387.2,1.0,7.257859046709152e-06,57919.0,0.0,0.0,104959745.0,0.005657414198529295,0.005557658771137762,0.005751795736001934,0.00018267179110955002,True,rust_faster,-12705979768.5,-99.43425858014707,-49.29023284173621,-99.42792886268697,,,,,,,,
str.regex,10MiB,strings,baseline,,bytes,iter,True,,0,10,1253327593.5,1267050692.98,1187290198.0,1394795391.0,26302359.768667277,0.03388233934295044,8366743.737029608,24918.0,24713.37368155086,0.9921584521205153,1255589800.0,2517600.0,3.0,1253327593.5,10,5435424.5,5821374.454741865,5120646.0,12811138.0,415580.48004140815,0.10815957219940342,1929151335.5462406,14292.0,14162.0,0.9969984832358765,5581100.188323917,27.77777777777778,1.0,5435424.5,19591.4,2252067.2,1.0,4.714004060298075e-05,29606.0,0.0,0.0,10588863.0,0.004336794728041707,0.004251422627438619,0.0045987322131275914,0.00018267179110955002,True,rust_faster,-1247892169.0,-99.56632052719583,-42.643871899831446,-99.55549971907035,,,,,,,,
str.search,100MiB,strings,baseline,,bytes,iter,True,,0,10,201057902.0,205344092.54000002,197132989.0,252231512.0,2244525.423987292,0.02960744486485241,521531716.1317854,208868.0,208816.0,0.9941358268133589,202668600.0,698800.0,3.0,201057902.0,10,202911194.0,205214308.70666665,195293976.0,227144947.0,3862384.0179181793,0.028814725079736155,516766507.2812878,105552.0,105408.0,0.9945014104621007,203340000.0,14800.0,1.0,202911194.0,0.0,0.0,0.0,,0.0,0.0,0.0,104894934.0,1.0092177028685,0.9925022228508275,1.0316086039424717,0.21229383619233155,False,no_measurable_difference,1853292.0,0.9217702868500041,-49.464733707413295,0.3312797345025327,,,,,,,,
str.search,10MiB,strings,baseline,,bytes,iter,True,,0,10,19244332.0,19535700.558426935,18065032.0,43214323.0,618475.8735914195,0.05256898230299389,544889302.6404538,24420.0,24240.0,0.9959343672488494,19399431.927487977,114.31742508324083,3.0,19244332.0,10,19766050.5,19986089.872029297,18722161.0,26494824.0,385423.45047561,0.027691142519872505,530494067.86307603,13388.0,13224.0,0.9960565787242438,19780664.705882356,0.0,1.0,19766050.5,0.0,0.0,0.0,,0.0,0.0,0.0,10523316.0,1.0271102421222,0.9980285950485597,1.060183956544462,0.04515456962427901,False,no_measurable_difference,521718.5,2.7110242122199932,-45.176085176085174,1.9651749588305825,,,,,,,,
str.split,100MiB,strings,baseline,,bytes,iter,True,,0,10,389801686.5,396534717.42,359646460.0,488514835.0,11328846.820879811,0.0537685785915793,269007209.04511774,300400.0,285085.2806985839,0.9918345791614526,390150900.0,5153500.0,3.0,389801686.5,10,512729282.0,516978894.75999993,495510286.0,597610980.0,12689175.73619166,0.03016049347735484,204513932.01112103,122588.0,121654.85871258416,0.9937863125656234,510634400.0,9198800.0,1.0,512729282.0,1091280.2,232406627.2,10.0,0.08056115928842016,74123.0,2751604.0,592340992.0,138450610.0,1.3153593218227393,1.2836531789202874,1.340680886843066,0.00018267179110955002,True,go_faster,122927595.5,31.535932182273925,-59.19174434087883,30.881256457437367,,,,,,,,
str.split,10MiB,strings,baseline,,bytes,iter,True,,0,10,41336916.5,41954048.21372129,37098712.0,72207582.0,796505.7325679248,0.05813529796988906,253666037.15375936,40472.0,35143.45239861494,0.9978614128168599,41781895.83333333,1060332.5,3.0,41336916.5,10,50171380.25,51204084.348872185,48422006.0,76337791.0,901143.2055698227,0.04586595317000923,208998453.3001538,15100.0,15052.0,0.9961974832706808,50395850.0,50.0,1.0,50171380.25,109347.0,23244352.0,42.0,0.07672985668951987,126126.0,275709.0,56753472.0,12621584.0,1.2137184990564065,1.1947349944086603,1.241911912263458,0.00018267179110955002,True,go_faster,8834463.75,21.371849905640637,-62.690254991104965,20.61647513800586,,,,,,,,
str.split-lazy,100MiB,strings,idiomatic,str.split,bytes,iter,True,,0,10,226710736.5,230292813.26000005,223854822.0,265562313.0,2931477.640610469,0.025592871537104933,462518668.1879265,208950.0,208816.0,0.9965509149750105,228837500.0,827900.0,3.0,226710736.5,10,293669500.0,298580066.48,288037871.0,334297858.0,5945553.983326447,0.03635903612946396,357059979.00070965,105552.0,105388.0,0.9964815127191022,297206900.0,3900.0,1.0,293669500.0,0.0,0.0,0.0,,0.0,0.0,0.0,104894946.0,1.2953488861344686,1.2759604068381505,1.3262378309782452,0.00018267179110955002,True,go_faster,66958763.5,29.534888613446853,-49.48456568557071,29.87683399792429,,,,,,,,
str.split-lazy,10MiB,strings,idiomatic,str.split,bytes,iter,True,,0,10,22594007.25,23239464.951137044,22098602.0,31496323.0,1046818.3317729224,0.03712219684096714,464093909.94360733,24424.0,24240.0,0.9951738359491966,22717079.545454547,1356.5010570824525,3.0,22594007.25,10,29195880.0,29976984.287860967,28622931.0,46083849.0,412721.6112496412,0.05990296652943261,359151726.7477285,13388.0,13228.0,0.9904921584756088,29596397.05882353,151.5151515151515,1.0,29195880.0,0.0,0.0,0.0,,0.0,0.0,0.0,10523328.0,1.2921957436302054,1.276335637155751,1.3089428976279305,0.00018267179110955002,True,go_faster,6601872.75,29.219574363020527,-45.185063871601706,30.28257879541327,,,,,,,,
str.unicode-count,100MiB,strings,baseline,,bytes,iter,True,,0,10,93392996.0,99193014.09454545,90585518.0,143432346.0,3721949.6013652803,0.10444633816599014,1122765476.6809177,208952.0,208816.0,0.9919234457392905,98950886.36363637,13772.727272727272,3.0,93392996.0,10,14875634.25,15277125.420252789,13392343.0,27435329.0,746172.5953497175,0.06274707621638143,7050427802.182732,105548.0,105386.0,0.9940034841744345,15238309.207459208,50.847457627118644,1.0,14875634.25,0.0,0.0,0.0,,0.0,0.0,0.0,104895421.0,0.1592799769481643,0.15043979620223683,0.16455751999615303,0.00018267179110955002,True,rust_faster,-78517361.75,-84.07200230518357,-49.486963513151345,-84.60012864214306,,,,,,,,
str.unicode-count,10MiB,strings,baseline,,bytes,iter,True,,0,10,9267493.5,9811790.070610141,8907098.0,20954540.0,398197.3478851075,0.08235890785916625,1131458713.2901666,24424.0,24240.0,0.9949618221662232,9503371.531631522,19148.476718019734,3.0,9267493.5,10,585211.75,622084.412004388,491636.0,4066742.0,44045.6898263673,0.24639572381460956,17937248369.72369,13408.0,13228.0,0.9940022983584851,615003.6966382925,2.0685579196217496,1.0,585211.75,0.0,0.0,0.0,,0.0,0.0,0.0,10531259.0,0.06314671275464072,0.058034994216785776,0.06722951151933586,0.00018267179110955002,True,rust_faster,-8682281.75,-93.68532872453594,-45.1031772027514,-93.52857357421752,,,,,,,,
str.upper,100MiB,strings,baseline,,bytes,iter,True,,0,10,540535318.5,542524692.96,488689667.0,627307427.0,7973877.012860575,0.06410020843361663,193994623.01690722,619382.0,483609.51557744667,0.9923463783419757,536736400.0,24999000.0,3.0,540535318.5,10,549229866.5,561177071.72,519577468.0,629476498.0,16717679.430282503,0.056780743494059566,190919455.95540667,310286.0,259213.69150322865,0.9915571231336122,558102300.0,40376600.0,1.0,549229866.5,1.0,104857600.0,2.0,0.00014961556476891747,49445.0,1.0,104857579.0,314607256.0,1.0160850691942342,0.9914823992496319,1.0439998788743603,0.14046504815835495,False,no_measurable_difference,8694548.0,1.6085069194234345,-49.90393650445121,3.980706357906786,,,,,,,,
str.upper,10MiB,strings,baseline,,bytes,iter,True,,0,10,50235374.0,51943291.12537594,48206343.0,97814151.0,956431.9448785055,0.0947126006601809,208733755.2378986,65878.0,65801.83902750156,0.9963513296694757,51714750.0,187880.95238095237,3.0,50235374.0,10,50541113.5,52549099.91614453,48959121.0,77797499.0,1154096.798121757,0.06236867088501992,207470120.84085497,33870.0,33810.0,0.9958038090950128,51668734.21052632,375.0,1.0,50541113.5,1.0,10485760.0,7.0,0.0012996157048732707,56680.0,1.0,10485739.0,31491830.0,1.0060861396194642,0.9916073212527099,1.0424446968252912,0.12122450301291662,False,no_measurable_difference,305739.5,0.6086139619464165,-48.58678162664319,-0.08898000952084781,,,,,,,,
