run_id,workload,variant_of,track,test,lang,flavor,rec_ok,round,i,exec_to_exit_ms,ok,health_ms,first_request_ms,hwm_kb,threads
20260925T083500Z-native-vm,startup.hello,,baseline,cli,go,,True,0,0,1.256906,,,,,
20260925T083500Z-native-vm,startup.hello,,baseline,cli,go,,True,0,1,1.376813,,,,,
20260925T083500Z-native-vm,startup.hello,,baseline,cli,go,,True,0,2,1.4329180000000001,,,,,
20260925T083500Z-native-vm,startup.hello,,baseline,cli,go,,True,0,3,1.4368830000000001,,,,,
20260925T083500Z-native-vm,startup.hello,,baseline,cli,go,,True,0,4,1.331923,,,,,
20260925T083500Z-native-vm,startup.hello,,baseline,cli,go,,True,0,5,1.6394790000000001,,,,,
20260925T083500Z-native-vm,startup.hello,,baseline,cli,go,,True,0,6,1.406203,,,,,
20260925T083500Z-native-vm,startup.hello,,baseline,cli,go,,True,0,7,1.391532,,,,,
20260925T083500Z-native-vm,startup.hello,,baseline,cli,go,,True,0,8,1.500012,,,,,
20260925T083500Z-native-vm,startup.hello,,baseline,cli,go,,True,0,9,1.439734,,,,,
20260925T083500Z-native-vm,startup.hello,,baseline,cli,go,,True,0,10,1.466953,,,,,
20260925T083500Z-native-vm,startup.hello,,baseline,cli,go,,True,0,11,1.423447,,,,,
20260925T083500Z-native-vm,startup.hello,,baseline,cli,go,,True,0,12,1.4142190000000001,,,,,
20260925T083500Z-native-vm,startup.hello,,baseline,cli,go,,True,0,13,1.435299,,,,,
20260925T083500Z-native-vm,startup.hello,,baseline,cli,go,,True,0,14,1.412616,,,,,
20260925T083500Z-native-vm,startup.hello,,baseline,cli,go,,True,0,15,1.4032300000000002,,,,,
20260925T083500Z-native-vm,startup.hello,,baseline,cli,go,,True,0,16,1.504882,,,,,
20260925T083500Z-native-vm,startup.hello,,baseline,cli,go,,True,0,17,1.3038859999999999,,,,,
20260925T083500Z-native-vm,startup.hello,,baseline,cli,go,,True,0,18,1.402462,,,,,
20260925T083500Z-native-vm,startup.hello,,baseline,cli,go,,True,0,19,1.69468,,,,,
20260925T083500Z-native-vm,startup.hello,,baseline,cli,go,,True,0,20,1.392192,,,,,
20260925T083500Z-native-vm,startup.hello,,baseline,cli,go,,True,0,21,1.35158,,,,,
20260925T083500Z-native-vm,startup.hello,,baseline,cli,go,,True,0,22,1.443864,,,,,
20260925T083500Z-native-vm,startup.hello,,baseline,cli,go,,True,0,23,1.4220550000000003,,,,,
20260925T083500Z-native-vm,startup.hello,,baseline,cli,go,,True,0,24,1.766607,,,,,
20260925T083500Z-native-vm,startup.hello,,baseline,cli,go,,True,0,25,1.4319160000000002,,,,,
20260925T083500Z-native-vm,startup.hello,,baseline,cli,go,,True,0,26,1.403016,,,,,
20260925T083500Z-native-vm,startup.hello,,baseline,cli,go,,True,0,27,1.466423,,,,,
20260925T083500Z-native-vm,startup.hello,,baseline,cli,go,,True,0,28,1.371668,,,,,
20260925T083500Z-native-vm,startup.hello,,baseline,cli,go,,True,0,29,1.400041,,,,,
20260925T083500Z-native-vm,startup.hello,,baseline,cli,go,,True,0,30,1.606724,,,,,
20260925T083500Z-native-vm,startup.hello,,baseline,cli,go,,True,0,31,1.452298,,,,,
20260925T083500Z-native-vm,startup.hello,,baseline,cli,go,,True,0,32,1.434841,,,,,
20260925T083500Z-native-vm,startup.hello,,baseline,cli,go,,True,0,33,1.3723630000000002,,,,,
20260925T083500Z-native-vm,startup.hello,,baseline,cli,go,,True,0,34,1.459978,,,,,
20260925T083500Z-native-vm,startup.hello,,baseline,cli,go,,True,0,35,1.686409,,,,,
20260925T083500Z-native-vm,startup.hello,,baseline,cli,go,,True,0,36,1.386249,,,,,
20260925T083500Z-native-vm,startup.hello,,baseline,cli,go,,True,0,37,1.425971,,,,,
20260925T083500Z-native-vm,startup.hello,,baseline,cli,go,,True,0,38,1.412819,,,,,
20260925T083500Z-native-vm,startup.hello,,baseline,cli,go,,True,0,39,1.3770400000000003,,,,,
20260925T083500Z-native-vm,startup.hello,,baseline,cli,go,,True,0,40,1.4686130000000002,,,,,
20260925T083500Z-native-vm,startup.hello,,baseline,cli,go,,True,0,41,1.6389890000000003,,,,,
20260925T083500Z-native-vm,startup.hello,,baseline,cli,go,,True,0,42,1.421156,,,,,
20260925T083500Z-native-vm,startup.hello,,baseline,cli,go,,True,0,43,1.418296,,,,,
20260925T083500Z-native-vm,startup.hello,,baseline,cli,go,,True,0,44,1.3994760000000002,,,,,
20260925T083500Z-native-vm,startup.hello,,baseline,cli,go,,True,0,45,1.3793750000000002,,,,,
20260925T083500Z-native-vm,startup.hello,,baseline,cli,go,,True,0,46,1.457988,,,,,
20260925T083500Z-native-vm,startup.hello,,baseline,cli,go,,True,0,47,1.364243,,,,,
20260925T083500Z-native-vm,startup.hello,,baseline,cli,go,,True,0,48,1.242826,,,,,
20260925T083500Z-native-vm,startup.hello,,baseline,cli,go,,True,0,49,1.314918,,,,,
20260925T083500Z-native-vm,startup.hello,,baseline,cli,go,,True,0,50,0.969523,,,,,
20260925T083500Z-native-vm,startup.hello,,baseline,cli,go,,True,0,51,0.8866900000000001,,,,,
20260925T083500Z-native-vm,startup.hello,,baseline,cli,go,,True,0,52,0.8973990000000001,,,,,
20260925T083500Z-native-vm,startup.hello,,baseline,cli,go,,True,0,53,0.9549090000000001,,,,,
20260925T083500Z-native-vm,startup.hello,,baseline,cli,go,,True,0,54,0.9111340000000001,,,,,
20260925T083500Z-native-vm,startup.hello,,baseline,cli,go,,True,0,55,0.916977,,,,,
20260925T083500Z-native-vm,startup.hello,,baseline,cli,go,,True,0,56,0.8945750000000001,,,,,
20260925T083500Z-native-vm,startup.hello,,baseline,cli,go,,True,0,57,0.918594,,,,,
20260925T083500Z-native-vm,startup.hello,,baseline,cli,go,,True,0,58,1.08227,,,,,
20260925T083500Z-native-vm,startup.hello,,baseline,cli,go,,True,0,59,0.902526,,,,,
20260925T083500Z-native-vm,startup.hello,,baseline,cli,go,,True,0,60,0.8999460000000001,,,,,
20260925T083500Z-native-vm,startup.hello,,baseline,cli,go,,True,0,61,0.887542,,,,,
20260925T083500Z-native-vm,startup.hello,,baseline,cli,go,,True,0,62,1.022922,,,,,
20260925T083500Z-native-vm,startup.hello,,baseline,cli,go,,True,0,63,0.923995,,,,,
20260925T083500Z-native-vm,startup.hello,,baseline,cli,go,,True,0,64,0.9085340000000001,,,,,
20260925T083500Z-native-vm,startup.hello,,baseline,cli,go,,True,0,65,0.9016790000000001,,,,,
20260925T083500Z-native-vm,startup.hello,,baseline,cli,go,,True,0,66,1.1187960000000001,,,,,
20260925T083500Z-native-vm,startup.hello,,baseline,cli,go,,True,0,67,0.9148130000000001,,,,,
20260925T083500Z-native-vm,startup.hello,,baseline,cli,go,,True,0,68,1.1373750000000002,,,,,
20260925T083500Z-native-vm,startup.hello,,baseline,cli,go,,True,0,69,1.005672,,,,,
20260925T083500Z-native-vm,startup.hello,,baseline,cli,go,,True,0,70,1.1616270000000002,,,,,
20260925T083500Z-native-vm,startup.hello,,baseline,cli,go,,True,0,71,0.9618300000000001,,,,,
20260925T083500Z-native-vm,startup.hello,,baseline,cli,go,,True,0,72,0.896514,,,,,
20260925T083500Z-native-vm,startup.hello,,baseline,cli,go,,True,0,73,0.929998,,,,,
20260925T083500Z-native-vm,startup.hello,,baseline,cli,go,,True,0,74,1.213562,,,,,
20260925T083500Z-native-vm,startup.hello,,baseline,cli,go,,True,0,75,0.9249950000000001,,,,,
20260925T083500Z-native-vm,startup.hello,,baseline,cli,go,,True,0,76,0.9288880000000002,,,,,
20260925T083500Z-native-vm,startup.hello,,baseline,cli,go,,True,0,77,0.9070870000000001,,,,,
20260925T083500Z-native-vm,startup.hello,,baseline,cli,go,,True,0,78,1.020804,,,,,
20260925T083500Z-native-vm,startup.hello,,baseline,cli,go,,True,0,79,0.9123290000000001,,,,,
20260925T083500Z-native-vm,startup.hello,,baseline,cli,go,,True,0,80,0.905284,,,,,
20260925T083500Z-native-vm,startup.hello,,baseline,cli,go,,True,0,81,0.9022590000000001,,,,,
20260925T083500Z-native-vm,startup.hello,,baseline,cli,go,,True,0,82,0.9415000000000001,,,,,
20260925T083500Z-native-vm,startup.hello,,baseline,cli,go,,True,0,83,0.8766570000000001,,,,,
20260925T083500Z-native-vm,startup.hello,,baseline,cli,go,,True,0,84,0.8999520000000001,,,,,
20260925T083500Z-native-vm,startup.hello,,baseline,cli,go,,True,0,85,0.899012,,,,,
20260925T083500Z-native-vm,startup.hello,,baseline,cli,go,,True,0,86,1.122039,,,,,
20260925T083500Z-native-vm,startup.hello,,baseline,cli,go,,True,0,87,0.8851450000000001,,,,,
20260925T083500Z-native-vm,startup.hello,,baseline,cli,go,,True,0,88,0.89119,,,,,
20260925T083500Z-native-vm,startup.hello,,baseline,cli,go,,True,0,89,0.958756,,,,,
20260925T083500Z-native-vm,startup.hello,,baseline,cli,go,,True,0,90,1.432722,,,,,
20260925T083500Z-native-vm,startup.hello,,baseline,cli,go,,True,0,91,1.303028,,,,,
20260925T083500Z-native-vm,startup.hello,,baseline,cli,go,,True,0,92,0.935287,,,,,
20260925T083500Z-native-vm,startup.hello,,baseline,cli,go,,True,0,93,0.896899,,,,,
20260925T083500Z-native-vm,startup.hello,,baseline,cli,go,,True,0,94,0.9964270000000001,,,,,
20260925T083500Z-native-vm,startup.hello,,baseline,cli,go,,True,0,95,0.9615730000000001,,,,,
20260925T083500Z-native-vm,startup.hello,,baseline,cli,go,,True,0,96,0.907702,,,,,
20260925T083500Z-native-vm,startup.hello,,baseline,cli,go,,True,0,97,0.923828,,,,,
20260925T083500Z-native-vm,startup.hello,,baseline,cli,go,,True,0,98,1.452151,,,,,
20260925T083500Z-native-vm,startup.hello,,baseline,cli,go,,True,0,99,0.924427,,,,,
20260925T083500Z-native-vm,startup.hello,,baseline,cli,go,,True,1,0,1.145793,,,,,
20260925T083500Z-native-vm,startup.hello,,baseline,cli,go,,True,1,1,0.9559270000000001,,,,,
20260925T083500Z-native-vm,startup.hello,,baseline,cli,go,,True,1,2,0.9196770000000001,,,,,
20260925T083500Z-native-vm,startup.hello,,baseline,cli,go,,True,1,3,0.9373070000000001,,,,,
20260925T083500Z-native-vm,startup.hello,,baseline,cli,go,,True,1,4,0.9177050000000001,,,,,
20260925T083500Z-native-vm,startup.hello,,baseline,cli,go,,True,1,5,0.9277360000000001,,,,,
20260925T083500Z-native-vm,startup.hello,,baseline,cli,go,,True,1,6,0.9506030000000001,,,,,
20260925T083500Z-native-vm,startup.hello,,baseline,cli,go,,True,1,7,0.896723,,,,,
20260925T083500Z-native-vm,startup.hello,,baseline,cli,go,,True,1,8,0.883897,,,,,
20260925T083500Z-native-vm,startup.hello,,baseline,cli,go,,True,1,9,0.8776070000000001,,,,,
20260925T083500Z-native-vm,startup.hello,,baseline,cli,go,,True,1,10,0.879097,,,,,
20260925T083500Z-native-vm,startup.hello,,baseline,cli,go,,True,1,11,0.886152,,,,,
20260925T083500Z-native-vm,startup.hello,,baseline,cli,go,,True,1,12,1.0595610000000002,,,,,
20260925T083500Z-native-vm,startup.hello,,baseline,cli,go,,True,1,13,0.8890110000000001,,,,,
20260925T083500Z-native-vm,startup.hello,,baseline,cli,go,,True,1,14,0.8913850000000001,,,,,
20260925T083500Z-native-vm,startup.hello,,baseline,cli,go,,True,1,15,0.8948140000000001,,,,,
20260925T083500Z-native-vm,startup.hello,,baseline,cli,go,,True,1,16,0.893192,,,,,
20260925T083500Z-native-vm,startup.hello,,baseline,cli,go,,True,1,17,0.928138,,,,,
20260925T083500Z-native-vm,startup.hello,,baseline,cli,go,,True,1,18,0.910132,,,,,
20260925T083500Z-native-vm,startup.hello,,baseline,cli,go,,True,1,19,0.8923770000000001,,,,,
20260925T083500Z-native-vm,startup.hello,,baseline,cli,go,,True,1,20,0.9191360000000001,,,,,
20260925T083500Z-native-vm,startup.hello,,baseline,cli,go,,True,1,21,0.887672,,,,,
20260925T083500Z-native-vm,startup.hello,,baseline,cli,go,,True,1,22,0.8802390000000001,,,,,
20260925T083500Z-native-vm,startup.hello,,baseline,cli,go,,True,1,23,0.893305,,,,,
20260925T083500Z-native-vm,startup.hello,,baseline,cli,go,,True,1,24,0.8938200000000001,,,,,
20260925T083500Z-native-vm,startup.hello,,baseline,cli,go,,True,1,25,0.9598840000000001,,,,,
20260925T083500Z-native-vm,startup.hello,,baseline,cli,go,,True,1,26,0.9111600000000001,,,,,
20260925T083500Z-native-vm,startup.hello,,baseline,cli,go,,True,1,27,0.859137,,,,,
20260925T083500Z-native-vm,startup.hello,,baseline,cli,go,,True,1,28,0.8793610000000001,,,,,
20260925T083500Z-native-vm,startup.hello,,baseline,cli,go,,True,1,29,1.248416,,,,,
20260925T083500Z-native-vm,startup.hello,,baseline,cli,go,,True,1,30,0.8917970000000001,,,,,
20260925T083500Z-native-vm,startup.hello,,baseline,cli,go,,True,1,31,0.848408,,,,,
20260925T083500Z-native-vm,startup.hello,,baseline,cli,go,,True,1,32,0.8901890000000001,,,,,
20260925T083500Z-native-vm,startup.hello,,baseline,cli,go,,True,1,33,0.906971,,,,,
20260925T083500Z-native-vm,startup.hello,,baseline,cli,go,,True,1,34,0.933381,,,,,
20260925T083500Z-native-vm,startup.hello,,baseline,cli,go,,True,1,35,0.9289550000000001,,,,,
20260925T083500Z-native-vm,startup.hello,,baseline,cli,go,,True,1,36,0.9193340000000001,,,,,
20260925T083500Z-native-vm,startup.hello,,baseline,cli,go,,True,1,37,0.940598,,,,,
20260925T083500Z-native-vm,startup.hello,,baseline,cli,go,,True,1,38,1.1996310000000001,,,,,
20260925T083500Z-native-vm,startup.hello,,baseline,cli,go,,True,1,39,0.8924930000000001,,,,,
20260925T083500Z-native-vm,startup.hello,,baseline,cli,go,,True,1,40,0.8861450000000001,,,,,
20260925T083500Z-native-vm,startup.hello,,baseline,cli,go,,True,1,41,0.91228,,,,,
20260925T083500Z-native-vm,startup.hello,,baseline,cli,go,,True,1,42,0.944146,,,,,
20260925T083500Z-native-vm,startup.hello,,baseline,cli,go,,True,1,43,0.925633,,,,,
20260925T083500Z-native-vm,startup.hello,,baseline,cli,go,,True,1,44,0.887884,,,,,
20260925T083500Z-native-vm,startup.hello,,baseline,cli,go,,True,1,45,0.9174570000000001,,,,,
20260925T083500Z-native-vm,startup.hello,,baseline,cli,go,,True,1,46,1.0353910000000002,,,,,
20260925T083500Z-native-vm,startup.hello,,baseline,cli,go,,True,1,47,0.891374,,,,,
20260925T083500Z-native-vm,startup.hello,,baseline,cli,go,,True,1,48,0.870792,,,,,
20260925T083500Z-native-vm,startup.hello,,baseline,cli,go,,True,1,49,0.8929870000000001,,,,,
20260925T083500Z-native-vm,startup.hello,,baseline,cli,go,,True,1,50,0.890038,,,,,
20260925T083500Z-native-vm,startup.hello,,baseline,cli,go,,True,1,51,0.8959360000000001,,,,,
20260925T083500Z-native-vm,startup.hello,,baseline,cli,go,,True,1,52,1.2100560000000002,,,,,
20260925T083500Z-native-vm,startup.hello,,baseline,cli,go,,True,1,53,0.9643820000000001,,,,,
20260925T083500Z-native-vm,startup.hello,,baseline,cli,go,,True,1,54,1.000292,,,,,
20260925T083500Z-native-vm,startup.hello,,baseline,cli,go,,True,1,55,0.925556,,,,,
20260925T083500Z-native-vm,startup.hello,,baseline,cli,go,,True,1,56,0.9757730000000001,,,,,
20260925T083500Z-native-vm,startup.hello,,baseline,cli,go,,True,1,57,0.9244120000000001,,,,,
20260925T083500Z-native-vm,startup.hello,,baseline,cli,go,,True,1,58,1.177262,,,,,
20260925T083500Z-native-vm,startup.hello,,baseline,cli,go,,True,1,59,0.905491,,,,,
20260925T083500Z-native-vm,startup.hello,,baseline,cli,go,,True,1,60,0.8890250000000001,,,,,
20260925T083500Z-native-vm,startup.hello,,baseline,cli,go,,True,1,61,0.9105540000000001,,,,,
20260925T083500Z-native-vm,startup.hello,,baseline,cli,go,,True,1,62,1.0001280000000001,,,,,
20260925T083500Z-native-vm,startup.hello,,baseline,cli,go,,True,1,63,0.9509550000000001,,,,,
20260925T083500Z-native-vm,startup.hello,,baseline,cli,go,,True,1,64,0.9103150000000001,,,,,
20260925T083500Z-native-vm,startup.hello,,baseline,cli,go,,True,1,65,0.9443600000000001,,,,,
20260925T083500Z-native-vm,startup.hello,,baseline,cli,go,,True,1,66,0.9126440000000001,,,,,
20260925T083500Z-native-vm,startup.hello,,baseline,cli,go,,True,1,67,3.2427080000000004,,,,,
20260925T083500Z-native-vm,startup.hello,,baseline,cli,go,,True,1,68,1.556931,,,,,
20260925T083500Z-native-vm,startup.hello,,baseline,cli,go,,True,1,69,0.9800550000000001,,,,,
20260925T083500Z-native-vm,startup.hello,,baseline,cli,go,,True,1,70,1.047987,,,,,
20260925T083500Z-native-vm,startup.hello,,baseline,cli,go,,True,1,71,0.945795,,,,,
20260925T083500Z-native-vm,startup.hello,,baseline,cli,go,,True,1,72,1.040696,,,,,
20260925T083500Z-native-vm,startup.hello,,baseline,cli,go,,True,1,73,0.9818580000000001,,,,,
20260925T083500Z-native-vm,startup.hello,,baseline,cli,go,,True,1,74,1.0684000000000002,,,,,
20260925T083500Z-native-vm,startup.hello,,baseline,cli,go,,True,1,75,0.92743,,,,,
20260925T083500Z-native-vm,startup.hello,,baseline,cli,go,,True,1,76,1.319249,,,,,
20260925T083500Z-native-vm,startup.hello,,baseline,cli,go,,True,1,77,0.9136560000000001,,,,,
20260925T083500Z-native-vm,startup.hello,,baseline,cli,go,,True,1,78,1.041274,,,,,
20260925T083500Z-native-vm,startup.hello,,baseline,cli,go,,True,1,79,1.039262,,,,,
20260925T083500Z-native-vm,startup.hello,,baseline,cli,go,,True,1,80,0.933152,,,,,
20260925T083500Z-native-vm,startup.hello,,baseline,cli,go,,True,1,81,0.903363,,,,,
20260925T083500Z-native-vm,startup.hello,,baseline,cli,go,,True,1,82,0.98095,,,,,
20260925T083500Z-native-vm,startup.hello,,baseline,cli,go,,True,1,83,0.9232620000000001,,,,,
20260925T083500Z-native-vm,startup.hello,,baseline,cli,go,,True,1,84,1.280336,,,,,
20260925T083500Z-native-vm,startup.hello,,baseline,cli,go,,True,1,85,0.9189360000000001,,,,,
20260925T083500Z-native-vm,startup.hello,,baseline,cli,go,,True,1,86,1.1387470000000002,,,,,
20260925T083500Z-native-vm,startup.hello,,baseline,cli,go,,True,1,87,0.9955370000000001,,,,,
20260925T083500Z-native-vm,startup.hello,,baseline,cli,go,,True,1,88,0.922843,,,,,
20260925T083500Z-native-vm,startup.hello,,baseline,cli,go,,True,1,89,0.9880870000000002,,,,,
20260925T083500Z-native-vm,startup.hello,,baseline,cli,go,,True,1,90,1.008122,,,,,
20260925T083500Z-native-vm,startup.hello,,baseline,cli,go,,True,1,91,1.246445,,,,,
20260925T083500Z-native-vm,startup.hello,,baseline,cli,go,,True,1,92,0.9212240000000002,,,,,
20260925T083500Z-native-vm,startup.hello,,baseline,cli,go,,True,1,93,0.933786,,,,,
20260925T083500Z-native-vm,startup.hello,,baseline,cli,go,,True,1,94,0.9104400000000001,,,,,
20260925T083500Z-native-vm,startup.hello,,baseline,cli,go,,True,1,95,0.9564840000000001,,,,,
20260925T083500Z-native-vm,startup.hello,,baseline,cli,go,,True,1,96,0.9016040000000001,,,,,
20260925T083500Z-native-vm,startup.hello,,baseline,cli,go,,True,1,97,0.8981110000000001,,,,,
20260925T083500Z-native-vm,startup.hello,,baseline,cli,go,,True,1,98,1.057639,,,,,
20260925T083500Z-native-vm,startup.hello,,baseline,cli,go,,True,1,99,1.1772500000000001,,,,,
20260925T083500Z-native-vm,startup.hello,,baseline,cli,go,,True,2,0,0.887197,,,,,
20260925T083500Z-native-vm,startup.hello,,baseline,cli,go,,True,2,1,0.940729,,,,,
20260925T083500Z-native-vm,startup.hello,,baseline,cli,go,,True,2,2,0.8909590000000001,,,,,
20260925T083500Z-native-vm,startup.hello,,baseline,cli,go,,True,2,3,0.900285,,,,,
20260925T083500Z-native-vm,startup.hello,,baseline,cli,go,,True,2,4,0.8978370000000001,,,,,
20260925T083500Z-native-vm,startup.hello,,baseline,cli,go,,True,2,5,0.9060720000000001,,,,,
20260925T083500Z-native-vm,startup.hello,,baseline,cli,go,,True,2,6,1.049037,,,,,
20260925T083500Z-native-vm,startup.hello,,baseline,cli,go,,True,2,7,0.980638,,,,,
20260925T083500Z-native-vm,startup.hello,,baseline,cli,go,,True,2,8,0.892444,,,,,
20260925T083500Z-native-vm,startup.hello,,baseline,cli,go,,True,2,9,0.9538540000000001,,,,,
20260925T083500Z-native-vm,startup.hello,,baseline,cli,go,,True,2,10,1.063546,,,,,
20260925T083500Z-native-vm,startup.hello,,baseline,cli,go,,True,2,11,0.926272,,,,,
20260925T083500Z-native-vm,startup.hello,,baseline,cli,go,,True,2,12,0.917,,,,,
20260925T083500Z-native-vm,startup.hello,,baseline,cli,go,,True,2,13,0.857002,,,,,
20260925T083500Z-native-vm,startup.hello,,baseline,cli,go,,True,2,14,1.25014,,,,,
20260925T083500Z-native-vm,startup.hello,,baseline,cli,go,,True,2,15,0.9112790000000001,,,,,
20260925T083500Z-native-vm,startup.hello,,baseline,cli,go,,True,2,16,0.891555,,,,,
20260925T083500Z-native-vm,startup.hello,,baseline,cli,go,,True,2,17,0.868371,,,,,
20260925T083500Z-native-vm,startup.hello,,baseline,cli,go,,True,2,18,0.9508160000000001,,,,,
20260925T083500Z-native-vm,startup.hello,,baseline,cli,go,,True,2,19,0.9020740000000002,,,,,
20260925T083500Z-native-vm,startup.hello,,baseline,cli,go,,True,2,20,0.890888,,,,,
20260925T083500Z-native-vm,startup.hello,,baseline,cli,go,,True,2,21,0.9121130000000001,,,,,
20260925T083500Z-native-vm,startup.hello,,baseline,cli,go,,True,2,22,1.14877,,,,,
20260925T083500Z-native-vm,startup.hello,,baseline,cli,go,,True,2,23,0.8964230000000001,,,,,
20260925T083500Z-native-vm,startup.hello,,baseline,cli,go,,True,2,24,0.914436,,,,,
20260925T083500Z-native-vm,startup.hello,,baseline,cli,go,,True,2,25,0.911207,,,,,
20260925T083500Z-native-vm,startup.hello,,baseline,cli,go,,True,2,26,0.8941100000000001,,,,,
20260925T083500Z-native-vm,startup.hello,,baseline,cli,go,,True,2,27,0.956223,,,,,
20260925T083500Z-native-vm,startup.hello,,baseline,cli,go,,True,2,28,0.9004420000000001,,,,,
20260925T083500Z-native-vm,startup.hello,,baseline,cli,go,,True,2,29,0.904308,,,,,
20260925T083500Z-native-vm,startup.hello,,baseline,cli,go,,True,2,30,0.9169160000000001,,,,,
20260925T083500Z-native-vm,startup.hello,,baseline,cli,go,,True,2,31,1.1766400000000001,,,,,
20260925T083500Z-native-vm,startup.hello,,baseline,cli,go,,True,2,32,0.897166,,,,,
20260925T083500Z-native-vm,startup.hello,,baseline,cli,go,,True,2,33,1.247536,,,,,
20260925T083500Z-native-vm,startup.hello,,baseline,cli,go,,True,2,34,1.29705,,,,,
20260925T083500Z-native-vm,startup.hello,,baseline,cli,go,,True,2,35,1.146363,,,,,
20260925T083500Z-native-vm,startup.hello,,baseline,cli,go,,True,2,36,0.953831,,,,,
20260925T083500Z-native-vm,startup.hello,,baseline,cli,go,,True,2,37,0.9210140000000001,,,,,
20260925T083500Z-native-vm,startup.hello,,baseline,cli,go,,True,2,38,1.2476690000000001,,,,,
20260925T083500Z-native-vm,startup.hello,,baseline,cli,go,,True,2,39,0.9328770000000001,,,,,
20260925T083500Z-native-vm,startup.hello,,baseline,cli,go,,True,2,40,0.877072,,,,,
20260925T083500Z-native-vm,startup.hello,,baseline,cli,go,,True,2,41,0.930693,,,,,
20260925T083500Z-native-vm,startup.hello,,baseline,cli,go,,True,2,42,0.970848,,,,,
20260925T083500Z-native-vm,startup.hello,,baseline,cli,go,,True,2,43,0.8919860000000001,,,,,
20260925T083500Z-native-vm,startup.hello,,baseline,cli,go,,True,2,44,0.9367580000000001,,,,,
20260925T083500Z-native-vm,startup.hello,,baseline,cli,go,,True,2,45,0.9202640000000001,,,,,
20260925T083500Z-native-vm,startup.hello,,baseline,cli,go,,True,2,46,1.175838,,,,,
20260925T083500Z-native-vm,startup.hello,,baseline,cli,go,,True,2,47,0.922482,,,,,
20260925T083500Z-native-vm,startup.hello,,baseline,cli,go,,True,2,48,0.913555,,,,,
20260925T083500Z-native-vm,startup.hello,,baseline,cli,go,,True,2,49,0.940598,,,,,
20260925T083500Z-native-vm,startup.hello,,baseline,cli,go,,True,2,50,0.9156240000000001,,,,,
20260925T083500Z-native-vm,startup.hello,,baseline,cli,go,,True,2,51,0.89497,,,,,
20260925T083500Z-native-vm,startup.hello,,baseline,cli,go,,True,2,52,0.902657,,,,,
20260925T083500Z-native-vm,startup.hello,,baseline,cli,go,,True,2,53,0.913891,,,,,
20260925T083500Z-native-vm,startup.hello,,baseline,cli,go,,True,2,54,0.996699,,,,,
20260925T083500Z-native-vm,startup.hello,,baseline,cli,go,,True,2,55,1.169494,,,,,
20260925T083500Z-native-vm,startup.hello,,baseline,cli,go,,True,2,56,0.941593,,,,,
20260925T083500Z-native-vm,startup.hello,,baseline,cli,go,,True,2,57,0.9251950000000001,,,,,
20260925T083500Z-native-vm,startup.hello,,baseline,cli,go,,True,2,58,1.0237310000000002,,,,,
20260925T083500Z-native-vm,startup.hello,,baseline,cli,go,,True,2,59,1.026189,,,,,
20260925T083500Z-native-vm,startup.hello,,baseline,cli,go,,True,2,60,0.9376420000000001,,,,,
20260925T083500Z-native-vm,startup.hello,,baseline,cli,go,,True,2,61,0.953727,,,,,
20260925T083500Z-native-vm,startup.hello,,baseline,cli,go,,True,2,62,1.668196,,,,,
20260925T083500Z-native-vm,startup.hello,,baseline,cli,go,,True,2,63,1.334778,,,,,
20260925T083500Z-native-vm,startup.hello,,baseline,cli,go,,True,2,64,1.358456,,,,,
20260925T083500Z-native-vm,startup.hello,,baseline,cli,go,,True,2,65,1.494413,,,,,
20260925T083500Z-native-vm,startup.hello,,baseline,cli,go,,True,2,66,1.3404930000000002,,,,,
20260925T083500Z-native-vm,startup.hello,,baseline,cli,go,,True,2,67,1.818969,,,,,
20260925T083500Z-native-vm,startup.hello,,baseline,cli,go,,True,2,68,1.9224060000000003,,,,,
20260925T083500Z-native-vm,startup.hello,,baseline,cli,go,,True,2,69,1.369849,,,,,
20260925T083500Z-native-vm,startup.hello,,baseline,cli,go,,True,2,70,1.572246,,,,,
20260925T083500Z-native-vm,startup.hello,,baseline,cli,go,,True,2,71,1.4470610000000002,,,,,
20260925T083500Z-native-vm,startup.hello,,baseline,cli,go,,True,2,72,1.539503,,,,,
20260925T083500Z-native-vm,startup.hello,,baseline,cli,go,,True,2,73,1.6703660000000002,,,,,
20260925T083500Z-native-vm,startup.hello,,baseline,cli,go,,True,2,74,1.3352750000000002,,,,,
20260925T083500Z-native-vm,startup.hello,,baseline,cli,go,,True,2,75,1.535354,,,,,
20260925T083500Z-native-vm,startup.hello,,baseline,cli,go,,True,2,76,1.5336010000000002,,,,,
20260925T083500Z-native-vm,startup.hello,,baseline,cli,go,,True,2,77,1.320615,,,,,
20260925T083500Z-native-vm,startup.hello,,baseline,cli,go,,True,2,78,1.6341,,,,,
20260925T083500Z-native-vm,startup.hello,,baseline,cli,go,,True,2,79,1.37918,,,,,
20260925T083500Z-native-vm,startup.hello,,baseline,cli,go,,True,2,80,1.3960540000000001,,,,,
20260925T083500Z-native-vm,startup.hello,,baseline,cli,go,,True,2,81,1.724976,,,,,
20260925T083500Z-native-vm,startup.hello,,baseline,cli,go,,True,2,82,1.377394,,,,,
20260925T083500Z-native-vm,startup.hello,,baseline,cli,go,,True,2,83,1.3971470000000001,,,,,
20260925T083500Z-native-vm,startup.hello,,baseline,cli,go,,True,2,84,1.3890580000000001,,,,,
20260925T083500Z-native-vm,startup.hello,,baseline,cli,go,,True,2,85,1.5165330000000001,,,,,
20260925T083500Z-native-vm,startup.hello,,baseline,cli,go,,True,2,86,1.658684,,,,,
20260925T083500Z-native-vm,startup.hello,,baseline,cli,go,,True,2,87,1.315821,,,,,
20260925T083500Z-native-vm,startup.hello,,baseline,cli,go,,True,2,88,1.4089850000000002,,,,,
20260925T083500Z-native-vm,startup.hello,,baseline,cli,go,,True,2,89,1.4096430000000002,,,,,
20260925T083500Z-native-vm,startup.hello,,baseline,cli,go,,True,2,90,1.4614200000000002,,,,,
20260925T083500Z-native-vm,startup.hello,,baseline,cli,go,,True,2,91,1.3187860000000002,,,,,
20260925T083500Z-native-vm,startup.hello,,baseline,cli,go,,True,2,92,1.596108,,,,,
20260925T083500Z-native-vm,startup.hello,,baseline,cli,go,,True,2,93,1.3776000000000002,,,,,
20260925T083500Z-native-vm,startup.hello,,baseline,cli,go,,True,2,94,0.9721280000000001,,,,,
20260925T083500Z-native-vm,startup.hello,,baseline,cli,go,,True,2,95,0.9642330000000001,,,,,
20260925T083500Z-native-vm,startup.hello,,baseline,cli,go,,True,2,96,0.915401,,,,,
20260925T083500Z-native-vm,startup.hello,,baseline,cli,go,,True,2,97,0.9217660000000001,,,,,
20260925T083500Z-native-vm,startup.hello,,baseline,cli,go,,True,2,98,0.917877,,,,,
20260925T083500Z-native-vm,startup.hello,,baseline,cli,go,,True,2,99,1.110036,,,,,
20260925T083500Z-native-vm,startup.hello,,baseline,cli,go,,True,3,0,0.9114570000000001,,,,,
20260925T083500Z-native-vm,startup.hello,,baseline,cli,go,,True,3,1,0.9152040000000001,,,,,
20260925T083500Z-native-vm,startup.hello,,baseline,cli,go,,True,3,2,0.923008,,,,,
20260925T083500Z-native-vm,startup.hello,,baseline,cli,go,,True,3,3,0.96589,,,,,
20260925T083500Z-native-vm,startup.hello,,baseline,cli,go,,True,3,4,0.953375,,,,,
20260925T083500Z-native-vm,startup.hello,,baseline,cli,go,,True,3,5,0.9270060000000001,,,,,
20260925T083500Z-native-vm,startup.hello,,baseline,cli,go,,True,3,6,0.9060010000000001,,,,,
20260925T083500Z-native-vm,startup.hello,,baseline,cli,go,,True,3,7,1.0091400000000001,,,,,
20260925T083500Z-native-vm,startup.hello,,baseline,cli,go,,True,3,8,0.907981,,,,,
20260925T083500Z-native-vm,startup.hello,,baseline,cli,go,,True,3,9,0.907287,,,,,
20260925T083500Z-native-vm,startup.hello,,baseline,cli,go,,True,3,10,0.8988470000000001,,,,,
20260925T083500Z-native-vm,startup.hello,,baseline,cli,go,,True,3,11,0.9142190000000001,,,,,
20260925T083500Z-native-vm,startup.hello,,baseline,cli,go,,True,3,12,1.265606,,,,,
20260925T083500Z-native-vm,startup.hello,,baseline,cli,go,,True,3,13,0.956855,,,,,
20260925T083500Z-native-vm,startup.hello,,baseline,cli,go,,True,3,14,0.9096230000000001,,,,,
20260925T083500Z-native-vm,startup.hello,,baseline,cli,go,,True,3,15,1.0701010000000002,,,,,
20260925T083500Z-native-vm,startup.hello,,baseline,cli,go,,True,3,16,0.9190530000000001,,,,,
20260925T083500Z-native-vm,startup.hello,,baseline,cli,go,,True,3,17,0.916676,,,,,
20260925T083500Z-native-vm,startup.hello,,baseline,cli,go,,True,3,18,0.919321,,,,,
20260925T083500Z-native-vm,startup.hello,,baseline,cli,go,,True,3,19,0.957754,,,,,
20260925T083500Z-native-vm,startup.hello,,baseline,cli,go,,True,3,20,0.9179800000000001,,,,,
20260925T083500Z-native-vm,startup.hello,,baseline,cli,go,,True,3,21,0.890426,,,,,
20260925T083500Z-native-vm,startup.hello,,baseline,cli,go,,True,3,22,0.9217110000000001,,,,,
20260925T083500Z-native-vm,startup.hello,,baseline,cli,go,,True,3,23,0.912648,,,,,
20260925T083500Z-native-vm,startup.hello,,baseline,cli,go,,True,3,24,0.9608770000000001,,,,,
20260925T083500Z-native-vm,startup.hello,,baseline,cli,go,,True,3,25,0.9018320000000001,,,,,
20260925T083500Z-native-vm,startup.hello,,baseline,cli,go,,True,3,26,0.9059400000000001,,,,,
20260925T083500Z-native-vm,startup.hello,,baseline,cli,go,,True,3,27,0.907463,,,,,
20260925T083500Z-native-vm,startup.hello,,baseline,cli,go,,True,3,28,0.9516390000000001,,,,,
20260925T083500Z-native-vm,startup.hello,,baseline,cli,go,,True,3,29,0.897445,,,,,
20260925T083500Z-native-vm,startup.hello,,baseline,cli,go,,True,3,30,0.915684,,,,,
20260925T083500Z-native-vm,startup.hello,,baseline,cli,go,,True,3,31,0.9228000000000001,,,,,
20260925T083500Z-native-vm,startup.hello,,baseline,cli,go,,True,3,32,1.325863,,,,,
20260925T083500Z-native-vm,startup.hello,,baseline,cli,go,,True,3,33,0.913177,,,,,
20260925T083500Z-native-vm,startup.hello,,baseline,cli,go,,True,3,34,0.8618870000000001,,,,,
20260925T083500Z-native-vm,startup.hello,,baseline,cli,go,,True,3,35,0.894838,,,,,
20260925T083500Z-native-vm,startup.hello,,baseline,cli,go,,True,3,36,0.886781,,,,,
20260925T083500Z-native-vm,startup.hello,,baseline,cli,go,,True,3,37,0.9108040000000001,,,,,
20260925T083500Z-native-vm,startup.hello,,baseline,cli,go,,True,3,38,0.887785,,,,,
20260925T083500Z-native-vm,startup.hello,,baseline,cli,go,,True,3,39,0.900064,,,,,
20260925T083500Z-native-vm,startup.hello,,baseline,cli,go,,True,3,40,0.900595,,,,,
20260925T083500Z-native-vm,startup.hello,,baseline,cli,go,,True,3,41,1.033866,,,,,
20260925T083500Z-native-vm,startup.hello,,baseline,cli,go,,True,3,42,0.912253,,,,,
20260925T083500Z-native-vm,startup.hello,,baseline,cli,go,,True,3,43,0.924058,,,,,
20260925T083500Z-native-vm,startup.hello,,baseline,cli,go,,True,3,44,0.9130340000000001,,,,,
20260925T083500Z-native-vm,startup.hello,,baseline,cli,go,,True,3,45,0.923923,,,,,
20260925T083500Z-native-vm,startup.hello,,baseline,cli,go,,True,3,46,1.1929880000000002,,,,,
20260925T083500Z-native-vm,startup.hello,,baseline,cli,go,,True,3,47,1.040872,,,,,
20260925T083500Z-native-vm,startup.hello,,baseline,cli,go,,True,3,48,0.937166,,,,,
20260925T083500Z-native-vm,startup.hello,,baseline,cli,go,,True,3,49,1.312692,,,,,
20260925T083500Z-native-vm,startup.hello,,baseline,cli,go,,True,3,50,0.9236730000000001,,,,,
20260925T083500Z-native-vm,startup.hello,,baseline,cli,go,,True,3,51,0.9499170000000001,,,,,
20260925T083500Z-native-vm,startup.hello,,baseline,cli,go,,True,3,52,0.985348,,,,,
20260925T083500Z-native-vm,startup.hello,,baseline,cli,go,,True,3,53,0.945262,,,,,
20260925T083500Z-native-vm,startup.hello,,baseline,cli,go,,True,3,54,0.925744,,,,,
20260925T083500Z-native-vm,startup.hello,,baseline,cli,go,,True,3,55,0.9365910000000001,,,,,
20260925T083500Z-native-vm,startup.hello,,baseline,cli,go,,True,3,56,0.9170630000000001,,,,,
20260925T083500Z-native-vm,startup.hello,,baseline,cli,go,,True,3,57,1.288537,,,,,
20260925T083500Z-native-vm,startup.hello,,baseline,cli,go,,True,3,58,0.9451870000000001,,,,,
20260925T083500Z-native-vm,startup.hello,,baseline,cli,go,,True,3,59,0.9982930000000001,,,,,
20260925T083500Z-native-vm,startup.hello,,baseline,cli,go,,True,3,60,0.942675,,,,,
20260925T083500Z-native-vm,startup.hello,,baseline,cli,go,,True,3,61,0.972112,,,,,
20260925T083500Z-native-vm,startup.hello,,baseline,cli,go,,True,3,62,0.9216990000000002,,,,,
20260925T083500Z-native-vm,startup.hello,,baseline,cli,go,,True,3,63,0.9157840000000002,,,,,
20260925T083500Z-native-vm,startup.hello,,baseline,cli,go,,True,3,64,0.9411700000000001,,,,,
20260925T083500Z-native-vm,startup.hello,,baseline,cli,go,,True,3,65,1.180039,,,,,
20260925T083500Z-native-vm,startup.hello,,baseline,cli,go,,True,3,66,0.9406350000000001,,,,,
20260925T083500Z-native-vm,startup.hello,,baseline,cli,go,,True,3,67,0.9240790000000001,,,,,
20260925T083500Z-native-vm,startup.hello,,baseline,cli,go,,True,3,68,0.916791,,,,,
20260925T083500Z-native-vm,startup.hello,,baseline,cli,go,,True,3,69,1.034051,,,,,
20260925T083500Z-native-vm,startup.hello,,baseline,cli,go,,True,3,70,1.0134710000000002,,,,,
20260925T083500Z-native-vm,startup.hello,,baseline,cli,go,,True,3,71,1.0364300000000002,,,,,
20260925T083500Z-native-vm,startup.hello,,baseline,cli,go,,True,3,72,0.982737,,,,,
20260925T083500Z-native-vm,startup.hello,,baseline,cli,go,,True,3,73,1.1859050000000002,,,,,
20260925T083500Z-native-vm,startup.hello,,baseline,cli,go,,True,3,74,0.933154,,,,,
20260925T083500Z-native-vm,startup.hello,,baseline,cli,go,,True,3,75,0.916016,,,,,
20260925T083500Z-native-vm,startup.hello,,baseline,cli,go,,True,3,76,0.9135310000000001,,,,,
20260925T083500Z-native-vm,startup.hello,,baseline,cli,go,,True,3,77,0.973624,,,,,
20260925T083500Z-native-vm,startup.hello,,baseline,cli,go,,True,3,78,0.9118240000000001,,,,,
20260925T083500Z-native-vm,startup.hello,,baseline,cli,go,,True,3,79,0.89419,,,,,
20260925T083500Z-native-vm,startup.hello,,baseline,cli,go,,True,3,80,0.9037600000000001,,,,,
20260925T083500Z-native-vm,startup.hello,,baseline,cli,go,,True,3,81,1.177839,,,,,
20260925T083500Z-native-vm,startup.hello,,baseline,cli,go,,True,3,82,0.901787,,,,,
20260925T083500Z-native-vm,startup.hello,,baseline,cli,go,,True,3,83,0.9457930000000001,,,,,
20260925T083500Z-native-vm,startup.hello,,baseline,cli,go,,True,3,84,0.91729,,,,,
20260925T083500Z-native-vm,startup.hello,,baseline,cli,go,,True,3,85,0.9868220000000001,,,,,
20260925T083500Z-native-vm,startup.hello,,baseline,cli,go,,True,3,86,0.9583510000000001,,,,,
20260925T083500Z-native-vm,startup.hello,,baseline,cli,go,,True,3,87,1.0187329999999999,,,,,
20260925T083500Z-native-vm,startup.hello,,baseline,cli,go,,True,3,88,0.936412,,,,,
20260925T083500Z-native-vm,startup.hello,,baseline,cli,go,,True,3,89,1.1590260000000001,,,,,
20260925T083500Z-native-vm,startup.hello,,baseline,cli,go,,True,3,90,0.911675,,,,,
20260925T083500Z-native-vm,startup.hello,,baseline,cli,go,,True,3,91,0.895865,,,,,
20260925T083500Z-native-vm,startup.hello,,baseline,cli,go,,True,3,92,0.866947,,,,,
20260925T083500Z-native-vm,startup.hello,,baseline,cli,go,,True,3,93,0.965099,,,,,
20260925T083500Z-native-vm,startup.hello,,baseline,cli,go,,True,3,94,0.907068,,,,,
20260925T083500Z-native-vm,startup.hello,,baseline,cli,go,,True,3,95,0.9156660000000001,,,,,
20260925T083500Z-native-vm,startup.hello,,baseline,cli,go,,True,3,96,0.9087770000000001,,,,,
20260925T083500Z-native-vm,startup.hello,,baseline,cli,go,,True,3,97,1.1585020000000001,,,,,
20260925T083500Z-native-vm,startup.hello,,baseline,cli,go,,True,3,98,0.9218850000000001,,,,,
20260925T083500Z-native-vm,startup.hello,,baseline,cli,go,,True,3,99,0.9149700000000001,,,,,
20260925T083500Z-native-vm,startup.hello,,baseline,cli,go,,True,4,0,1.30668,,,,,
20260925T083500Z-native-vm,startup.hello,,baseline,cli,go,,True,4,1,1.027106,,,,,
20260925T083500Z-native-vm,startup.hello,,baseline,cli,go,,True,4,2,0.967726,,,,,
20260925T083500Z-native-vm,startup.hello,,baseline,cli,go,,True,4,3,0.9723360000000001,,,,,
20260925T083500Z-native-vm,startup.hello,,baseline,cli,go,,True,4,4,0.9144110000000001,,,,,
20260925T083500Z-native-vm,startup.hello,,baseline,cli,go,,True,4,5,1.0788870000000002,,,,,
20260925T083500Z-native-vm,startup.hello,,baseline,cli,go,,True,4,6,0.997637,,,,,
20260925T083500Z-native-vm,startup.hello,,baseline,cli,go,,True,4,7,1.1394080000000002,,,,,
20260925T083500Z-native-vm,startup.hello,,baseline,cli,go,,True,4,8,0.8951120000000001,,,,,
20260925T083500Z-native-vm,startup.hello,,baseline,cli,go,,True,4,9,0.9903839999999999,,,,,
20260925T083500Z-native-vm,startup.hello,,baseline,cli,go,,True,4,10,0.9205900000000001,,,,,
20260925T083500Z-native-vm,startup.hello,,baseline,cli,go,,True,4,11,0.9705880000000001,,,,,
20260925T083500Z-native-vm,startup.hello,,baseline,cli,go,,True,4,12,0.920088,,,,,
20260925T083500Z-native-vm,startup.hello,,baseline,cli,go,,True,4,13,0.9181790000000001,,,,,
20260925T083500Z-native-vm,startup.hello,,baseline,cli,go,,True,4,14,0.904815,,,,,
20260925T083500Z-native-vm,startup.hello,,baseline,cli,go,,True,4,15,0.9096040000000001,,,,,
20260925T083500Z-native-vm,startup.hello,,baseline,cli,go,,True,4,16,0.929633,,,,,
20260925T083500Z-native-vm,startup.hello,,baseline,cli,go,,True,4,17,0.858923,,,,,
20260925T083500Z-native-vm,startup.hello,,baseline,cli,go,,True,4,18,0.885055,,,,,
20260925T083500Z-native-vm,startup.hello,,baseline,cli,go,,True,4,19,0.9652940000000001,,,,,
20260925T083500Z-native-vm,startup.hello,,baseline,cli,go,,True,4,20,1.290118,,,,,
20260925T083500Z-native-vm,startup.hello,,baseline,cli,go,,True,4,21,1.3173570000000001,,,,,
20260925T083500Z-native-vm,startup.hello,,baseline,cli,go,,True,4,22,1.107254,,,,,
20260925T083500Z-native-vm,startup.hello,,baseline,cli,go,,True,4,23,1.3456480000000002,,,,,
20260925T083500Z-native-vm,startup.hello,,baseline,cli,go,,True,4,24,1.014362,,,,,
20260925T083500Z-native-vm,startup.hello,,baseline,cli,go,,True,4,25,1.19165,,,,,
20260925T083500Z-native-vm,startup.hello,,baseline,cli,go,,True,4,26,1.1879590000000002,,,,,
20260925T083500Z-native-vm,startup.hello,,baseline,cli,go,,True,4,27,1.1724040000000002,,,,,
20260925T083500Z-native-vm,startup.hello,,baseline,cli,go,,True,4,28,0.9840410000000002,,,,,
20260925T083500Z-native-vm,startup.hello,,baseline,cli,go,,True,4,29,0.959443,,,,,
20260925T083500Z-native-vm,startup.hello,,baseline,cli,go,,True,4,30,1.2930320000000002,,,,,
20260925T083500Z-native-vm,startup.hello,,baseline,cli,go,,True,4,31,1.012405,,,,,
20260925T083500Z-native-vm,startup.hello,,baseline,cli,go,,True,4,32,0.9960540000000001,,,,,
20260925T083500Z-native-vm,startup.hello,,baseline,cli,go,,True,4,33,0.9542260000000001,,,,,
20260925T083500Z-native-vm,startup.hello,,baseline,cli,go,,True,4,34,0.9986879999999999,,,,,
20260925T083500Z-native-vm,startup.hello,,baseline,cli,go,,True,4,35,0.917861,,,,,
20260925T083500Z-native-vm,startup.hello,,baseline,cli,go,,True,4,36,0.955759,,,,,
20260925T083500Z-native-vm,startup.hello,,baseline,cli,go,,True,4,37,1.037434,,,,,
20260925T083500Z-native-vm,startup.hello,,baseline,cli,go,,True,4,38,1.025471,,,,,
20260925T083500Z-native-vm,startup.hello,,baseline,cli,go,,True,4,39,0.943523,,,,,
20260925T083500Z-native-vm,startup.hello,,baseline,cli,go,,True,4,40,1.033658,,,,,
20260925T083500Z-native-vm,startup.hello,,baseline,cli,go,,True,4,41,1.224175,,,,,
20260925T083500Z-native-vm,startup.hello,,baseline,cli,go,,True,4,42,1.1357650000000001,,,,,
20260925T083500Z-native-vm,startup.hello,,baseline,cli,go,,True,4,43,1.253421,,,,,
20260925T083500Z-native-vm,startup.hello,,baseline,cli,go,,True,4,44,1.770412,,,,,
20260925T083500Z-native-vm,startup.hello,,baseline,cli,go,,True,4,45,1.277443,,,,,
20260925T083500Z-native-vm,startup.hello,,baseline,cli,go,,True,4,46,1.082794,,,,,
20260925T083500Z-native-vm,startup.hello,,baseline,cli,go,,True,4,47,0.962259,,,,,
20260925T083500Z-native-vm,startup.hello,,baseline,cli,go,,True,4,48,0.9473330000000001,,,,,
20260925T083500Z-native-vm,startup.hello,,baseline,cli,go,,True,4,49,0.948287,,,,,
20260925T083500Z-native-vm,startup.hello,,baseline,cli,go,,True,4,50,1.024575,,,,,
20260925T083500Z-native-vm,startup.hello,,baseline,cli,go,,True,4,51,1.4665770000000002,,,,,
20260925T083500Z-native-vm,startup.hello,,baseline,cli,go,,True,4,52,1.2983650000000002,,,,,
20260925T083500Z-native-vm,startup.hello,,baseline,cli,go,,True,4,53,1.255587,,,,,
20260925T083500Z-native-vm,startup.hello,,baseline,cli,go,,True,4,54,1.287203,,,,,
20260925T083500Z-native-vm,startup.hello,,baseline,cli,go,,True,4,55,1.16993,,,,,
20260925T083500Z-native-vm,startup.hello,,baseline,cli,go,,True,4,56,0.9410270000000001,,,,,
20260925T083500Z-native-vm,startup.hello,,baseline,cli,go,,True,4,57,0.968744,,,,,
20260925T083500Z-native-vm,startup.hello,,baseline,cli,go,,True,4,58,1.2717559999999999,,,,,
20260925T083500Z-native-vm,startup.hello,,baseline,cli,go,,True,4,59,0.914513,,,,,
20260925T083500Z-native-vm,startup.hello,,baseline,cli,go,,True,4,60,0.8716370000000001,,,,,
20260925T083500Z-native-vm,startup.hello,,baseline,cli,go,,True,4,61,0.954677,,,,,
20260925T083500Z-native-vm,startup.hello,,baseline,cli,go,,True,4,62,0.9649210000000001,,,,,
20260925T083500Z-native-vm,startup.hello,,baseline,cli,go,,True,4,63,0.918888,,,,,
20260925T083500Z-native-vm,startup.hello,,baseline,cli,go,,True,4,64,0.895672,,,,,
20260925T083500Z-native-vm,startup.hello,,baseline,cli,go,,True,4,65,1.005485,,,,,
20260925T083500Z-native-vm,startup.hello,,baseline,cli,go,,True,4,66,1.6816060000000002,,,,,
20260925T083500Z-native-vm,startup.hello,,baseline,cli,go,,True,4,67,1.363747,,,,,
20260925T083500Z-native-vm,startup.hello,,baseline,cli,go,,True,4,68,1.038946,,,,,
20260925T083500Z-native-vm,startup.hello,,baseline,cli,go,,True,4,69,1.0115040000000002,,,,,
20260925T083500Z-native-vm,startup.hello,,baseline,cli,go,,True,4,70,0.9064220000000001,,,,,
20260925T083500Z-native-vm,startup.hello,,baseline,cli,go,,True,4,71,1.0013070000000002,,,,,
20260925T083500Z-native-vm,startup.hello,,baseline,cli,go,,True,4,72,0.9495040000000001,,,,,
20260925T083500Z-native-vm,startup.hello,,baseline,cli,go,,True,4,73,1.1749749999999999,,,,,
20260925T083500Z-native-vm,startup.hello,,baseline,cli,go,,True,4,74,0.900987,,,,,
20260925T083500Z-native-vm,startup.hello,,baseline,cli,go,,True,4,75,0.884298,,,,,
20260925T083500Z-native-vm,startup.hello,,baseline,cli,go,,True,4,76,0.9434850000000001,,,,,
20260925T083500Z-native-vm,startup.hello,,baseline,cli,go,,True,4,77,0.9342920000000001,,,,,
20260925T083500Z-native-vm,startup.hello,,baseline,cli,go,,True,4,78,0.8982140000000001,,,,,
20260925T083500Z-native-vm,startup.hello,,baseline,cli,go,,True,4,79,0.9280940000000001,,,,,
20260925T083500Z-native-vm,startup.hello,,baseline,cli,go,,True,4,80,0.9414610000000001,,,,,
20260925T083500Z-native-vm,startup.hello,,baseline,cli,go,,True,4,81,0.907544,,,,,
20260925T083500Z-native-vm,startup.hello,,baseline,cli,go,,True,4,82,1.3224620000000002,,,,,
20260925T083500Z-native-vm,startup.hello,,baseline,cli,go,,True,4,83,0.9876699999999999,,,,,
20260925T083500Z-native-vm,startup.hello,,baseline,cli,go,,True,4,84,1.003599,,,,,
20260925T083500Z-native-vm,startup.hello,,baseline,cli,go,,True,4,85,1.0150550000000003,,,,,
20260925T083500Z-native-vm,startup.hello,,baseline,cli,go,,True,4,86,0.9186900000000001,,,,,
20260925T083500Z-native-vm,startup.hello,,baseline,cli,go,,True,4,87,0.9115880000000001,,,,,
20260925T083500Z-native-vm,startup.hello,,baseline,cli,go,,True,4,88,0.8835510000000001,,,,,
20260925T083500Z-native-vm,startup.hello,,baseline,cli,go,,True,4,89,0.878654,,,,,
20260925T083500Z-native-vm,startup.hello,,baseline,cli,go,,True,4,90,0.928503,,,,,
20260925T083500Z-native-vm,startup.hello,,baseline,cli,go,,True,4,91,0.901469,,,,,
20260925T083500Z-native-vm,startup.hello,,baseline,cli,go,,True,4,92,1.142012,,,,,
20260925T083500Z-native-vm,startup.hello,,baseline,cli,go,,True,4,93,0.970082,,,,,
20260925T083500Z-native-vm,startup.hello,,baseline,cli,go,,True,4,94,0.9674470000000001,,,,,
20260925T083500Z-native-vm,startup.hello,,baseline,cli,go,,True,4,95,0.908355,,,,,
20260925T083500Z-native-vm,startup.hello,,baseline,cli,go,,True,4,96,0.97513,,,,,
20260925T083500Z-native-vm,startup.hello,,baseline,cli,go,,True,4,97,0.908107,,,,,
20260925T083500Z-native-vm,startup.hello,,baseline,cli,go,,True,4,98,1.1020750000000001,,,,,
20260925T083500Z-native-vm,startup.hello,,baseline,cli,go,,True,4,99,0.896043,,,,,
20260925T083500Z-native-vm,startup.hello,,baseline,cli,go,,True,5,0,0.954397,,,,,
20260925T083500Z-native-vm,startup.hello,,baseline,cli,go,,True,5,1,0.902077,,,,,
20260925T083500Z-native-vm,startup.hello,,baseline,cli,go,,True,5,2,0.980252,,,,,
20260925T083500Z-native-vm,startup.hello,,baseline,cli,go,,True,5,3,0.950988,,,,,
20260925T083500Z-native-vm,startup.hello,,baseline,cli,go,,True,5,4,0.915206,,,,,
20260925T083500Z-native-vm,startup.hello,,baseline,cli,go,,True,5,5,0.915359,,,,,
20260925T083500Z-native-vm,startup.hello,,baseline,cli,go,,True,5,6,0.89497,,,,,
20260925T083500Z-native-vm,startup.hello,,baseline,cli,go,,True,5,7,1.276171,,,,,
20260925T083500Z-native-vm,startup.hello,,baseline,cli,go,,True,5,8,0.927149,,,,,
20260925T083500Z-native-vm,startup.hello,,baseline,cli,go,,True,5,9,0.8878540000000001,,,,,
20260925T083500Z-native-vm,startup.hello,,baseline,cli,go,,True,5,10,0.9255220000000001,,,,,
20260925T083500Z-native-vm,startup.hello,,baseline,cli,go,,True,5,11,0.959555,,,,,
20260925T083500Z-native-vm,startup.hello,,baseline,cli,go,,True,5,12,0.8876340000000001,,,,,
20260925T083500Z-native-vm,startup.hello,,baseline,cli,go,,True,5,13,0.8952080000000001,,,,,
20260925T083500Z-native-vm,startup.hello,,baseline,cli,go,,True,5,14,0.868424,,,,,
20260925T083500Z-native-vm,startup.hello,,baseline,cli,go,,True,5,15,1.150389,,,,,
20260925T083500Z-native-vm,startup.hello,,baseline,cli,go,,True,5,16,0.9063630000000001,,,,,
20260925T083500Z-native-vm,startup.hello,,baseline,cli,go,,True,5,17,0.8644060000000001,,,,,
20260925T083500Z-native-vm,startup.hello,,baseline,cli,go,,True,5,18,0.887105,,,,,
20260925T083500Z-native-vm,startup.hello,,baseline,cli,go,,True,5,19,1.092748,,,,,
20260925T083500Z-native-vm,startup.hello,,baseline,cli,go,,True,5,20,0.918429,,,,,
20260925T083500Z-native-vm,startup.hello,,baseline,cli,go,,True,5,21,0.9027400000000001,,,,,
20260925T083500Z-native-vm,startup.hello,,baseline,cli,go,,True,5,22,0.9452070000000001,,,,,
20260925T083500Z-native-vm,startup.hello,,baseline,cli,go,,True,5,23,1.1094190000000002,,,,,
20260925T083500Z-native-vm,startup.hello,,baseline,cli,go,,True,5,24,0.9009030000000001,,,,,
20260925T083500Z-native-vm,startup.hello,,baseline,cli,go,,True,5,25,0.9213450000000001,,,,,
20260925T083500Z-native-vm,startup.hello,,baseline,cli,go,,True,5,26,0.896786,,,,,
20260925T083500Z-native-vm,startup.hello,,baseline,cli,go,,True,5,27,0.897974,,,,,
20260925T083500Z-native-vm,startup.hello,,baseline,cli,go,,True,5,28,0.9066620000000001,,,,,
20260925T083500Z-native-vm,startup.hello,,baseline,cli,go,,True,5,29,0.9055310000000001,,,,,
20260925T083500Z-native-vm,startup.hello,,baseline,cli,go,,True,5,30,0.8866140000000001,,,,,
20260925T083500Z-native-vm,startup.hello,,baseline,cli,go,,True,5,31,0.8951660000000001,,,,,
20260925T083500Z-native-vm,startup.hello,,baseline,cli,go,,True,5,32,1.2166730000000001,,,,,
20260925T083500Z-native-vm,startup.hello,,baseline,cli,go,,True,5,33,0.929435,,,,,
20260925T083500Z-native-vm,startup.hello,,baseline,cli,go,,True,5,34,0.897642,,,,,
20260925T083500Z-native-vm,startup.hello,,baseline,cli,go,,True,5,35,0.963519,,,,,
20260925T083500Z-native-vm,startup.hello,,baseline,cli,go,,True,5,36,0.934466,,,,,
20260925T083500Z-native-vm,startup.hello,,baseline,cli,go,,True,5,37,0.867273,,,,,
20260925T083500Z-native-vm,startup.hello,,baseline,cli,go,,True,5,38,0.921192,,,,,
20260925T083500Z-native-vm,startup.hello,,baseline,cli,go,,True,5,39,0.918045,,,,,
20260925T083500Z-native-vm,startup.hello,,baseline,cli,go,,True,5,40,1.141725,,,,,
20260925T083500Z-native-vm,startup.hello,,baseline,cli,go,,True,5,41,1.027851,,,,,
20260925T083500Z-native-vm,startup.hello,,baseline,cli,go,,True,5,42,1.017507,,,,,
20260925T083500Z-native-vm,startup.hello,,baseline,cli,go,,True,5,43,0.8964820000000001,,,,,
20260925T083500Z-native-vm,startup.hello,,baseline,cli,go,,True,5,44,1.0853760000000001,,,,,
20260925T083500Z-native-vm,startup.hello,,baseline,cli,go,,True,5,45,0.9116620000000001,,,,,
20260925T083500Z-native-vm,startup.hello,,baseline,cli,go,,True,5,46,0.894063,,,,,
20260925T083500Z-native-vm,startup.hello,,baseline,cli,go,,True,5,47,0.9518650000000001,,,,,
20260925T083500Z-native-vm,startup.hello,,baseline,cli,go,,True,5,48,1.2669890000000001,,,,,
20260925T083500Z-native-vm,startup.hello,,baseline,cli,go,,True,5,49,0.9702560000000001,,,,,
20260925T083500Z-native-vm,startup.hello,,baseline,cli,go,,True,5,50,0.9125880000000001,,,,,
20260925T083500Z-native-vm,startup.hello,,baseline,cli,go,,True,5,51,0.889964,,,,,
20260925T083500Z-native-vm,startup.hello,,baseline,cli,go,,True,5,52,0.9535980000000001,,,,,
20260925T083500Z-native-vm,startup.hello,,baseline,cli,go,,True,5,53,0.9090900000000001,,,,,
20260925T083500Z-native-vm,startup.hello,,baseline,cli,go,,True,5,54,0.929834,,,,,
20260925T083500Z-native-vm,startup.hello,,baseline,cli,go,,True,5,55,0.90197,,,,,
20260925T083500Z-native-vm,startup.hello,,baseline,cli,go,,True,5,56,1.14762,,,,,
20260925T083500Z-native-vm,startup.hello,,baseline,cli,go,,True,5,57,1.3069910000000002,,,,,
20260925T083500Z-native-vm,startup.hello,,baseline,cli,go,,True,5,58,1.5510900000000003,,,,,
20260925T083500Z-native-vm,startup.hello,,baseline,cli,go,,True,5,59,1.091643,,,,,
20260925T083500Z-native-vm,startup.hello,,baseline,cli,go,,True,5,60,0.958603,,,,,
20260925T083500Z-native-vm,startup.hello,,baseline,cli,go,,True,5,61,0.9120450000000001,,,,,
20260925T083500Z-native-vm,startup.hello,,baseline,cli,go,,True,5,62,0.9605760000000001,,,,,
20260925T083500Z-native-vm,startup.hello,,baseline,cli,go,,True,5,63,1.315687,,,,,
20260925T083500Z-native-vm,startup.hello,,baseline,cli,go,,True,5,64,0.928104,,,,,
20260925T083500Z-native-vm,startup.hello,,baseline,cli,go,,True,5,65,0.881661,,,,,
20260925T083500Z-native-vm,startup.hello,,baseline,cli,go,,True,5,66,0.9367380000000001,,,,,
20260925T083500Z-native-vm,startup.hello,,baseline,cli,go,,True,5,67,0.97572,,,,,
20260925T083500Z-native-vm,startup.hello,,baseline,cli,go,,True,5,68,0.9104300000000001,,,,,
20260925T083500Z-native-vm,startup.hello,,baseline,cli,go,,True,5,69,0.9220020000000001,,,,,
20260925T083500Z-native-vm,startup.hello,,baseline,cli,go,,True,5,70,0.972851,,,,,
20260925T083500Z-native-vm,startup.hello,,baseline,cli,go,,True,5,71,1.14839,,,,,
20260925T083500Z-native-vm,startup.hello,,baseline,cli,go,,True,5,72,0.9211010000000001,,,,,
20260925T083500Z-native-vm,startup.hello,,baseline,cli,go,,True,5,73,0.895301,,,,,
20260925T083500Z-native-vm,startup.hello,,baseline,cli,go,,True,5,74,0.9791529999999999,,,,,
20260925T083500Z-native-vm,startup.hello,,baseline,cli,go,,True,5,75,0.9383350000000001,,,,,
20260925T083500Z-native-vm,startup.hello,,baseline,cli,go,,True,5,76,0.888553,,,,,
20260925T083500Z-native-vm,startup.hello,,baseline,cli,go,,True,5,77,0.8888940000000001,,,,,
20260925T083500Z-native-vm,startup.hello,,baseline,cli,go,,True,5,78,0.9029750000000001,,,,,
20260925T083500Z-native-vm,startup.hello,,baseline,cli,go,,True,5,79,1.069798,,,,,
20260925T083500Z-native-vm,startup.hello,,baseline,cli,go,,True,5,80,1.032097,,,,,
20260925T083500Z-native-vm,startup.hello,,baseline,cli,go,,True,5,81,0.9057640000000001,,,,,
20260925T083500Z-native-vm,startup.hello,,baseline,cli,go,,True,5,82,0.9888520000000002,,,,,
20260925T083500Z-native-vm,startup.hello,,baseline,cli,go,,True,5,83,0.93287,,,,,
20260925T083500Z-native-vm,startup.hello,,baseline,cli,go,,True,5,84,0.913854,,,,,
20260925T083500Z-native-vm,startup.hello,,baseline,cli,go,,True,5,85,0.9078630000000001,,,,,
20260925T083500Z-native-vm,startup.hello,,baseline,cli,go,,True,5,86,0.920297,,,,,
20260925T083500Z-native-vm,startup.hello,,baseline,cli,go,,True,5,87,0.989047,,,,,
20260925T083500Z-native-vm,startup.hello,,baseline,cli,go,,True,5,88,1.180761,,,,,
20260925T083500Z-native-vm,startup.hello,,baseline,cli,go,,True,5,89,0.9066730000000001,,,,,
20260925T083500Z-native-vm,startup.hello,,baseline,cli,go,,True,5,90,0.925138,,,,,
20260925T083500Z-native-vm,startup.hello,,baseline,cli,go,,True,5,91,0.863792,,,,,
20260925T083500Z-native-vm,startup.hello,,baseline,cli,go,,True,5,92,0.9279850000000001,,,,,
20260925T083500Z-native-vm,startup.hello,,baseline,cli,go,,True,5,93,0.922907,,,,,
20260925T083500Z-native-vm,startup.hello,,baseline,cli,go,,True,5,94,0.8963920000000001,,,,,
20260925T083500Z-native-vm,startup.hello,,baseline,cli,go,,True,5,95,0.8989260000000001,,,,,
20260925T083500Z-native-vm,startup.hello,,baseline,cli,go,,True,5,96,1.141756,,,,,
20260925T083500Z-native-vm,startup.hello,,baseline,cli,go,,True,5,97,0.904626,,,,,
20260925T083500Z-native-vm,startup.hello,,baseline,cli,go,,True,5,98,0.9137090000000001,,,,,
20260925T083500Z-native-vm,startup.hello,,baseline,cli,go,,True,5,99,0.9160560000000001,,,,,
20260925T083500Z-native-vm,startup.hello,,baseline,cli,go,,True,6,0,0.935517,,,,,
20260925T083500Z-native-vm,startup.hello,,baseline,cli,go,,True,6,1,0.949099,,,,,
20260925T083500Z-native-vm,startup.hello,,baseline,cli,go,,True,6,2,0.9353250000000001,,,,,
20260925T083500Z-native-vm,startup.hello,,baseline,cli,go,,True,6,3,0.906549,,,,,
20260925T083500Z-native-vm,startup.hello,,baseline,cli,go,,True,6,4,0.8659330000000001,,,,,
20260925T083500Z-native-vm,startup.hello,,baseline,cli,go,,True,6,5,1.0724040000000001,,,,,
20260925T083500Z-native-vm,startup.hello,,baseline,cli,go,,True,6,6,1.057094,,,,,
20260925T083500Z-native-vm,startup.hello,,baseline,cli,go,,True,6,7,1.105883,,,,,
20260925T083500Z-native-vm,startup.hello,,baseline,cli,go,,True,6,8,1.098408,,,,,
20260925T083500Z-native-vm,startup.hello,,baseline,cli,go,,True,6,9,0.954697,,,,,
20260925T083500Z-native-vm,startup.hello,,baseline,cli,go,,True,6,10,0.8682980000000001,,,,,
20260925T083500Z-native-vm,startup.hello,,baseline,cli,go,,True,6,11,0.8982450000000001,,,,,
20260925T083500Z-native-vm,startup.hello,,baseline,cli,go,,True,6,12,0.9002370000000001,,,,,
20260925T083500Z-native-vm,startup.hello,,baseline,cli,go,,True,6,13,0.909912,,,,,
20260925T083500Z-native-vm,startup.hello,,baseline,cli,go,,True,6,14,0.887972,,,,,
20260925T083500Z-native-vm,startup.hello,,baseline,cli,go,,True,6,15,0.882363,,,,,
20260925T083500Z-native-vm,startup.hello,,baseline,cli,go,,True,6,16,0.9161790000000001,,,,,
20260925T083500Z-native-vm,startup.hello,,baseline,cli,go,,True,6,17,0.925744,,,,,
20260925T083500Z-native-vm,startup.hello,,baseline,cli,go,,True,6,18,0.8734760000000001,,,,,
20260925T083500Z-native-vm,startup.hello,,baseline,cli,go,,True,6,19,0.90793,,,,,
20260925T083500Z-native-vm,startup.hello,,baseline,cli,go,,True,6,20,0.904115,,,,,
20260925T083500Z-native-vm,startup.hello,,baseline,cli,go,,True,6,21,0.894397,,,,,
20260925T083500Z-native-vm,startup.hello,,baseline,cli,go,,True,6,22,1.1561839999999999,,,,,
20260925T083500Z-native-vm,startup.hello,,baseline,cli,go,,True,6,23,0.901258,,,,,
20260925T083500Z-native-vm,startup.hello,,baseline,cli,go,,True,6,24,0.8939070000000001,,,,,
20260925T083500Z-native-vm,startup.hello,,baseline,cli,go,,True,6,25,0.8829720000000001,,,,,
20260925T083500Z-native-vm,startup.hello,,baseline,cli,go,,True,6,26,0.9133290000000001,,,,,
20260925T083500Z-native-vm,startup.hello,,baseline,cli,go,,True,6,27,0.8872070000000001,,,,,
20260925T083500Z-native-vm,startup.hello,,baseline,cli,go,,True,6,28,0.887051,,,,,
20260925T083500Z-native-vm,startup.hello,,baseline,cli,go,,True,6,29,0.899136,,,,,
20260925T083500Z-native-vm,startup.hello,,baseline,cli,go,,True,6,30,1.5100290000000003,,,,,
20260925T083500Z-native-vm,startup.hello,,baseline,cli,go,,True,6,31,0.9663820000000001,,,,,
20260925T083500Z-native-vm,startup.hello,,baseline,cli,go,,True,6,32,0.9153680000000001,,,,,
20260925T083500Z-native-vm,startup.hello,,baseline,cli,go,,True,6,33,0.9085860000000001,,,,,
20260925T083500Z-native-vm,startup.hello,,baseline,cli,go,,True,6,34,1.101947,,,,,
20260925T083500Z-native-vm,startup.hello,,baseline,cli,go,,True,6,35,0.9743780000000001,,,,,
20260925T083500Z-native-vm,startup.hello,,baseline,cli,go,,True,6,36,0.9202,,,,,
20260925T083500Z-native-vm,startup.hello,,baseline,cli,go,,True,6,37,0.8768360000000001,,,,,
20260925T083500Z-native-vm,startup.hello,,baseline,cli,go,,True,6,38,1.231171,,,,,
20260925T083500Z-native-vm,startup.hello,,baseline,cli,go,,True,6,39,0.9155610000000001,,,,,
20260925T083500Z-native-vm,startup.hello,,baseline,cli,go,,True,6,40,0.91429,,,,,
20260925T083500Z-native-vm,startup.hello,,baseline,cli,go,,True,6,41,0.891372,,,,,
20260925T083500Z-native-vm,startup.hello,,baseline,cli,go,,True,6,42,0.933048,,,,,
20260925T083500Z-native-vm,startup.hello,,baseline,cli,go,,True,6,43,0.918371,,,,,
20260925T083500Z-native-vm,startup.hello,,baseline,cli,go,,True,6,44,0.889731,,,,,
20260925T083500Z-native-vm,startup.hello,,baseline,cli,go,,True,6,45,0.8860210000000001,,,,,
20260925T083500Z-native-vm,startup.hello,,baseline,cli,go,,True,6,46,1.098908,,,,,
20260925T083500Z-native-vm,startup.hello,,baseline,cli,go,,True,6,47,1.1796290000000003,,,,,
20260925T083500Z-native-vm,startup.hello,,baseline,cli,go,,True,6,48,0.9260900000000001,,,,,
20260925T083500Z-native-vm,startup.hello,,baseline,cli,go,,True,6,49,0.9082070000000001,,,,,
20260925T083500Z-native-vm,startup.hello,,baseline,cli,go,,True,6,50,0.904238,,,,,
20260925T083500Z-native-vm,startup.hello,,baseline,cli,go,,True,6,51,0.9442500000000001,,,,,
20260925T083500Z-native-vm,startup.hello,,baseline,cli,go,,True,6,52,0.9007910000000001,,,,,
20260925T083500Z-native-vm,startup.hello,,baseline,cli,go,,True,6,53,0.9684890000000002,,,,,
20260925T083500Z-native-vm,startup.hello,,baseline,cli,go,,True,6,54,0.9295300000000001,,,,,
20260925T083500Z-native-vm,startup.hello,,baseline,cli,go,,True,6,55,1.120119,,,,,
20260925T083500Z-native-vm,startup.hello,,baseline,cli,go,,True,6,56,0.9103260000000001,,,,,
20260925T083500Z-native-vm,startup.hello,,baseline,cli,go,,True,6,57,1.0285490000000002,,,,,
20260925T083500Z-native-vm,startup.hello,,baseline,cli,go,,True,6,58,0.9261610000000001,,,,,
20260925T083500Z-native-vm,startup.hello,,baseline,cli,go,,True,6,59,0.9705270000000001,,,,,
20260925T083500Z-native-vm,startup.hello,,baseline,cli,go,,True,6,60,0.9221450000000001,,,,,
20260925T083500Z-native-vm,startup.hello,,baseline,cli,go,,True,6,61,0.940157,,,,,
20260925T083500Z-native-vm,startup.hello,,baseline,cli,go,,True,6,62,0.9018510000000001,,,,,
20260925T083500Z-native-vm,startup.hello,,baseline,cli,go,,True,6,63,1.466569,,,,,
20260925T083500Z-native-vm,startup.hello,,baseline,cli,go,,True,6,64,1.012159,,,,,
20260925T083500Z-native-vm,startup.hello,,baseline,cli,go,,True,6,65,0.9361100000000001,,,,,
20260925T083500Z-native-vm,startup.hello,,baseline,cli,go,,True,6,66,1.2983760000000002,,,,,
20260925T083500Z-native-vm,startup.hello,,baseline,cli,go,,True,6,67,0.981122,,,,,
20260925T083500Z-native-vm,startup.hello,,baseline,cli,go,,True,6,68,0.8755900000000001,,,,,
20260925T083500Z-native-vm,startup.hello,,baseline,cli,go,,True,6,69,0.91434,,,,,
20260925T083500Z-native-vm,startup.hello,,baseline,cli,go,,True,6,70,0.889372,,,,,
20260925T083500Z-native-vm,startup.hello,,baseline,cli,go,,True,6,71,0.91706,,,,,
20260925T083500Z-native-vm,startup.hello,,baseline,cli,go,,True,6,72,0.894965,,,,,
20260925T083500Z-native-vm,startup.hello,,baseline,cli,go,,True,6,73,0.900209,,,,,
20260925T083500Z-native-vm,startup.hello,,baseline,cli,go,,True,6,74,0.9099360000000001,,,,,
20260925T083500Z-native-vm,startup.hello,,baseline,cli,go,,True,6,75,1.229341,,,,,
20260925T083500Z-native-vm,startup.hello,,baseline,cli,go,,True,6,76,0.936166,,,,,
20260925T083500Z-native-vm,startup.hello,,baseline,cli,go,,True,6,77,0.9242830000000001,,,,,
20260925T083500Z-native-vm,startup.hello,,baseline,cli,go,,True,6,78,0.905842,,,,,
20260925T083500Z-native-vm,startup.hello,,baseline,cli,go,,True,6,79,1.3216530000000002,,,,,
20260925T083500Z-native-vm,startup.hello,,baseline,cli,go,,True,6,80,0.946854,,,,,
20260925T083500Z-native-vm,startup.hello,,baseline,cli,go,,True,6,81,1.2449430000000001,,,,,
20260925T083500Z-native-vm,startup.hello,,baseline,cli,go,,True,6,82,1.350281,,,,,
20260925T083500Z-native-vm,startup.hello,,baseline,cli,go,,True,6,83,0.9248850000000001,,,,,
20260925T083500Z-native-vm,startup.hello,,baseline,cli,go,,True,6,84,0.902524,,,,,
20260925T083500Z-native-vm,startup.hello,,baseline,cli,go,,True,6,85,0.9162520000000001,,,,,
20260925T083500Z-native-vm,startup.hello,,baseline,cli,go,,True,6,86,0.9310210000000001,,,,,
20260925T083500Z-native-vm,startup.hello,,baseline,cli,go,,True,6,87,0.917961,,,,,
20260925T083500Z-native-vm,startup.hello,,baseline,cli,go,,True,6,88,0.9168990000000001,,,,,
20260925T083500Z-native-vm,startup.hello,,baseline,cli,go,,True,6,89,0.9442950000000001,,,,,
20260925T083500Z-native-vm,startup.hello,,baseline,cli,go,,True,6,90,1.1134650000000001,,,,,
20260925T083500Z-native-vm,startup.hello,,baseline,cli,go,,True,6,91,0.9590140000000001,,,,,
20260925T083500Z-native-vm,startup.hello,,baseline,cli,go,,True,6,92,0.9450480000000001,,,,,
20260925T083500Z-native-vm,startup.hello,,baseline,cli,go,,True,6,93,0.907964,,,,,
20260925T083500Z-native-vm,startup.hello,,baseline,cli,go,,True,6,94,0.956329,,,,,
20260925T083500Z-native-vm,startup.hello,,baseline,cli,go,,True,6,95,0.8972610000000001,,,,,
20260925T083500Z-native-vm,startup.hello,,baseline,cli,go,,True,6,96,0.972164,,,,,
20260925T083500Z-native-vm,startup.hello,,baseline,cli,go,,True,6,97,0.9089450000000001,,,,,
20260925T083500Z-native-vm,startup.hello,,baseline,cli,go,,True,6,98,0.885301,,,,,
20260925T083500Z-native-vm,startup.hello,,baseline,cli,go,,True,6,99,1.209749,,,,,
20260925T083500Z-native-vm,startup.hello,,baseline,cli,go,,True,7,0,0.9102520000000001,,,,,
20260925T083500Z-native-vm,startup.hello,,baseline,cli,go,,True,7,1,1.117519,,,,,
20260925T083500Z-native-vm,startup.hello,,baseline,cli,go,,True,7,2,0.9584350000000001,,,,,
20260925T083500Z-native-vm,startup.hello,,baseline,cli,go,,True,7,3,0.906734,,,,,
20260925T083500Z-native-vm,startup.hello,,baseline,cli,go,,True,7,4,0.9835950000000001,,,,,
20260925T083500Z-native-vm,startup.hello,,baseline,cli,go,,True,7,5,0.9099490000000001,,,,,
20260925T083500Z-native-vm,startup.hello,,baseline,cli,go,,True,7,6,1.031293,,,,,
20260925T083500Z-native-vm,startup.hello,,baseline,cli,go,,True,7,7,0.931193,,,,,
20260925T083500Z-native-vm,startup.hello,,baseline,cli,go,,True,7,8,0.900312,,,,,
20260925T083500Z-native-vm,startup.hello,,baseline,cli,go,,True,7,9,1.3794220000000001,,,,,
20260925T083500Z-native-vm,startup.hello,,baseline,cli,go,,True,7,10,1.2001629999999999,,,,,
20260925T083500Z-native-vm,startup.hello,,baseline,cli,go,,True,7,11,1.871,,,,,
20260925T083500Z-native-vm,startup.hello,,baseline,cli,go,,True,7,12,1.855299,,,,,
20260925T083500Z-native-vm,startup.hello,,baseline,cli,go,,True,7,13,0.9928460000000001,,,,,
20260925T083500Z-native-vm,startup.hello,,baseline,cli,go,,True,7,14,0.9732520000000001,,,,,
20260925T083500Z-native-vm,startup.hello,,baseline,cli,go,,True,7,15,1.0004650000000002,,,,,
20260925T083500Z-native-vm,startup.hello,,baseline,cli,go,,True,7,16,0.9852420000000001,,,,,
20260925T083500Z-native-vm,startup.hello,,baseline,cli,go,,True,7,17,0.900727,,,,,
20260925T083500Z-native-vm,startup.hello,,baseline,cli,go,,True,7,18,0.912115,,,,,
20260925T083500Z-native-vm,startup.hello,,baseline,cli,go,,True,7,19,1.0039250000000002,,,,,
20260925T083500Z-native-vm,startup.hello,,baseline,cli,go,,True,7,20,1.258828,,,,,
20260925T083500Z-native-vm,startup.hello,,baseline,cli,go,,True,7,21,0.9114240000000001,,,,,
20260925T083500Z-native-vm,startup.hello,,baseline,cli,go,,True,7,22,0.925907,,,,,
20260925T083500Z-native-vm,startup.hello,,baseline,cli,go,,True,7,23,0.999083,,,,,
20260925T083500Z-native-vm,startup.hello,,baseline,cli,go,,True,7,24,0.9377640000000002,,,,,
20260925T083500Z-native-vm,startup.hello,,baseline,cli,go,,True,7,25,1.0143650000000002,,,,,
20260925T083500Z-native-vm,startup.hello,,baseline,cli,go,,True,7,26,0.9235720000000001,,,,,
20260925T083500Z-native-vm,startup.hello,,baseline,cli,go,,True,7,27,0.941194,,,,,
20260925T083500Z-native-vm,startup.hello,,baseline,cli,go,,True,7,28,1.1073530000000003,,,,,
20260925T083500Z-native-vm,startup.hello,,baseline,cli,go,,True,7,29,0.9770320000000001,,,,,
20260925T083500Z-native-vm,startup.hello,,baseline,cli,go,,True,7,30,0.89154,,,,,
20260925T083500Z-native-vm,startup.hello,,baseline,cli,go,,True,7,31,1.004362,,,,,
20260925T083500Z-native-vm,startup.hello,,baseline,cli,go,,True,7,32,0.9622900000000001,,,,,
20260925T083500Z-native-vm,startup.hello,,baseline,cli,go,,True,7,33,0.89722,,,,,
20260925T083500Z-native-vm,startup.hello,,baseline,cli,go,,True,7,34,1.129164,,,,,
20260925T083500Z-native-vm,startup.hello,,baseline,cli,go,,True,7,35,1.006355,,,,,
20260925T083500Z-native-vm,startup.hello,,baseline,cli,go,,True,7,36,1.576046,,,,,
20260925T083500Z-native-vm,startup.hello,,baseline,cli,go,,True,7,37,1.077787,,,,,
20260925T083500Z-native-vm,startup.hello,,baseline,cli,go,,True,7,38,0.9669150000000001,,,,,
20260925T083500Z-native-vm,startup.hello,,baseline,cli,go,,True,7,39,1.212084,,,,,
20260925T083500Z-native-vm,startup.hello,,baseline,cli,go,,True,7,40,1.296239,,,,,
20260925T083500Z-native-vm,startup.hello,,baseline,cli,go,,True,7,41,1.206002,,,,,
20260925T083500Z-native-vm,startup.hello,,baseline,cli,go,,True,7,42,1.380019,,,,,
20260925T083500Z-native-vm,startup.hello,,baseline,cli,go,,True,7,43,0.9377300000000001,,,,,
20260925T083500Z-native-vm,startup.hello,,baseline,cli,go,,True,7,44,0.857689,,,,,
20260925T083500Z-native-vm,startup.hello,,baseline,cli,go,,True,7,45,0.9171870000000001,,,,,
20260925T083500Z-native-vm,startup.hello,,baseline,cli,go,,True,7,46,0.951669,,,,,
20260925T083500Z-native-vm,startup.hello,,baseline,cli,go,,True,7,47,0.9596180000000001,,,,,
20260925T083500Z-native-vm,startup.hello,,baseline,cli,go,,True,7,48,0.9123650000000001,,,,,
20260925T083500Z-native-vm,startup.hello,,baseline,cli,go,,True,7,49,0.8990410000000001,,,,,
20260925T083500Z-native-vm,startup.hello,,baseline,cli,go,,True,7,50,1.186587,,,,,
20260925T083500Z-native-vm,startup.hello,,baseline,cli,go,,True,7,51,0.915085,,,,,
20260925T083500Z-native-vm,startup.hello,,baseline,cli,go,,True,7,52,0.8951,,,,,
20260925T083500Z-native-vm,startup.hello,,baseline,cli,go,,True,7,53,0.909803,,,,,
20260925T083500Z-native-vm,startup.hello,,baseline,cli,go,,True,7,54,0.8829940000000001,,,,,
20260925T083500Z-native-vm,startup.hello,,baseline,cli,go,,True,7,55,0.9470700000000001,,,,,
20260925T083500Z-native-vm,startup.hello,,baseline,cli,go,,True,7,56,0.922521,,,,,
20260925T083500Z-native-vm,startup.hello,,baseline,cli,go,,True,7,57,0.919362,,,,,
20260925T083500Z-native-vm,startup.hello,,baseline,cli,go,,True,7,58,0.9107160000000001,,,,,
20260925T083500Z-native-vm,startup.hello,,baseline,cli,go,,True,7,59,0.927635,,,,,
20260925T083500Z-native-vm,startup.hello,,baseline,cli,go,,True,7,60,1.1140889999999999,,,,,
20260925T083500Z-native-vm,startup.hello,,baseline,cli,go,,True,7,61,0.901324,,,,,
20260925T083500Z-native-vm,startup.hello,,baseline,cli,go,,True,7,62,0.9038,,,,,
20260925T083500Z-native-vm,startup.hello,,baseline,cli,go,,True,7,63,1.2904650000000002,,,,,
20260925T083500Z-native-vm,startup.hello,,baseline,cli,go,,True,7,64,1.0419100000000001,,,,,
20260925T083500Z-native-vm,startup.hello,,baseline,cli,go,,True,7,65,0.9113010000000001,,,,,
20260925T083500Z-native-vm,startup.hello,,baseline,cli,go,,True,7,66,0.899479,,,,,
20260925T083500Z-native-vm,startup.hello,,baseline,cli,go,,True,7,67,0.92025,,,,,
20260925T083500Z-native-vm,startup.hello,,baseline,cli,go,,True,7,68,0.879731,,,,,
20260925T083500Z-native-vm,startup.hello,,baseline,cli,go,,True,7,69,0.9105070000000001,,,,,
20260925T083500Z-native-vm,startup.hello,,baseline,cli,go,,True,7,70,0.898412,,,,,
20260925T083500Z-native-vm,startup.hello,,baseline,cli,go,,True,7,71,0.9908690000000001,,,,,
20260925T083500Z-native-vm,startup.hello,,baseline,cli,go,,True,7,72,0.921235,,,,,
20260925T083500Z-native-vm,startup.hello,,baseline,cli,go,,True,7,73,0.8859400000000001,,,,,
20260925T083500Z-native-vm,startup.hello,,baseline,cli,go,,True,7,74,0.9230820000000001,,,,,
20260925T083500Z-native-vm,startup.hello,,baseline,cli,go,,True,7,75,0.9609960000000001,,,,,
20260925T083500Z-native-vm,startup.hello,,baseline,cli,go,,True,7,76,0.903473,,,,,
20260925T083500Z-native-vm,startup.hello,,baseline,cli,go,,True,7,77,0.88465,,,,,
20260925T083500Z-native-vm,startup.hello,,baseline,cli,go,,True,7,78,0.8797630000000001,,,,,
20260925T083500Z-native-vm,startup.hello,,baseline,cli,go,,True,7,79,0.9148310000000001,,,,,
20260925T083500Z-native-vm,startup.hello,,baseline,cli,go,,True,7,80,0.940965,,,,,
20260925T083500Z-native-vm,startup.hello,,baseline,cli,go,,True,7,81,1.0689300000000002,,,,,
20260925T083500Z-native-vm,startup.hello,,baseline,cli,go,,True,7,82,1.186428,,,,,
20260925T083500Z-native-vm,startup.hello,,baseline,cli,go,,True,7,83,1.287874,,,,,
20260925T083500Z-native-vm,startup.hello,,baseline,cli,go,,True,7,84,0.9343790000000001,,,,,
20260925T083500Z-native-vm,startup.hello,,baseline,cli,go,,True,7,85,0.963995,,,,,
20260925T083500Z-native-vm,startup.hello,,baseline,cli,go,,True,7,86,0.9355730000000001,,,,,
20260925T083500Z-native-vm,startup.hello,,baseline,cli,go,,True,7,87,0.915838,,,,,
20260925T083500Z-native-vm,startup.hello,,baseline,cli,go,,True,7,88,0.8801280000000001,,,,,
20260925T083500Z-native-vm,startup.hello,,baseline,cli,go,,True,7,89,0.8913840000000001,,,,,
20260925T083500Z-native-vm,startup.hello,,baseline,cli,go,,True,7,90,0.894211,,,,,
20260925T083500Z-native-vm,startup.hello,,baseline,cli,go,,True,7,91,0.8759280000000002,,,,,
20260925T083500Z-native-vm,startup.hello,,baseline,cli,go,,True,7,92,0.9426930000000001,,,,,
20260925T083500Z-native-vm,startup.hello,,baseline,cli,go,,True,7,93,0.89812,,,,,
20260925T083500Z-native-vm,startup.hello,,baseline,cli,go,,True,7,94,0.861923,,,,,
20260925T083500Z-native-vm,startup.hello,,baseline,cli,go,,True,7,95,1.005023,,,,,
20260925T083500Z-native-vm,startup.hello,,baseline,cli,go,,True,7,96,0.976059,,,,,
20260925T083500Z-native-vm,startup.hello,,baseline,cli,go,,True,7,97,0.956231,,,,,
20260925T083500Z-native-vm,startup.hello,,baseline,cli,go,,True,7,98,0.9324810000000001,,,,,
20260925T083500Z-native-vm,startup.hello,,baseline,cli,go,,True,7,99,0.898946,,,,,
20260925T083500Z-native-vm,startup.hello,,baseline,cli,go,,True,8,0,0.8955460000000001,,,,,
20260925T083500Z-native-vm,startup.hello,,baseline,cli,go,,True,8,1,0.8817990000000001,,,,,
20260925T083500Z-native-vm,startup.hello,,baseline,cli,go,,True,8,2,0.9054740000000001,,,,,
20260925T083500Z-native-vm,startup.hello,,baseline,cli,go,,True,8,3,1.170248,,,,,
20260925T083500Z-native-vm,startup.hello,,baseline,cli,go,,True,8,4,0.976567,,,,,
20260925T083500Z-native-vm,startup.hello,,baseline,cli,go,,True,8,5,0.936693,,,,,
20260925T083500Z-native-vm,startup.hello,,baseline,cli,go,,True,8,6,0.996963,,,,,
20260925T083500Z-native-vm,startup.hello,,baseline,cli,go,,True,8,7,0.911962,,,,,
20260925T083500Z-native-vm,startup.hello,,baseline,cli,go,,True,8,8,0.90552,,,,,
20260925T083500Z-native-vm,startup.hello,,baseline,cli,go,,True,8,9,0.9012470000000001,,,,,
20260925T083500Z-native-vm,startup.hello,,baseline,cli,go,,True,8,10,0.889179,,,,,
20260925T083500Z-native-vm,startup.hello,,baseline,cli,go,,True,8,11,0.962439,,,,,
20260925T083500Z-native-vm,startup.hello,,baseline,cli,go,,True,8,12,0.927351,,,,,
20260925T083500Z-native-vm,startup.hello,,baseline,cli,go,,True,8,13,0.8684130000000001,,,,,
20260925T083500Z-native-vm,startup.hello,,baseline,cli,go,,True,8,14,0.8428570000000001,,,,,
20260925T083500Z-native-vm,startup.hello,,baseline,cli,go,,True,8,15,0.8445180000000001,,,,,
20260925T083500Z-native-vm,startup.hello,,baseline,cli,go,,True,8,16,0.879881,,,,,
20260925T083500Z-native-vm,startup.hello,,baseline,cli,go,,True,8,17,0.8822550000000001,,,,,
20260925T083500Z-native-vm,startup.hello,,baseline,cli,go,,True,8,18,1.0460770000000001,,,,,
20260925T083500Z-native-vm,startup.hello,,baseline,cli,go,,True,8,19,2.212371,,,,,
20260925T083500Z-native-vm,startup.hello,,baseline,cli,go,,True,8,20,7.177035000000001,,,,,
20260925T083500Z-native-vm,startup.hello,,baseline,cli,go,,True,8,21,2.191733,,,,,
20260925T083500Z-native-vm,startup.hello,,baseline,cli,go,,True,8,22,1.0073020000000001,,,,,
20260925T083500Z-native-vm,startup.hello,,baseline,cli,go,,True,8,23,1.532771,,,,,
20260925T083500Z-native-vm,startup.hello,,baseline,cli,go,,True,8,24,0.935683,,,,,
20260925T083500Z-native-vm,startup.hello,,baseline,cli,go,,True,8,25,0.9327420000000001,,,,,
20260925T083500Z-native-vm,startup.hello,,baseline,cli,go,,True,8,26,0.968631,,,,,
20260925T083500Z-native-vm,startup.hello,,baseline,cli,go,,True,8,27,1.009081,,,,,
20260925T083500Z-native-vm,startup.hello,,baseline,cli,go,,True,8,28,1.168136,,,,,
20260925T083500Z-native-vm,startup.hello,,baseline,cli,go,,True,8,29,0.917614,,,,,
20260925T083500Z-native-vm,startup.hello,,baseline,cli,go,,True,8,30,2.009446,,,,,
20260925T083500Z-native-vm,startup.hello,,baseline,cli,go,,True,8,31,0.91996,,,,,
20260925T083500Z-native-vm,startup.hello,,baseline,cli,go,,True,8,32,0.9159870000000001,,,,,
20260925T083500Z-native-vm,startup.hello,,baseline,cli,go,,True,8,33,1.0156330000000002,,,,,
20260925T083500Z-native-vm,startup.hello,,baseline,cli,go,,True,8,34,0.9754130000000001,,,,,
20260925T083500Z-native-vm,startup.hello,,baseline,cli,go,,True,8,35,0.9243690000000001,,,,,
20260925T083500Z-native-vm,startup.hello,,baseline,cli,go,,True,8,36,0.907111,,,,,
20260925T083500Z-native-vm,startup.hello,,baseline,cli,go,,True,8,37,0.9251780000000001,,,,,
20260925T083500Z-native-vm,startup.hello,,baseline,cli,go,,True,8,38,0.99255,,,,,
20260925T083500Z-native-vm,startup.hello,,baseline,cli,go,,True,8,39,0.957555,,,,,
20260925T083500Z-native-vm,startup.hello,,baseline,cli,go,,True,8,40,0.976238,,,,,
20260925T083500Z-native-vm,startup.hello,,baseline,cli,go,,True,8,41,1.43189,,,,,
20260925T083500Z-native-vm,startup.hello,,baseline,cli,go,,True,8,42,0.9990669999999999,,,,,
20260925T083500Z-native-vm,startup.hello,,baseline,cli,go,,True,8,43,0.9343180000000001,,,,,
20260925T083500Z-native-vm,startup.hello,,baseline,cli,go,,True,8,44,0.8893970000000001,,,,,
20260925T083500Z-native-vm,startup.hello,,baseline,cli,go,,True,8,45,1.199713,,,,,
20260925T083500Z-native-vm,startup.hello,,baseline,cli,go,,True,8,46,0.9747600000000001,,,,,
20260925T083500Z-native-vm,startup.hello,,baseline,cli,go,,True,8,47,0.897974,,,,,
20260925T083500Z-native-vm,startup.hello,,baseline,cli,go,,True,8,48,0.930844,,,,,
20260925T083500Z-native-vm,startup.hello,,baseline,cli,go,,True,8,49,0.9396960000000001,,,,,
20260925T083500Z-native-vm,startup.hello,,baseline,cli,go,,True,8,50,0.884572,,,,,
20260925T083500Z-native-vm,startup.hello,,baseline,cli,go,,True,8,51,1.001657,,,,,
20260925T083500Z-native-vm,startup.hello,,baseline,cli,go,,True,8,52,0.9569650000000001,,,,,
20260925T083500Z-native-vm,startup.hello,,baseline,cli,go,,True,8,53,0.8937470000000001,,,,,
20260925T083500Z-native-vm,startup.hello,,baseline,cli,go,,True,8,54,1.118434,,,,,
20260925T083500Z-native-vm,startup.hello,,baseline,cli,go,,True,8,55,0.874905,,,,,
20260925T083500Z-native-vm,startup.hello,,baseline,cli,go,,True,8,56,0.94098,,,,,
20260925T083500Z-native-vm,startup.hello,,baseline,cli,go,,True,8,57,0.922907,,,,,
20260925T083500Z-native-vm,startup.hello,,baseline,cli,go,,True,8,58,0.9209860000000001,,,,,
20260925T083500Z-native-vm,startup.hello,,baseline,cli,go,,True,8,59,0.903325,,,,,
20260925T083500Z-native-vm,startup.hello,,baseline,cli,go,,True,8,60,0.965889,,,,,
20260925T083500Z-native-vm,startup.hello,,baseline,cli,go,,True,8,61,0.8713120000000001,,,,,
20260925T083500Z-native-vm,startup.hello,,baseline,cli,go,,True,8,62,1.064244,,,,,
20260925T083500Z-native-vm,startup.hello,,baseline,cli,go,,True,8,63,1.050582,,,,,
20260925T083500Z-native-vm,startup.hello,,baseline,cli,go,,True,8,64,3.018253,,,,,
20260925T083500Z-native-vm,startup.hello,,baseline,cli,go,,True,8,65,1.8663560000000001,,,,,
20260925T083500Z-native-vm,startup.hello,,baseline,cli,go,,True,8,66,0.9191480000000001,,,,,
20260925T083500Z-native-vm,startup.hello,,baseline,cli,go,,True,8,67,0.9879960000000001,,,,,
20260925T083500Z-native-vm,startup.hello,,baseline,cli,go,,True,8,68,0.8678570000000001,,,,,
20260925T083500Z-native-vm,startup.hello,,baseline,cli,go,,True,8,69,0.8885630000000001,,,,,
20260925T083500Z-native-vm,startup.hello,,baseline,cli,go,,True,8,70,0.8959560000000001,,,,,
20260925T083500Z-native-vm,startup.hello,,baseline,cli,go,,True,8,71,1.098894,,,,,
20260925T083500Z-native-vm,startup.hello,,baseline,cli,go,,True,8,72,1.334513,,,,,
20260925T083500Z-native-vm,startup.hello,,baseline,cli,go,,True,8,73,0.896549,,,,,
20260925T083500Z-native-vm,startup.hello,,baseline,cli,go,,True,8,74,0.854348,,,,,
20260925T083500Z-native-vm,startup.hello,,baseline,cli,go,,True,8,75,0.920997,,,,,
20260925T083500Z-native-vm,startup.hello,,baseline,cli,go,,True,8,76,0.8731940000000001,,,,,
20260925T083500Z-native-vm,startup.hello,,baseline,cli,go,,True,8,77,0.8766570000000001,,,,,
20260925T083500Z-native-vm,startup.hello,,baseline,cli,go,,True,8,78,0.852214,,,,,
20260925T083500Z-native-vm,startup.hello,,baseline,cli,go,,True,8,79,0.8641390000000001,,,,,
20260925T083500Z-native-vm,startup.hello,,baseline,cli,go,,True,8,80,1.106463,,,,,
20260925T083500Z-native-vm,startup.hello,,baseline,cli,go,,True,8,81,0.872853,,,,,
20260925T083500Z-native-vm,startup.hello,,baseline,cli,go,,True,8,82,1.540046,,,,,
20260925T083500Z-native-vm,startup.hello,,baseline,cli,go,,True,8,83,0.9664090000000001,,,,,
20260925T083500Z-native-vm,startup.hello,,baseline,cli,go,,True,8,84,0.860334,,,,,
20260925T083500Z-native-vm,startup.hello,,baseline,cli,go,,True,8,85,0.898316,,,,,
20260925T083500Z-native-vm,startup.hello,,baseline,cli,go,,True,8,86,0.8786470000000001,,,,,
20260925T083500Z-native-vm,startup.hello,,baseline,cli,go,,True,8,87,0.8772820000000001,,,,,
20260925T083500Z-native-vm,startup.hello,,baseline,cli,go,,True,8,88,1.117205,,,,,
20260925T083500Z-native-vm,startup.hello,,baseline,cli,go,,True,8,89,0.887506,,,,,
20260925T083500Z-native-vm,startup.hello,,baseline,cli,go,,True,8,90,0.8685260000000001,,,,,
20260925T083500Z-native-vm,startup.hello,,baseline,cli,go,,True,8,91,0.923115,,,,,
20260925T083500Z-native-vm,startup.hello,,baseline,cli,go,,True,8,92,1.182147,,,,,
20260925T083500Z-native-vm,startup.hello,,baseline,cli,go,,True,8,93,0.927853,,,,,
20260925T083500Z-native-vm,startup.hello,,baseline,cli,go,,True,8,94,0.855629,,,,,
20260925T083500Z-native-vm,startup.hello,,baseline,cli,go,,True,8,95,0.8922650000000001,,,,,
20260925T083500Z-native-vm,startup.hello,,baseline,cli,go,,True,8,96,0.91241,,,,,
20260925T083500Z-native-vm,startup.hello,,baseline,cli,go,,True,8,97,0.850929,,,,,
20260925T083500Z-native-vm,startup.hello,,baseline,cli,go,,True,8,98,0.8760100000000001,,,,,
20260925T083500Z-native-vm,startup.hello,,baseline,cli,go,,True,8,99,0.870683,,,,,
20260925T083500Z-native-vm,startup.hello,,baseline,cli,go,,True,9,0,1.0443190000000002,,,,,
20260925T083500Z-native-vm,startup.hello,,baseline,cli,go,,True,9,1,0.9029620000000002,,,,,
20260925T083500Z-native-vm,startup.hello,,baseline,cli,go,,True,9,2,0.857458,,,,,
20260925T083500Z-native-vm,startup.hello,,baseline,cli,go,,True,9,3,1.1111090000000001,,,,,
20260925T083500Z-native-vm,startup.hello,,baseline,cli,go,,True,9,4,1.2222320000000002,,,,,
20260925T083500Z-native-vm,startup.hello,,baseline,cli,go,,True,9,5,1.426348,,,,,
20260925T083500Z-native-vm,startup.hello,,baseline,cli,go,,True,9,6,0.9117760000000001,,,,,
20260925T083500Z-native-vm,startup.hello,,baseline,cli,go,,True,9,7,0.8930440000000001,,,,,
20260925T083500Z-native-vm,startup.hello,,baseline,cli,go,,True,9,8,0.9354710000000002,,,,,
20260925T083500Z-native-vm,startup.hello,,baseline,cli,go,,True,9,9,0.849651,,,,,
20260925T083500Z-native-vm,startup.hello,,baseline,cli,go,,True,9,10,1.21509,,,,,
20260925T083500Z-native-vm,startup.hello,,baseline,cli,go,,True,9,11,0.9348500000000001,,,,,
20260925T083500Z-native-vm,startup.hello,,baseline,cli,go,,True,9,12,1.2599220000000002,,,,,
20260925T083500Z-native-vm,startup.hello,,baseline,cli,go,,True,9,13,0.89537,,,,,
20260925T083500Z-native-vm,startup.hello,,baseline,cli,go,,True,9,14,1.073418,,,,,
20260925T083500Z-native-vm,startup.hello,,baseline,cli,go,,True,9,15,0.9279000000000001,,,,,
20260925T083500Z-native-vm,startup.hello,,baseline,cli,go,,True,9,16,1.5278170000000002,,,,,
20260925T083500Z-native-vm,startup.hello,,baseline,cli,go,,True,9,17,0.9097270000000001,,,,,
20260925T083500Z-native-vm,startup.hello,,baseline,cli,go,,True,9,18,1.1418020000000002,,,,,
20260925T083500Z-native-vm,startup.hello,,baseline,cli,go,,True,9,19,0.9726200000000002,,,,,
20260925T083500Z-native-vm,startup.hello,,baseline,cli,go,,True,9,20,0.893024,,,,,
20260925T083500Z-native-vm,startup.hello,,baseline,cli,go,,True,9,21,0.900064,,,,,
20260925T083500Z-native-vm,startup.hello,,baseline,cli,go,,True,9,22,1.009801,,,,,
20260925T083500Z-native-vm,startup.hello,,baseline,cli,go,,True,9,23,1.084777,,,,,
20260925T083500Z-native-vm,startup.hello,,baseline,cli,go,,True,9,24,1.386209,,,,,
20260925T083500Z-native-vm,startup.hello,,baseline,cli,go,,True,9,25,1.027357,,,,,
20260925T083500Z-native-vm,startup.hello,,baseline,cli,go,,True,9,26,0.9271180000000001,,,,,
20260925T083500Z-native-vm,startup.hello,,baseline,cli,go,,True,9,27,1.1788150000000002,,,,,
20260925T083500Z-native-vm,startup.hello,,baseline,cli,go,,True,9,28,0.9194990000000001,,,,,
20260925T083500Z-native-vm,startup.hello,,baseline,cli,go,,True,9,29,0.9388960000000001,,,,,
20260925T083500Z-native-vm,startup.hello,,baseline,cli,go,,True,9,30,0.8845480000000001,,,,,
20260925T083500Z-native-vm,startup.hello,,baseline,cli,go,,True,9,31,0.91407,,,,,
20260925T083500Z-native-vm,startup.hello,,baseline,cli,go,,True,9,32,0.8755290000000001,,,,,
20260925T083500Z-native-vm,startup.hello,,baseline,cli,go,,True,9,33,0.881432,,,,,
20260925T083500Z-native-vm,startup.hello,,baseline,cli,go,,True,9,34,0.859003,,,,,
20260925T083500Z-native-vm,startup.hello,,baseline,cli,go,,True,9,35,1.177106,,,,,
20260925T083500Z-native-vm,startup.hello,,baseline,cli,go,,True,9,36,0.9776820000000002,,,,,
20260925T083500Z-native-vm,startup.hello,,baseline,cli,go,,True,9,37,0.9099720000000001,,,,,
20260925T083500Z-native-vm,startup.hello,,baseline,cli,go,,True,9,38,0.893332,,,,,
20260925T083500Z-native-vm,startup.hello,,baseline,cli,go,,True,9,39,0.88887,,,,,
20260925T083500Z-native-vm,startup.hello,,baseline,cli,go,,True,9,40,0.8757760000000001,,,,,
20260925T083500Z-native-vm,startup.hello,,baseline,cli,go,,True,9,41,0.8886010000000001,,,,,
20260925T083500Z-native-vm,startup.hello,,baseline,cli,go,,True,9,42,0.8840720000000001,,,,,
20260925T083500Z-native-vm,startup.hello,,baseline,cli,go,,True,9,43,0.886626,,,,,
20260925T083500Z-native-vm,startup.hello,,baseline,cli,go,,True,9,44,1.2048860000000001,,,,,
20260925T083500Z-native-vm,startup.hello,,baseline,cli,go,,True,9,45,0.871474,,,,,
20260925T083500Z-native-vm,startup.hello,,baseline,cli,go,,True,9,46,0.8641860000000001,,,,,
20260925T083500Z-native-vm,startup.hello,,baseline,cli,go,,True,9,47,0.938366,,,,,
20260925T083500Z-native-vm,startup.hello,,baseline,cli,go,,True,9,48,0.946115,,,,,
20260925T083500Z-native-vm,startup.hello,,baseline,cli,go,,True,9,49,0.837396,,,,,
20260925T083500Z-native-vm,startup.hello,,baseline,cli,go,,True,9,50,1.037509,,,,,
20260925T083500Z-native-vm,startup.hello,,baseline,cli,go,,True,9,51,0.909617,,,,,
20260925T083500Z-native-vm,startup.hello,,baseline,cli,go,,True,9,52,3.01096,,,,,
20260925T083500Z-native-vm,startup.hello,,baseline,cli,go,,True,9,53,1.482545,,,,,
20260925T083500Z-native-vm,startup.hello,,baseline,cli,go,,True,9,54,0.956735,,,,,
20260925T083500Z-native-vm,startup.hello,,baseline,cli,go,,True,9,55,0.977894,,,,,
20260925T083500Z-native-vm,startup.hello,,baseline,cli,go,,True,9,56,0.8607840000000001,,,,,
20260925T083500Z-native-vm,startup.hello,,baseline,cli,go,,True,9,57,0.910464,,,,,
20260925T083500Z-native-vm,startup.hello,,baseline,cli,go,,True,9,58,1.1689970000000003,,,,,
20260925T083500Z-native-vm,startup.hello,,baseline,cli,go,,True,9,59,0.873409,,,,,
20260925T083500Z-native-vm,startup.hello,,baseline,cli,go,,True,9,60,0.873357,,,,,
20260925T083500Z-native-vm,startup.hello,,baseline,cli,go,,True,9,61,0.8448920000000001,,,,,
20260925T083500Z-native-vm,startup.hello,,baseline,cli,go,,True,9,62,0.9241750000000001,,,,,
20260925T083500Z-native-vm,startup.hello,,baseline,cli,go,,True,9,63,0.8794160000000001,,,,,
20260925T083500Z-native-vm,startup.hello,,baseline,cli,go,,True,9,64,0.879094,,,,,
20260925T083500Z-native-vm,startup.hello,,baseline,cli,go,,True,9,65,0.855469,,,,,
20260925T083500Z-native-vm,startup.hello,,baseline,cli,go,,True,9,66,0.892244,,,,,
20260925T083500Z-native-vm,startup.hello,,baseline,cli,go,,True,9,67,0.938779,,,,,
20260925T083500Z-native-vm,startup.hello,,baseline,cli,go,,True,9,68,0.8565840000000001,,,,,
20260925T083500Z-native-vm,startup.hello,,baseline,cli,go,,True,9,69,0.893591,,,,,
20260925T083500Z-native-vm,startup.hello,,baseline,cli,go,,True,9,70,0.937594,,,,,
20260925T083500Z-native-vm,startup.hello,,baseline,cli,go,,True,9,71,1.3913430000000002,,,,,
20260925T083500Z-native-vm,startup.hello,,baseline,cli,go,,True,9,72,0.929419,,,,,
20260925T083500Z-native-vm,startup.hello,,baseline,cli,go,,True,9,73,0.941756,,,,,
20260925T083500Z-native-vm,startup.hello,,baseline,cli,go,,True,9,74,0.9026000000000001,,,,,
20260925T083500Z-native-vm,startup.hello,,baseline,cli,go,,True,9,75,0.9162660000000001,,,,,
20260925T083500Z-native-vm,startup.hello,,baseline,cli,go,,True,9,76,0.877159,,,,,
20260925T083500Z-native-vm,startup.hello,,baseline,cli,go,,True,9,77,0.8676200000000001,,,,,
20260925T083500Z-native-vm,startup.hello,,baseline,cli,go,,True,9,78,0.896078,,,,,
20260925T083500Z-native-vm,startup.hello,,baseline,cli,go,,True,9,79,0.867473,,,,,
20260925T083500Z-native-vm,startup.hello,,baseline,cli,go,,True,9,80,0.903255,,,,,
20260925T083500Z-native-vm,startup.hello,,baseline,cli,go,,True,9,81,0.869326,,,,,
20260925T083500Z-native-vm,startup.hello,,baseline,cli,go,,True,9,82,0.8764780000000001,,,,,
20260925T083500Z-native-vm,startup.hello,,baseline,cli,go,,True,9,83,0.875688,,,,,
20260925T083500Z-native-vm,startup.hello,,baseline,cli,go,,True,9,84,1.0929030000000002,,,,,
20260925T083500Z-native-vm,startup.hello,,baseline,cli,go,,True,9,85,0.894211,,,,,
20260925T083500Z-native-vm,startup.hello,,baseline,cli,go,,True,9,86,0.8741430000000001,,,,,
20260925T083500Z-native-vm,startup.hello,,baseline,cli,go,,True,9,87,0.8910220000000001,,,,,
20260925T083500Z-native-vm,startup.hello,,baseline,cli,go,,True,9,88,0.9631200000000001,,,,,
20260925T083500Z-native-vm,startup.hello,,baseline,cli,go,,True,9,89,0.8508830000000001,,,,,
20260925T083500Z-native-vm,startup.hello,,baseline,cli,go,,True,9,90,0.845287,,,,,
20260925T083500Z-native-vm,startup.hello,,baseline,cli,go,,True,9,91,1.0124300000000002,,,,,
20260925T083500Z-native-vm,startup.hello,,baseline,cli,go,,True,9,92,1.2820150000000001,,,,,
20260925T083500Z-native-vm,startup.hello,,baseline,cli,go,,True,9,93,0.853009,,,,,
20260925T083500Z-native-vm,startup.hello,,baseline,cli,go,,True,9,94,0.887471,,,,,
20260925T083500Z-native-vm,startup.hello,,baseline,cli,go,,True,9,95,0.889333,,,,,
20260925T083500Z-native-vm,startup.hello,,baseline,cli,go,,True,9,96,0.8924570000000001,,,,,
20260925T083500Z-native-vm,startup.hello,,baseline,cli,go,,True,9,97,0.8960170000000001,,,,,
20260925T083500Z-native-vm,startup.hello,,baseline,cli,go,,True,9,98,0.8725780000000001,,,,,
20260925T083500Z-native-vm,startup.hello,,baseline,cli,go,,True,9,99,0.8860000000000001,,,,,
20260925T083500Z-native-vm,startup.hello,,baseline,cli,rust,,True,0,0,1.4834100000000001,,,,,
20260925T083500Z-native-vm,startup.hello,,baseline,cli,rust,,True,0,1,1.349226,,,,,
20260925T083500Z-native-vm,startup.hello,,baseline,cli,rust,,True,0,2,1.3883670000000001,,,,,
20260925T083500Z-native-vm,startup.hello,,baseline,cli,rust,,True,0,3,1.397667,,,,,
20260925T083500Z-native-vm,startup.hello,,baseline,cli,rust,,True,0,4,1.3310520000000001,,,,,
20260925T083500Z-native-vm,startup.hello,,baseline,cli,rust,,True,0,5,1.447865,,,,,
20260925T083500Z-native-vm,startup.hello,,baseline,cli,rust,,True,0,6,1.459467,,,,,
20260925T083500Z-native-vm,startup.hello,,baseline,cli,rust,,True,0,7,1.3535210000000002,,,,,
20260925T083500Z-native-vm,startup.hello,,baseline,cli,rust,,True,0,8,1.338912,,,,,
20260925T083500Z-native-vm,startup.hello,,baseline,cli,rust,,True,0,9,1.359781,,,,,
20260925T083500Z-native-vm,startup.hello,,baseline,cli,rust,,True,0,10,1.3461150000000002,,,,,
20260925T083500Z-native-vm,startup.hello,,baseline,cli,rust,,True,0,11,1.380014,,,,,
20260925T083500Z-native-vm,startup.hello,,baseline,cli,rust,,True,0,12,1.3351890000000002,,,,,
20260925T083500Z-native-vm,startup.hello,,baseline,cli,rust,,True,0,13,1.365474,,,,,
20260925T083500Z-native-vm,startup.hello,,baseline,cli,rust,,True,0,14,1.356575,,,,,
20260925T083500Z-native-vm,startup.hello,,baseline,cli,rust,,True,0,15,1.351681,,,,,
20260925T083500Z-native-vm,startup.hello,,baseline,cli,rust,,True,0,16,1.3268700000000002,,,,,
20260925T083500Z-native-vm,startup.hello,,baseline,cli,rust,,True,0,17,1.371992,,,,,
20260925T083500Z-native-vm,startup.hello,,baseline,cli,rust,,True,0,18,1.356043,,,,,
20260925T083500Z-native-vm,startup.hello,,baseline,cli,rust,,True,0,19,1.331476,,,,,
20260925T083500Z-native-vm,startup.hello,,baseline,cli,rust,,True,0,20,1.4661680000000001,,,,,
20260925T083500Z-native-vm,startup.hello,,baseline,cli,rust,,True,0,21,1.3603640000000001,,,,,
20260925T083500Z-native-vm,startup.hello,,baseline,cli,rust,,True,0,22,1.3552240000000002,,,,,
20260925T083500Z-native-vm,startup.hello,,baseline,cli,rust,,True,0,23,1.434909,,,,,
20260925T083500Z-native-vm,startup.hello,,baseline,cli,rust,,True,0,24,1.3403170000000002,,,,,
20260925T083500Z-native-vm,startup.hello,,baseline,cli,rust,,True,0,25,1.3314780000000002,,,,,
20260925T083500Z-native-vm,startup.hello,,baseline,cli,rust,,True,0,26,1.474606,,,,,
20260925T083500Z-native-vm,startup.hello,,baseline,cli,rust,,True,0,27,1.339798,,,,,
20260925T083500Z-native-vm,startup.hello,,baseline,cli,rust,,True,0,28,1.368667,,,,,
20260925T083500Z-native-vm,startup.hello,,baseline,cli,rust,,True,0,29,1.379785,,,,,
20260925T083500Z-native-vm,startup.hello,,baseline,cli,rust,,True,0,30,1.3359670000000001,,,,,
20260925T083500Z-native-vm,startup.hello,,baseline,cli,rust,,True,0,31,1.3463800000000001,,,,,
20260925T083500Z-native-vm,startup.hello,,baseline,cli,rust,,True,0,32,1.3736030000000001,,,,,
20260925T083500Z-native-vm,startup.hello,,baseline,cli,rust,,True,0,33,1.32737,,,,,
20260925T083500Z-native-vm,startup.hello,,baseline,cli,rust,,True,0,34,1.344127,,,,,
20260925T083500Z-native-vm,startup.hello,,baseline,cli,rust,,True,0,35,1.365406,,,,,
20260925T083500Z-native-vm,startup.hello,,baseline,cli,rust,,True,0,36,1.3382450000000001,,,,,
20260925T083500Z-native-vm,startup.hello,,baseline,cli,rust,,True,0,37,1.361803,,,,,
20260925T083500Z-native-vm,startup.hello,,baseline,cli,rust,,True,0,38,1.545205,,,,,
20260925T083500Z-native-vm,startup.hello,,baseline,cli,rust,,True,0,39,1.3433030000000001,,,,,
20260925T083500Z-native-vm,startup.hello,,baseline,cli,rust,,True,0,40,1.362389,,,,,
20260925T083500Z-native-vm,startup.hello,,baseline,cli,rust,,True,0,41,1.3110350000000002,,,,,
20260925T083500Z-native-vm,startup.hello,,baseline,cli,rust,,True,0,42,1.33512,,,,,
20260925T083500Z-native-vm,startup.hello,,baseline,cli,rust,,True,0,43,1.442658,,,,,
20260925T083500Z-native-vm,startup.hello,,baseline,cli,rust,,True,0,44,1.3667610000000001,,,,,
20260925T083500Z-native-vm,startup.hello,,baseline,cli,rust,,True,0,45,1.3524310000000002,,,,,
20260925T083500Z-native-vm,startup.hello,,baseline,cli,rust,,True,0,46,1.3875870000000001,,,,,
20260925T083500Z-native-vm,startup.hello,,baseline,cli,rust,,True,0,47,1.3294930000000003,,,,,
20260925T083500Z-native-vm,startup.hello,,baseline,cli,rust,,True,0,48,1.343666,,,,,
20260925T083500Z-native-vm,startup.hello,,baseline,cli,rust,,True,0,49,1.5257410000000002,,,,,
20260925T083500Z-native-vm,startup.hello,,baseline,cli,rust,,True,0,50,1.370984,,,,,
20260925T083500Z-native-vm,startup.hello,,baseline,cli,rust,,True,0,51,1.332187,,,,,
20260925T083500Z-native-vm,startup.hello,,baseline,cli,rust,,True,0,52,1.409805,,,,,
20260925T083500Z-native-vm,startup.hello,,baseline,cli,rust,,True,0,53,1.3325350000000002,,,,,
20260925T083500Z-native-vm,startup.hello,,baseline,cli,rust,,True,0,54,1.3201230000000002,,,,,
20260925T083500Z-native-vm,startup.hello,,baseline,cli,rust,,True,0,55,1.419613,,,,,
20260925T083500Z-native-vm,startup.hello,,baseline,cli,rust,,True,0,56,1.3269050000000002,,,,,
20260925T083500Z-native-vm,startup.hello,,baseline,cli,rust,,True,0,57,1.3492220000000001,,,,,
20260925T083500Z-native-vm,startup.hello,,baseline,cli,rust,,True,0,58,1.380916,,,,,
20260925T083500Z-native-vm,startup.hello,,baseline,cli,rust,,True,0,59,1.335398,,,,,
20260925T083500Z-native-vm,startup.hello,,baseline,cli,rust,,True,0,60,1.332624,,,,,
20260925T083500Z-native-vm,startup.hello,,baseline,cli,rust,,True,0,61,1.49836,,,,,
20260925T083500Z-native-vm,startup.hello,,baseline,cli,rust,,True,0,62,1.3421820000000002,,,,,
20260925T083500Z-native-vm,startup.hello,,baseline,cli,rust,,True,0,63,1.371402,,,,,
20260925T083500Z-native-vm,startup.hello,,baseline,cli,rust,,True,0,64,1.4028040000000002,,,,,
20260925T083500Z-native-vm,startup.hello,,baseline,cli,rust,,True,0,65,1.3631710000000001,,,,,
20260925T083500Z-native-vm,startup.hello,,baseline,cli,rust,,True,0,66,1.3395450000000002,,,,,
20260925T083500Z-native-vm,startup.hello,,baseline,cli,rust,,True,0,67,1.4301920000000001,,,,,
20260925T083500Z-native-vm,startup.hello,,baseline,cli,rust,,True,0,68,1.3702450000000002,,,,,
20260925T083500Z-native-vm,startup.hello,,baseline,cli,rust,,True,0,69,1.383221,,,,,
20260925T083500Z-native-vm,startup.hello,,baseline,cli,rust,,True,0,70,1.3417810000000001,,,,,
20260925T083500Z-native-vm,startup.hello,,baseline,cli,rust,,True,0,71,1.3339050000000001,,,,,
20260925T083500Z-native-vm,startup.hello,,baseline,cli,rust,,True,0,72,1.557826,,,,,
20260925T083500Z-native-vm,startup.hello,,baseline,cli,rust,,True,0,73,1.3487850000000001,,,,,
20260925T083500Z-native-vm,startup.hello,,baseline,cli,rust,,True,0,74,1.33492,,,,,
20260925T083500Z-native-vm,startup.hello,,baseline,cli,rust,,True,0,75,1.3817130000000002,,,,,
20260925T083500Z-native-vm,startup.hello,,baseline,cli,rust,,True,0,76,1.3287820000000001,,,,,
20260925T083500Z-native-vm,startup.hello,,baseline,cli,rust,,True,0,77,1.322321,,,,,
20260925T083500Z-native-vm,startup.hello,,baseline,cli,rust,,True,0,78,1.503627,,,,,
20260925T083500Z-native-vm,startup.hello,,baseline,cli,rust,,True,0,79,1.3366480000000003,,,,,
20260925T083500Z-native-vm,startup.hello,,baseline,cli,rust,,True,0,80,1.321151,,,,,
20260925T083500Z-native-vm,startup.hello,,baseline,cli,rust,,True,0,81,1.3712050000000002,,,,,
20260925T083500Z-native-vm,startup.hello,,baseline,cli,rust,,True,0,82,1.3290370000000002,,,,,
20260925T083500Z-native-vm,startup.hello,,baseline,cli,rust,,True,0,83,1.420905,,,,,
20260925T083500Z-native-vm,startup.hello,,baseline,cli,rust,,True,0,84,1.450317,,,,,
20260925T083500Z-native-vm,startup.hello,,baseline,cli,rust,,True,0,85,1.327677,,,,,
20260925T083500Z-native-vm,startup.hello,,baseline,cli,rust,,True,0,86,1.374391,,,,,
20260925T083500Z-native-vm,startup.hello,,baseline,cli,rust,,True,0,87,1.403747,,,,,
20260925T083500Z-native-vm,startup.hello,,baseline,cli,rust,,True,0,88,1.3360280000000002,,,,,
20260925T083500Z-native-vm,startup.hello,,baseline,cli,rust,,True,0,89,1.411397,,,,,
20260925T083500Z-native-vm,startup.hello,,baseline,cli,rust,,True,0,90,1.5324560000000003,,,,,
20260925T083500Z-native-vm,startup.hello,,baseline,cli,rust,,True,0,91,1.385147,,,,,
20260925T083500Z-native-vm,startup.hello,,baseline,cli,rust,,True,0,92,1.4157190000000002,,,,,
20260925T083500Z-native-vm,startup.hello,,baseline,cli,rust,,True,0,93,1.416158,,,,,
20260925T083500Z-native-vm,startup.hello,,baseline,cli,rust,,True,0,94,1.388752,,,,,
20260925T083500Z-native-vm,startup.hello,,baseline,cli,rust,,True,0,95,1.588586,,,,,
20260925T083500Z-native-vm,startup.hello,,baseline,cli,rust,,True,0,96,1.346442,,,,,
20260925T083500Z-native-vm,startup.hello,,baseline,cli,rust,,True,0,97,1.339852,,,,,
20260925T083500Z-native-vm,startup.hello,,baseline,cli,rust,,True,0,98,1.417597,,,,,
20260925T083500Z-native-vm,startup.hello,,baseline,cli,rust,,True,0,99,1.453209,,,,,
20260925T083500Z-native-vm,startup.hello,,baseline,cli,rust,,True,1,0,1.9286,,,,,
20260925T083500Z-native-vm,startup.hello,,baseline,cli,rust,,True,1,1,1.587445,,,,,
20260925T083500Z-native-vm,startup.hello,,baseline,cli,rust,,True,1,2,1.5809530000000003,,,,,
20260925T083500Z-native-vm,startup.hello,,baseline,cli,rust,,True,1,3,1.5312050000000001,,,,,
20260925T083500Z-native-vm,startup.hello,,baseline,cli,rust,,True,1,4,1.470976,,,,,
20260925T083500Z-native-vm,startup.hello,,baseline,cli,rust,,True,1,5,1.618443,,,,,
20260925T083500Z-native-vm,startup.hello,,baseline,cli,rust,,True,1,6,1.4720410000000002,,,,,
20260925T083500Z-native-vm,startup.hello,,baseline,cli,rust,,True,1,7,1.715619,,,,,
20260925T083500Z-native-vm,startup.hello,,baseline,cli,rust,,True,1,8,1.588972,,,,,
20260925T083500Z-native-vm,startup.hello,,baseline,cli,rust,,True,1,9,1.4328260000000002,,,,,
20260925T083500Z-native-vm,startup.hello,,baseline,cli,rust,,True,1,10,1.5620150000000002,,,,,
20260925T083500Z-native-vm,startup.hello,,baseline,cli,rust,,True,1,11,1.5067590000000002,,,,,
20260925T083500Z-native-vm,startup.hello,,baseline,cli,rust,,True,1,12,1.5076180000000001,,,,,
20260925T083500Z-native-vm,startup.hello,,baseline,cli,rust,,True,1,13,1.4358710000000001,,,,,
20260925T083500Z-native-vm,startup.hello,,baseline,cli,rust,,True,1,14,1.507422,,,,,
20260925T083500Z-native-vm,startup.hello,,baseline,cli,rust,,True,1,15,1.600915,,,,,
20260925T083500Z-native-vm,startup.hello,,baseline,cli,rust,,True,1,16,1.628913,,,,,
20260925T083500Z-native-vm,startup.hello,,baseline,cli,rust,,True,1,17,1.9378650000000002,,,,,
20260925T083500Z-native-vm,startup.hello,,baseline,cli,rust,,True,1,18,1.7118220000000002,,,,,
20260925T083500Z-native-vm,startup.hello,,baseline,cli,rust,,True,1,19,1.518855,,,,,
20260925T083500Z-native-vm,startup.hello,,baseline,cli,rust,,True,1,20,1.6821420000000002,,,,,
20260925T083500Z-native-vm,startup.hello,,baseline,cli,rust,,True,1,21,1.5567570000000002,,,,,
20260925T083500Z-native-vm,startup.hello,,baseline,cli,rust,,True,1,22,1.699039,,,,,
20260925T083500Z-native-vm,startup.hello,,baseline,cli,rust,,True,1,23,1.454541,,,,,
20260925T083500Z-native-vm,startup.hello,,baseline,cli,rust,,True,1,24,1.511353,,,,,
20260925T083500Z-native-vm,startup.hello,,baseline,cli,rust,,True,1,25,1.727322,,,,,
20260925T083500Z-native-vm,startup.hello,,baseline,cli,rust,,True,1,26,1.680519,,,,,
20260925T083500Z-native-vm,startup.hello,,baseline,cli,rust,,True,1,27,1.9504810000000001,,,,,
20260925T083500Z-native-vm,startup.hello,,baseline,cli,rust,,True,1,28,1.616241,,,,,
20260925T083500Z-native-vm,startup.hello,,baseline,cli,rust,,True,1,29,1.698868,,,,,
20260925T083500Z-native-vm,startup.hello,,baseline,cli,rust,,True,1,30,1.70958,,,,,
20260925T083500Z-native-vm,startup.hello,,baseline,cli,rust,,True,1,31,1.525661,,,,,
20260925T083500Z-native-vm,startup.hello,,baseline,cli,rust,,True,1,32,1.698845,,,,,
20260925T083500Z-native-vm,startup.hello,,baseline,cli,rust,,True,1,33,1.647099,,,,,
20260925T083500Z-native-vm,startup.hello,,baseline,cli,rust,,True,1,34,1.5319720000000001,,,,,
20260925T083500Z-native-vm,startup.hello,,baseline,cli,rust,,True,1,35,1.487923,,,,,
20260925T083500Z-native-vm,startup.hello,,baseline,cli,rust,,True,1,36,1.54184,,,,,
20260925T083500Z-native-vm,startup.hello,,baseline,cli,rust,,True,1,37,1.6077730000000001,,,,,
20260925T083500Z-native-vm,startup.hello,,baseline,cli,rust,,True,1,38,1.630935,,,,,
20260925T083500Z-native-vm,startup.hello,,baseline,cli,rust,,True,1,39,1.8883580000000002,,,,,
20260925T083500Z-native-vm,startup.hello,,baseline,cli,rust,,True,1,40,1.813649,,,,,
20260925T083500Z-native-vm,startup.hello,,baseline,cli,rust,,True,1,41,2.0024420000000003,,,,,
20260925T083500Z-native-vm,startup.hello,,baseline,cli,rust,,True,1,42,1.416487,,,,,
20260925T083500Z-native-vm,startup.hello,,baseline,cli,rust,,True,1,43,1.390312,,,,,
20260925T083500Z-native-vm,startup.hello,,baseline,cli,rust,,True,1,44,1.412939,,,,,
20260925T083500Z-native-vm,startup.hello,,baseline,cli,rust,,True,1,45,1.3889010000000002,,,,,
20260925T083500Z-native-vm,startup.hello,,baseline,cli,rust,,True,1,46,1.381283,,,,,
20260925T083500Z-native-vm,startup.hello,,baseline,cli,rust,,True,1,47,1.4663410000000001,,,,,
20260925T083500Z-native-vm,startup.hello,,baseline,cli,rust,,True,1,48,1.406608,,,,,
20260925T083500Z-native-vm,startup.hello,,baseline,cli,rust,,True,1,49,1.397372,,,,,
20260925T083500Z-native-vm,startup.hello,,baseline,cli,rust,,True,1,50,1.5620310000000002,,,,,
20260925T083500Z-native-vm,startup.hello,,baseline,cli,rust,,True,1,51,1.4223370000000002,,,,,
20260925T083500Z-native-vm,startup.hello,,baseline,cli,rust,,True,1,52,1.5134,,,,,
20260925T083500Z-native-vm,startup.hello,,baseline,cli,rust,,True,1,53,1.35052,,,,,
20260925T083500Z-native-vm,startup.hello,,baseline,cli,rust,,True,1,54,1.370049,,,,,
20260925T083500Z-native-vm,startup.hello,,baseline,cli,rust,,True,1,55,1.3928740000000002,,,,,
20260925T083500Z-native-vm,startup.hello,,baseline,cli,rust,,True,1,56,1.388191,,,,,
20260925T083500Z-native-vm,startup.hello,,baseline,cli,rust,,True,1,57,1.3903260000000002,,,,,
20260925T083500Z-native-vm,startup.hello,,baseline,cli,rust,,True,1,58,1.528404,,,,,
20260925T083500Z-native-vm,startup.hello,,baseline,cli,rust,,True,1,59,1.3847170000000002,,,,,
20260925T083500Z-native-vm,startup.hello,,baseline,cli,rust,,True,1,60,1.390161,,,,,
20260925T083500Z-native-vm,startup.hello,,baseline,cli,rust,,True,1,61,1.3809010000000002,,,,,
20260925T083500Z-native-vm,startup.hello,,baseline,cli,rust,,True,1,62,1.373632,,,,,
20260925T083500Z-native-vm,startup.hello,,baseline,cli,rust,,True,1,63,1.5200820000000002,,,,,
20260925T083500Z-native-vm,startup.hello,,baseline,cli,rust,,True,1,64,1.4056370000000002,,,,,
20260925T083500Z-native-vm,startup.hello,,baseline,cli,rust,,True,1,65,1.3918890000000002,,,,,
20260925T083500Z-native-vm,startup.hello,,baseline,cli,rust,,True,1,66,1.4370930000000002,,,,,
20260925T083500Z-native-vm,startup.hello,,baseline,cli,rust,,True,1,67,1.366114,,,,,
20260925T083500Z-native-vm,startup.hello,,baseline,cli,rust,,True,1,68,1.562939,,,,,
20260925T083500Z-native-vm,startup.hello,,baseline,cli,rust,,True,1,69,1.8357510000000001,,,,,
20260925T083500Z-native-vm,startup.hello,,baseline,cli,rust,,True,1,70,1.786927,,,,,
20260925T083500Z-native-vm,startup.hello,,baseline,cli,rust,,True,1,71,1.833808,,,,,
20260925T083500Z-native-vm,startup.hello,,baseline,cli,rust,,True,1,72,1.455474,,,,,
20260925T083500Z-native-vm,startup.hello,,baseline,cli,rust,,True,1,73,1.4105900000000002,,,,,
20260925T083500Z-native-vm,startup.hello,,baseline,cli,rust,,True,1,74,1.569993,,,,,
20260925T083500Z-native-vm,startup.hello,,baseline,cli,rust,,True,1,75,1.3686200000000002,,,,,
20260925T083500Z-native-vm,startup.hello,,baseline,cli,rust,,True,1,76,1.431146,,,,,
20260925T083500Z-native-vm,startup.hello,,baseline,cli,rust,,True,1,77,1.366714,,,,,
20260925T083500Z-native-vm,startup.hello,,baseline,cli,rust,,True,1,78,1.349007,,,,,
20260925T083500Z-native-vm,startup.hello,,baseline,cli,rust,,True,1,79,1.548758,,,,,
20260925T083500Z-native-vm,startup.hello,,baseline,cli,rust,,True,1,80,1.337731,,,,,
20260925T083500Z-native-vm,startup.hello,,baseline,cli,rust,,True,1,81,1.3577590000000002,,,,,
20260925T083500Z-native-vm,startup.hello,,baseline,cli,rust,,True,1,82,1.424263,,,,,
20260925T083500Z-native-vm,startup.hello,,baseline,cli,rust,,True,1,83,1.3475800000000002,,,,,
20260925T083500Z-native-vm,startup.hello,,baseline,cli,rust,,True,1,84,1.364835,,,,,
20260925T083500Z-native-vm,startup.hello,,baseline,cli,rust,,True,1,85,1.432978,,,,,
20260925T083500Z-native-vm,startup.hello,,baseline,cli,rust,,True,1,86,1.344,,,,,
20260925T083500Z-native-vm,startup.hello,,baseline,cli,rust,,True,1,87,1.364942,,,,,
20260925T083500Z-native-vm,startup.hello,,baseline,cli,rust,,True,1,88,1.4097320000000002,,,,,
20260925T083500Z-native-vm,startup.hello,,baseline,cli,rust,,True,1,89,1.376818,,,,,
20260925T083500Z-native-vm,startup.hello,,baseline,cli,rust,,True,1,90,1.352343,,,,,
20260925T083500Z-native-vm,startup.hello,,baseline,cli,rust,,True,1,91,1.5032040000000002,,,,,
20260925T083500Z-native-vm,startup.hello,,baseline,cli,rust,,True,1,92,1.3919100000000002,,,,,
20260925T083500Z-native-vm,startup.hello,,baseline,cli,rust,,True,1,93,1.392739,,,,,
20260925T083500Z-native-vm,startup.hello,,baseline,cli,rust,,True,1,94,1.3725060000000002,,,,,
20260925T083500Z-native-vm,startup.hello,,baseline,cli,rust,,True,1,95,1.354004,,,,,
20260925T083500Z-native-vm,startup.hello,,baseline,cli,rust,,True,1,96,1.460763,,,,,
20260925T083500Z-native-vm,startup.hello,,baseline,cli,rust,,True,1,97,1.386373,,,,,
20260925T083500Z-native-vm,startup.hello,,baseline,cli,rust,,True,1,98,1.38327,,,,,
20260925T083500Z-native-vm,startup.hello,,baseline,cli,rust,,True,1,99,1.429059,,,,,
20260925T083500Z-native-vm,startup.hello,,baseline,cli,rust,,True,2,0,1.4933750000000001,,,,,
20260925T083500Z-native-vm,startup.hello,,baseline,cli,rust,,True,2,1,1.370225,,,,,
20260925T083500Z-native-vm,startup.hello,,baseline,cli,rust,,True,2,2,1.3969010000000002,,,,,
20260925T083500Z-native-vm,startup.hello,,baseline,cli,rust,,True,2,3,1.405168,,,,,
20260925T083500Z-native-vm,startup.hello,,baseline,cli,rust,,True,2,4,1.359973,,,,,
20260925T083500Z-native-vm,startup.hello,,baseline,cli,rust,,True,2,5,1.3628540000000002,,,,,
20260925T083500Z-native-vm,startup.hello,,baseline,cli,rust,,True,2,6,1.5063680000000002,,,,,
20260925T083500Z-native-vm,startup.hello,,baseline,cli,rust,,True,2,7,1.362116,,,,,
20260925T083500Z-native-vm,startup.hello,,baseline,cli,rust,,True,2,8,1.370116,,,,,
20260925T083500Z-native-vm,startup.hello,,baseline,cli,rust,,True,2,9,1.3891160000000002,,,,,
20260925T083500Z-native-vm,startup.hello,,baseline,cli,rust,,True,2,10,1.35572,,,,,
20260925T083500Z-native-vm,startup.hello,,baseline,cli,rust,,True,2,11,1.363721,,,,,
20260925T083500Z-native-vm,startup.hello,,baseline,cli,rust,,True,2,12,1.463993,,,,,
20260925T083500Z-native-vm,startup.hello,,baseline,cli,rust,,True,2,13,1.4036340000000003,,,,,
20260925T083500Z-native-vm,startup.hello,,baseline,cli,rust,,True,2,14,1.515783,,,,,
20260925T083500Z-native-vm,startup.hello,,baseline,cli,rust,,True,2,15,1.4447630000000002,,,,,
20260925T083500Z-native-vm,startup.hello,,baseline,cli,rust,,True,2,16,1.3509560000000003,,,,,
20260925T083500Z-native-vm,startup.hello,,baseline,cli,rust,,True,2,17,1.4754360000000002,,,,,
20260925T083500Z-native-vm,startup.hello,,baseline,cli,rust,,True,2,18,1.400584,,,,,
20260925T083500Z-native-vm,startup.hello,,baseline,cli,rust,,True,2,19,1.359668,,,,,
20260925T083500Z-native-vm,startup.hello,,baseline,cli,rust,,True,2,20,1.4198860000000002,,,,,
20260925T083500Z-native-vm,startup.hello,,baseline,cli,rust,,True,2,21,1.3668010000000002,,,,,
20260925T083500Z-native-vm,startup.hello,,baseline,cli,rust,,True,2,22,1.3587220000000002,,,,,
20260925T083500Z-native-vm,startup.hello,,baseline,cli,rust,,True,2,23,1.559569,,,,,
20260925T083500Z-native-vm,startup.hello,,baseline,cli,rust,,True,2,24,1.350054,,,,,
20260925T083500Z-native-vm,startup.hello,,baseline,cli,rust,,True,2,25,1.3762770000000002,,,,,
20260925T083500Z-native-vm,startup.hello,,baseline,cli,rust,,True,2,26,1.3721320000000001,,,,,
20260925T083500Z-native-vm,startup.hello,,baseline,cli,rust,,True,2,27,1.35166,,,,,
20260925T083500Z-native-vm,startup.hello,,baseline,cli,rust,,True,2,28,1.3818380000000001,,,,,
20260925T083500Z-native-vm,startup.hello,,baseline,cli,rust,,True,2,29,1.46602,,,,,
20260925T083500Z-native-vm,startup.hello,,baseline,cli,rust,,True,2,30,1.348339,,,,,
20260925T083500Z-native-vm,startup.hello,,baseline,cli,rust,,True,2,31,1.4032980000000002,,,,,
20260925T083500Z-native-vm,startup.hello,,baseline,cli,rust,,True,2,32,1.357053,,,,,
20260925T083500Z-native-vm,startup.hello,,baseline,cli,rust,,True,2,33,1.378944,,,,,
20260925T083500Z-native-vm,startup.hello,,baseline,cli,rust,,True,2,34,1.378187,,,,,
20260925T083500Z-native-vm,startup.hello,,baseline,cli,rust,,True,2,35,1.3759080000000001,,,,,
20260925T083500Z-native-vm,startup.hello,,baseline,cli,rust,,True,2,36,1.352892,,,,,
20260925T083500Z-native-vm,startup.hello,,baseline,cli,rust,,True,2,37,1.4594200000000002,,,,,
20260925T083500Z-native-vm,startup.hello,,baseline,cli,rust,,True,2,38,1.375804,,,,,
20260925T083500Z-native-vm,startup.hello,,baseline,cli,rust,,True,2,39,1.3528490000000002,,,,,
20260925T083500Z-native-vm,startup.hello,,baseline,cli,rust,,True,2,40,1.39149,,,,,
20260925T083500Z-native-vm,startup.hello,,baseline,cli,rust,,True,2,41,1.335876,,,,,
20260925T083500Z-native-vm,startup.hello,,baseline,cli,rust,,True,2,42,1.35486,,,,,
20260925T083500Z-native-vm,startup.hello,,baseline,cli,rust,,True,2,43,1.5421950000000002,,,,,
20260925T083500Z-native-vm,startup.hello,,baseline,cli,rust,,True,2,44,1.3595510000000002,,,,,
20260925T083500Z-native-vm,startup.hello,,baseline,cli,rust,,True,2,45,1.360362,,,,,
20260925T083500Z-native-vm,startup.hello,,baseline,cli,rust,,True,2,46,1.3911850000000001,,,,,
20260925T083500Z-native-vm,startup.hello,,baseline,cli,rust,,True,2,47,1.399993,,,,,
20260925T083500Z-native-vm,startup.hello,,baseline,cli,rust,,True,2,48,1.383043,,,,,
20260925T083500Z-native-vm,startup.hello,,baseline,cli,rust,,True,2,49,1.3717130000000002,,,,,
20260925T083500Z-native-vm,startup.hello,,baseline,cli,rust,,True,2,50,1.3779480000000002,,,,,
20260925T083500Z-native-vm,startup.hello,,baseline,cli,rust,,True,2,51,1.373115,,,,,
20260925T083500Z-native-vm,startup.hello,,baseline,cli,rust,,True,2,52,1.397545,,,,,
20260925T083500Z-native-vm,startup.hello,,baseline,cli,rust,,True,2,53,1.373427,,,,,
20260925T083500Z-native-vm,startup.hello,,baseline,cli,rust,,True,2,54,1.521195,,,,,
20260925T083500Z-native-vm,startup.hello,,baseline,cli,rust,,True,2,55,1.3633570000000002,,,,,
20260925T083500Z-native-vm,startup.hello,,baseline,cli,rust,,True,2,56,1.337059,,,,,
20260925T083500Z-native-vm,startup.hello,,baseline,cli,rust,,True,2,57,1.5076470000000002,,,,,
20260925T083500Z-native-vm,startup.hello,,baseline,cli,rust,,True,2,58,1.363035,,,,,
20260925T083500Z-native-vm,startup.hello,,baseline,cli,rust,,True,2,59,1.3366149999999999,,,,,
20260925T083500Z-native-vm,startup.hello,,baseline,cli,rust,,True,2,60,1.455528,,,,,
20260925T083500Z-native-vm,startup.hello,,baseline,cli,rust,,True,2,61,1.3608660000000001,,,,,
20260925T083500Z-native-vm,startup.hello,,baseline,cli,rust,,True,2,62,1.371598,,,,,
20260925T083500Z-native-vm,startup.hello,,baseline,cli,rust,,True,2,63,1.409391,,,,,
20260925T083500Z-native-vm,startup.hello,,baseline,cli,rust,,True,2,64,1.3942260000000002,,,,,
20260925T083500Z-native-vm,startup.hello,,baseline,cli,rust,,True,2,65,1.416576,,,,,
20260925T083500Z-native-vm,startup.hello,,baseline,cli,rust,,True,2,66,2.03339,,,,,
20260925T083500Z-native-vm,startup.hello,,baseline,cli,rust,,True,2,67,1.614883,,,,,
20260925T083500Z-native-vm,startup.hello,,baseline,cli,rust,,True,2,68,1.8402000000000003,,,,,
20260925T083500Z-native-vm,startup.hello,,baseline,cli,rust,,True,2,69,1.5524600000000002,,,,,
20260925T083500Z-native-vm,startup.hello,,baseline,cli,rust,,True,2,70,1.609324,,,,,
20260925T083500Z-native-vm,startup.hello,,baseline,cli,rust,,True,2,71,1.44308,,,,,
20260925T083500Z-native-vm,startup.hello,,baseline,cli,rust,,True,2,72,1.367657,,,,,
20260925T083500Z-native-vm,startup.hello,,baseline,cli,rust,,True,2,73,1.437551,,,,,
20260925T083500Z-native-vm,startup.hello,,baseline,cli,rust,,True,2,74,1.351941,,,,,
20260925T083500Z-native-vm,startup.hello,,baseline,cli,rust,,True,2,75,1.3403720000000001,,,,,
20260925T083500Z-native-vm,startup.hello,,baseline,cli,rust,,True,2,76,1.520068,,,,,
20260925T083500Z-native-vm,startup.hello,,baseline,cli,rust,,True,2,77,1.3585840000000002,,,,,
20260925T083500Z-native-vm,startup.hello,,baseline,cli,rust,,True,2,78,1.4277330000000001,,,,,
20260925T083500Z-native-vm,startup.hello,,baseline,cli,rust,,True,2,79,1.485897,,,,,
20260925T083500Z-native-vm,startup.hello,,baseline,cli,rust,,True,2,80,1.3917430000000002,,,,,
20260925T083500Z-native-vm,startup.hello,,baseline,cli,rust,,True,2,81,1.5821420000000002,,,,,
20260925T083500Z-native-vm,startup.hello,,baseline,cli,rust,,True,2,82,1.4496300000000002,,,,,
20260925T083500Z-native-vm,startup.hello,,baseline,cli,rust,,True,2,83,1.5196910000000001,,,,,
20260925T083500Z-native-vm,startup.hello,,baseline,cli,rust,,True,2,84,1.485165,,,,,
20260925T083500Z-native-vm,startup.hello,,baseline,cli,rust,,True,2,85,1.343248,,,,,
20260925T083500Z-native-vm,startup.hello,,baseline,cli,rust,,True,2,86,1.367434,,,,,
20260925T083500Z-native-vm,startup.hello,,baseline,cli,rust,,True,2,87,1.480328,,,,,
20260925T083500Z-native-vm,startup.hello,,baseline,cli,rust,,True,2,88,1.403215,,,,,
20260925T083500Z-native-vm,startup.hello,,baseline,cli,rust,,True,2,89,1.362127,,,,,
20260925T083500Z-native-vm,startup.hello,,baseline,cli,rust,,True,2,90,1.4249749999999999,,,,,
20260925T083500Z-native-vm,startup.hello,,baseline,cli,rust,,True,2,91,1.470453,,,,,
20260925T083500Z-native-vm,startup.hello,,baseline,cli,rust,,True,2,92,1.5727870000000002,,,,,
20260925T083500Z-native-vm,startup.hello,,baseline,cli,rust,,True,2,93,1.376497,,,,,
20260925T083500Z-native-vm,startup.hello,,baseline,cli,rust,,True,2,94,1.416373,,,,,
20260925T083500Z-native-vm,startup.hello,,baseline,cli,rust,,True,2,95,1.4725540000000001,,,,,
20260925T083500Z-native-vm,startup.hello,,baseline,cli,rust,,True,2,96,1.412573,,,,,
20260925T083500Z-native-vm,startup.hello,,baseline,cli,rust,,True,2,97,1.4084940000000001,,,,,
20260925T083500Z-native-vm,startup.hello,,baseline,cli,rust,,True,2,98,1.537863,,,,,
20260925T083500Z-native-vm,startup.hello,,baseline,cli,rust,,True,2,99,1.3457480000000002,,,,,
20260925T083500Z-native-vm,startup.hello,,baseline,cli,rust,,True,3,0,1.347204,,,,,
20260925T083500Z-native-vm,startup.hello,,baseline,cli,rust,,True,3,1,1.37483,,,,,
20260925T083500Z-native-vm,startup.hello,,baseline,cli,rust,,True,3,2,1.3846280000000002,,,,,
20260925T083500Z-native-vm,startup.hello,,baseline,cli,rust,,True,3,3,1.3654540000000002,,,,,
20260925T083500Z-native-vm,startup.hello,,baseline,cli,rust,,True,3,4,1.3653270000000002,,,,,
20260925T083500Z-native-vm,startup.hello,,baseline,cli,rust,,True,3,5,1.606055,,,,,
20260925T083500Z-native-vm,startup.hello,,baseline,cli,rust,,True,3,6,1.355035,,,,,
20260925T083500Z-native-vm,startup.hello,,baseline,cli,rust,,True,3,7,1.3828550000000002,,,,,
20260925T083500Z-native-vm,startup.hello,,baseline,cli,rust,,True,3,8,1.34237,,,,,
20260925T083500Z-native-vm,startup.hello,,baseline,cli,rust,,True,3,9,1.406457,,,,,
20260925T083500Z-native-vm,startup.hello,,baseline,cli,rust,,True,3,10,1.533562,,,,,
20260925T083500Z-native-vm,startup.hello,,baseline,cli,rust,,True,3,11,1.385778,,,,,
20260925T083500Z-native-vm,startup.hello,,baseline,cli,rust,,True,3,12,1.4463260000000002,,,,,
20260925T083500Z-native-vm,startup.hello,,baseline,cli,rust,,True,3,13,1.390508,,,,,
20260925T083500Z-native-vm,startup.hello,,baseline,cli,rust,,True,3,14,1.331453,,,,,
20260925T083500Z-native-vm,startup.hello,,baseline,cli,rust,,True,3,15,1.3524490000000002,,,,,
20260925T083500Z-native-vm,startup.hello,,baseline,cli,rust,,True,3,16,1.453766,,,,,
20260925T083500Z-native-vm,startup.hello,,baseline,cli,rust,,True,3,17,1.3468550000000001,,,,,
20260925T083500Z-native-vm,startup.hello,,baseline,cli,rust,,True,3,18,1.366532,,,,,
20260925T083500Z-native-vm,startup.hello,,baseline,cli,rust,,True,3,19,1.3909010000000002,,,,,
20260925T083500Z-native-vm,startup.hello,,baseline,cli,rust,,True,3,20,1.3671620000000002,,,,,
20260925T083500Z-native-vm,startup.hello,,baseline,cli,rust,,True,3,21,1.36376,,,,,
20260925T083500Z-native-vm,startup.hello,,baseline,cli,rust,,True,3,22,1.459646,,,,,
20260925T083500Z-native-vm,startup.hello,,baseline,cli,rust,,True,3,23,1.368951,,,,,
20260925T083500Z-native-vm,startup.hello,,baseline,cli,rust,,True,3,24,1.36847,,,,,
20260925T083500Z-native-vm,startup.hello,,baseline,cli,rust,,True,3,25,1.3979530000000002,,,,,
20260925T083500Z-native-vm,startup.hello,,baseline,cli,rust,,True,3,26,1.38229,,,,,
20260925T083500Z-native-vm,startup.hello,,baseline,cli,rust,,True,3,27,1.382289,,,,,
20260925T083500Z-native-vm,startup.hello,,baseline,cli,rust,,True,3,28,1.3341140000000002,,,,,
20260925T083500Z-native-vm,startup.hello,,baseline,cli,rust,,True,3,29,1.3756920000000001,,,,,
20260925T083500Z-native-vm,startup.hello,,baseline,cli,rust,,True,3,30,1.392095,,,,,
20260925T083500Z-native-vm,startup.hello,,baseline,cli,rust,,True,3,31,1.398446,,,,,
20260925T083500Z-native-vm,startup.hello,,baseline,cli,rust,,True,3,32,1.3438510000000001,,,,,
20260925T083500Z-native-vm,startup.hello,,baseline,cli,rust,,True,3,33,1.5620030000000003,,,,,
20260925T083500Z-native-vm,startup.hello,,baseline,cli,rust,,True,3,34,1.3540940000000001,,,,,
20260925T083500Z-native-vm,startup.hello,,baseline,cli,rust,,True,3,35,1.353879,,,,,
20260925T083500Z-native-vm,startup.hello,,baseline,cli,rust,,True,3,36,1.4068980000000002,,,,,
20260925T083500Z-native-vm,startup.hello,,baseline,cli,rust,,True,3,37,1.3572480000000002,,,,,
20260925T083500Z-native-vm,startup.hello,,baseline,cli,rust,,True,3,38,1.37578,,,,,
20260925T083500Z-native-vm,startup.hello,,baseline,cli,rust,,True,3,39,1.531465,,,,,
20260925T083500Z-native-vm,startup.hello,,baseline,cli,rust,,True,3,40,1.37921,,,,,
20260925T083500Z-native-vm,startup.hello,,baseline,cli,rust,,True,3,41,1.511281,,,,,
20260925T083500Z-native-vm,startup.hello,,baseline,cli,rust,,True,3,42,1.417067,,,,,
20260925T083500Z-native-vm,startup.hello,,baseline,cli,rust,,True,3,43,1.39368,,,,,
20260925T083500Z-native-vm,startup.hello,,baseline,cli,rust,,True,3,44,1.560516,,,,,
20260925T083500Z-native-vm,startup.hello,,baseline,cli,rust,,True,3,45,1.3763710000000002,,,,,
20260925T083500Z-native-vm,startup.hello,,baseline,cli,rust,,True,3,46,1.342927,,,,,
20260925T083500Z-native-vm,startup.hello,,baseline,cli,rust,,True,3,47,1.4922920000000002,,,,,
20260925T083500Z-native-vm,startup.hello,,baseline,cli,rust,,True,3,48,1.3642270000000003,,,,,
20260925T083500Z-native-vm,startup.hello,,baseline,cli,rust,,True,3,49,1.3537190000000001,,,,,
20260925T083500Z-native-vm,startup.hello,,baseline,cli,rust,,True,3,50,1.502508,,,,,
20260925T083500Z-native-vm,startup.hello,,baseline,cli,rust,,True,3,51,1.3839260000000002,,,,,
20260925T083500Z-native-vm,startup.hello,,baseline,cli,rust,,True,3,52,1.383137,,,,,
20260925T083500Z-native-vm,startup.hello,,baseline,cli,rust,,True,3,53,1.4316440000000001,,,,,
20260925T083500Z-native-vm,startup.hello,,baseline,cli,rust,,True,3,54,1.3429140000000002,,,,,
20260925T083500Z-native-vm,startup.hello,,baseline,cli,rust,,True,3,55,1.4317560000000003,,,,,
20260925T083500Z-native-vm,startup.hello,,baseline,cli,rust,,True,3,56,1.5270560000000002,,,,,
20260925T083500Z-native-vm,startup.hello,,baseline,cli,rust,,True,3,57,1.4235140000000002,,,,,
20260925T083500Z-native-vm,startup.hello,,baseline,cli,rust,,True,3,58,1.421353,,,,,
20260925T083500Z-native-vm,startup.hello,,baseline,cli,rust,,True,3,59,1.377955,,,,,
20260925T083500Z-native-vm,startup.hello,,baseline,cli,rust,,True,3,60,1.3492150000000003,,,,,
20260925T083500Z-native-vm,startup.hello,,baseline,cli,rust,,True,3,61,1.4947320000000002,,,,,
20260925T083500Z-native-vm,startup.hello,,baseline,cli,rust,,True,3,62,1.406546,,,,,
20260925T083500Z-native-vm,startup.hello,,baseline,cli,rust,,True,3,63,1.371258,,,,,
20260925T083500Z-native-vm,startup.hello,,baseline,cli,rust,,True,3,64,1.4157790000000001,,,,,
20260925T083500Z-native-vm,startup.hello,,baseline,cli,rust,,True,3,65,1.3582990000000001,,,,,
20260925T083500Z-native-vm,startup.hello,,baseline,cli,rust,,True,3,66,1.349254,,,,,
20260925T083500Z-native-vm,startup.hello,,baseline,cli,rust,,True,3,67,1.589261,,,,,
20260925T083500Z-native-vm,startup.hello,,baseline,cli,rust,,True,3,68,1.337933,,,,,
20260925T083500Z-native-vm,startup.hello,,baseline,cli,rust,,True,3,69,1.441533,,,,,
20260925T083500Z-native-vm,startup.hello,,baseline,cli,rust,,True,3,70,1.397809,,,,,
20260925T083500Z-native-vm,startup.hello,,baseline,cli,rust,,True,3,71,1.384276,,,,,
20260925T083500Z-native-vm,startup.hello,,baseline,cli,rust,,True,3,72,1.577066,,,,,
20260925T083500Z-native-vm,startup.hello,,baseline,cli,rust,,True,3,73,1.451256,,,,,
20260925T083500Z-native-vm,startup.hello,,baseline,cli,rust,,True,3,74,1.368962,,,,,
20260925T083500Z-native-vm,startup.hello,,baseline,cli,rust,,True,3,75,1.4421190000000002,,,,,
20260925T083500Z-native-vm,startup.hello,,baseline,cli,rust,,True,3,76,1.3754060000000001,,,,,
20260925T083500Z-native-vm,startup.hello,,baseline,cli,rust,,True,3,77,1.374227,,,,,
20260925T083500Z-native-vm,startup.hello,,baseline,cli,rust,,True,3,78,1.5972330000000001,,,,,
20260925T083500Z-native-vm,startup.hello,,baseline,cli,rust,,True,3,79,1.3739350000000001,,,,,
20260925T083500Z-native-vm,startup.hello,,baseline,cli,rust,,True,3,80,1.4257030000000002,,,,,
20260925T083500Z-native-vm,startup.hello,,baseline,cli,rust,,True,3,81,1.3982690000000002,,,,,
20260925T083500Z-native-vm,startup.hello,,baseline,cli,rust,,True,3,82,1.375362,,,,,
20260925T083500Z-native-vm,startup.hello,,baseline,cli,rust,,True,3,83,1.350536,,,,,
20260925T083500Z-native-vm,startup.hello,,baseline,cli,rust,,True,3,84,1.4717280000000001,,,,,
20260925T083500Z-native-vm,startup.hello,,baseline,cli,rust,,True,3,85,1.410075,,,,,
20260925T083500Z-native-vm,startup.hello,,baseline,cli,rust,,True,3,86,1.4912990000000002,,,,,
20260925T083500Z-native-vm,startup.hello,,baseline,cli,rust,,True,3,87,1.379246,,,,,
20260925T083500Z-native-vm,startup.hello,,baseline,cli,rust,,True,3,88,1.349522,,,,,
20260925T083500Z-native-vm,startup.hello,,baseline,cli,rust,,True,3,89,1.620792,,,,,
20260925T083500Z-native-vm,startup.hello,,baseline,cli,rust,,True,3,90,1.3406910000000003,,,,,
20260925T083500Z-native-vm,startup.hello,,baseline,cli,rust,,True,3,91,1.34384,,,,,
20260925T083500Z-native-vm,startup.hello,,baseline,cli,rust,,True,3,92,1.529991,,,,,
20260925T083500Z-native-vm,startup.hello,,baseline,cli,rust,,True,3,93,1.372568,,,,,
20260925T083500Z-native-vm,startup.hello,,baseline,cli,rust,,True,3,94,1.4074650000000002,,,,,
20260925T083500Z-native-vm,startup.hello,,baseline,cli,rust,,True,3,95,1.5086050000000002,,,,,
20260925T083500Z-native-vm,startup.hello,,baseline,cli,rust,,True,3,96,1.51191,,,,,
20260925T083500Z-native-vm,startup.hello,,baseline,cli,rust,,True,3,97,1.4402100000000002,,,,,
20260925T083500Z-native-vm,startup.hello,,baseline,cli,rust,,True,3,98,1.3804260000000002,,,,,
20260925T083500Z-native-vm,startup.hello,,baseline,cli,rust,,True,3,99,1.348449,,,,,
20260925T083500Z-native-vm,startup.hello,,baseline,cli,rust,,True,4,0,1.5452720000000002,,,,,
20260925T083500Z-native-vm,startup.hello,,baseline,cli,rust,,True,4,1,1.356884,,,,,
20260925T083500Z-native-vm,startup.hello,,baseline,cli,rust,,True,4,2,1.394395,,,,,
20260925T083500Z-native-vm,startup.hello,,baseline,cli,rust,,True,4,3,1.324249,,,,,
20260925T083500Z-native-vm,startup.hello,,baseline,cli,rust,,True,4,4,1.358548,,,,,
20260925T083500Z-native-vm,startup.hello,,baseline,cli,rust,,True,4,5,1.3857140000000001,,,,,
20260925T083500Z-native-vm,startup.hello,,baseline,cli,rust,,True,4,6,1.3633,,,,,
20260925T083500Z-native-vm,startup.hello,,baseline,cli,rust,,True,4,7,1.3405500000000001,,,,,
20260925T083500Z-native-vm,startup.hello,,baseline,cli,rust,,True,4,8,1.3762490000000003,,,,,
20260925T083500Z-native-vm,startup.hello,,baseline,cli,rust,,True,4,9,1.349165,,,,,
20260925T083500Z-native-vm,startup.hello,,baseline,cli,rust,,True,4,10,1.313886,,,,,
20260925T083500Z-native-vm,startup.hello,,baseline,cli,rust,,True,4,11,1.5272880000000002,,,,,
20260925T083500Z-native-vm,startup.hello,,baseline,cli,rust,,True,4,12,1.33868,,,,,
20260925T083500Z-native-vm,startup.hello,,baseline,cli,rust,,True,4,13,1.370141,,,,,
20260925T083500Z-native-vm,startup.hello,,baseline,cli,rust,,True,4,14,1.497803,,,,,
20260925T083500Z-native-vm,startup.hello,,baseline,cli,rust,,True,4,15,1.3956810000000002,,,,,
20260925T083500Z-native-vm,startup.hello,,baseline,cli,rust,,True,4,16,1.4281350000000002,,,,,
20260925T083500Z-native-vm,startup.hello,,baseline,cli,rust,,True,4,17,1.462428,,,,,
20260925T083500Z-native-vm,startup.hello,,baseline,cli,rust,,True,4,18,1.349643,,,,,
20260925T083500Z-native-vm,startup.hello,,baseline,cli,rust,,True,4,19,1.4256490000000002,,,,,
20260925T083500Z-native-vm,startup.hello,,baseline,cli,rust,,True,4,20,1.4917140000000002,,,,,
20260925T083500Z-native-vm,startup.hello,,baseline,cli,rust,,True,4,21,1.3885870000000002,,,,,
20260925T083500Z-native-vm,startup.hello,,baseline,cli,rust,,True,4,22,1.407205,,,,,
20260925T083500Z-native-vm,startup.hello,,baseline,cli,rust,,True,4,23,1.360544,,,,,
20260925T083500Z-native-vm,startup.hello,,baseline,cli,rust,,True,4,24,1.3520320000000001,,,,,
20260925T083500Z-native-vm,startup.hello,,baseline,cli,rust,,True,4,25,1.392082,,,,,
20260925T083500Z-native-vm,startup.hello,,baseline,cli,rust,,True,4,26,1.4597740000000001,,,,,
20260925T083500Z-native-vm,startup.hello,,baseline,cli,rust,,True,4,27,1.505786,,,,,
20260925T083500Z-native-vm,startup.hello,,baseline,cli,rust,,True,4,28,1.8283040000000002,,,,,
20260925T083500Z-native-vm,startup.hello,,baseline,cli,rust,,True,4,29,1.403053,,,,,
20260925T083500Z-native-vm,startup.hello,,baseline,cli,rust,,True,4,30,1.41705,,,,,
20260925T083500Z-native-vm,startup.hello,,baseline,cli,rust,,True,4,31,1.4999220000000002,,,,,
20260925T083500Z-native-vm,startup.hello,,baseline,cli,rust,,True,4,32,1.5565440000000001,,,,,
20260925T083500Z-native-vm,startup.hello,,baseline,cli,rust,,True,4,33,1.4272550000000002,,,,,
20260925T083500Z-native-vm,startup.hello,,baseline,cli,rust,,True,4,34,1.349183,,,,,
20260925T083500Z-native-vm,startup.hello,,baseline,cli,rust,,True,4,35,1.394868,,,,,
20260925T083500Z-native-vm,startup.hello,,baseline,cli,rust,,True,4,36,1.441553,,,,,
20260925T083500Z-native-vm,startup.hello,,baseline,cli,rust,,True,4,37,1.3879020000000002,,,,,
20260925T083500Z-native-vm,startup.hello,,baseline,cli,rust,,True,4,38,1.4165860000000001,,,,,
20260925T083500Z-native-vm,startup.hello,,baseline,cli,rust,,True,4,39,1.5223480000000003,,,,,
20260925T083500Z-native-vm,startup.hello,,baseline,cli,rust,,True,4,40,1.3883130000000001,,,,,
20260925T083500Z-native-vm,startup.hello,,baseline,cli,rust,,True,4,41,1.557198,,,,,
20260925T083500Z-native-vm,startup.hello,,baseline,cli,rust,,True,4,42,1.390892,,,,,
20260925T083500Z-native-vm,startup.hello,,baseline,cli,rust,,True,4,43,1.4898490000000002,,,,,
20260925T083500Z-native-vm,startup.hello,,baseline,cli,rust,,True,4,44,1.5782990000000001,,,,,
20260925T083500Z-native-vm,startup.hello,,baseline,cli,rust,,True,4,45,1.339312,,,,,
20260925T083500Z-native-vm,startup.hello,,baseline,cli,rust,,True,4,46,1.352591,,,,,
20260925T083500Z-native-vm,startup.hello,,baseline,cli,rust,,True,4,47,1.4124670000000001,,,,,
20260925T083500Z-native-vm,startup.hello,,baseline,cli,rust,,True,4,48,1.405606,,,,,
20260925T083500Z-native-vm,startup.hello,,baseline,cli,rust,,True,4,49,1.376293,,,,,
20260925T083500Z-native-vm,startup.hello,,baseline,cli,rust,,True,4,50,1.5677530000000002,,,,,
20260925T083500Z-native-vm,startup.hello,,baseline,cli,rust,,True,4,51,1.342742,,,,,
20260925T083500Z-native-vm,startup.hello,,baseline,cli,rust,,True,4,52,1.391167,,,,,
20260925T083500Z-native-vm,startup.hello,,baseline,cli,rust,,True,4,53,1.390362,,,,,
20260925T083500Z-native-vm,startup.hello,,baseline,cli,rust,,True,4,54,1.3796490000000001,,,,,
20260925T083500Z-native-vm,startup.hello,,baseline,cli,rust,,True,4,55,1.348478,,,,,
20260925T083500Z-native-vm,startup.hello,,baseline,cli,rust,,True,4,56,1.3796190000000002,,,,,
20260925T083500Z-native-vm,startup.hello,,baseline,cli,rust,,True,4,57,1.35688,,,,,
20260925T083500Z-native-vm,startup.hello,,baseline,cli,rust,,True,4,58,1.401637,,,,,
20260925T083500Z-native-vm,startup.hello,,baseline,cli,rust,,True,4,59,1.3615810000000002,,,,,
20260925T083500Z-native-vm,startup.hello,,baseline,cli,rust,,True,4,60,1.368892,,,,,
20260925T083500Z-native-vm,startup.hello,,baseline,cli,rust,,True,4,61,1.461116,,,,,
20260925T083500Z-native-vm,startup.hello,,baseline,cli,rust,,True,4,62,1.343344,,,,,
20260925T083500Z-native-vm,startup.hello,,baseline,cli,rust,,True,4,63,1.4266,,,,,
20260925T083500Z-native-vm,startup.hello,,baseline,cli,rust,,True,4,64,1.492795,,,,,
20260925T083500Z-native-vm,startup.hello,,baseline,cli,rust,,True,4,65,1.427559,,,,,
20260925T083500Z-native-vm,startup.hello,,baseline,cli,rust,,True,4,66,2.077644,,,,,
20260925T083500Z-native-vm,startup.hello,,baseline,cli,rust,,True,4,67,1.6704130000000001,,,,,
20260925T083500Z-native-vm,startup.hello,,baseline,cli,rust,,True,4,68,1.4776580000000001,,,,,
20260925T083500Z-native-vm,startup.hello,,baseline,cli,rust,,True,4,69,1.461238,,,,,
20260925T083500Z-native-vm,startup.hello,,baseline,cli,rust,,True,4,70,1.3812740000000001,,,,,
20260925T083500Z-native-vm,startup.hello,,baseline,cli,rust,,True,4,71,1.4535280000000002,,,,,
20260925T083500Z-native-vm,startup.hello,,baseline,cli,rust,,True,4,72,1.5563080000000002,,,,,
20260925T083500Z-native-vm,startup.hello,,baseline,cli,rust,,True,4,73,1.354583,,,,,
20260925T083500Z-native-vm,startup.hello,,baseline,cli,rust,,True,4,74,1.3732680000000002,,,,,
20260925T083500Z-native-vm,startup.hello,,baseline,cli,rust,,True,4,75,1.347942,,,,,
20260925T083500Z-native-vm,startup.hello,,baseline,cli,rust,,True,4,76,1.350103,,,,,
20260925T083500Z-native-vm,startup.hello,,baseline,cli,rust,,True,4,77,1.5793370000000002,,,,,
20260925T083500Z-native-vm,startup.hello,,baseline,cli,rust,,True,4,78,1.3892380000000002,,,,,
20260925T083500Z-native-vm,startup.hello,,baseline,cli,rust,,True,4,79,1.39167,,,,,
20260925T083500Z-native-vm,startup.hello,,baseline,cli,rust,,True,4,80,1.494571,,,,,
20260925T083500Z-native-vm,startup.hello,,baseline,cli,rust,,True,4,81,1.352249,,,,,
20260925T083500Z-native-vm,startup.hello,,baseline,cli,rust,,True,4,82,1.5569870000000001,,,,,
20260925T083500Z-native-vm,startup.hello,,baseline,cli,rust,,True,4,83,1.6885160000000001,,,,,
20260925T083500Z-native-vm,startup.hello,,baseline,cli,rust,,True,4,84,1.4000940000000002,,,,,
20260925T083500Z-native-vm,startup.hello,,baseline,cli,rust,,True,4,85,1.6993300000000002,,,,,
20260925T083500Z-native-vm,startup.hello,,baseline,cli,rust,,True,4,86,1.383321,,,,,
20260925T083500Z-native-vm,startup.hello,,baseline,cli,rust,,True,4,87,1.3553270000000002,,,,,
20260925T083500Z-native-vm,startup.hello,,baseline,cli,rust,,True,4,88,1.5451430000000002,,,,,
20260925T083500Z-native-vm,startup.hello,,baseline,cli,rust,,True,4,89,1.3575450000000002,,,,,
20260925T083500Z-native-vm,startup.hello,,baseline,cli,rust,,True,4,90,1.513599,,,,,
20260925T083500Z-native-vm,startup.hello,,baseline,cli,rust,,True,4,91,1.417391,,,,,
20260925T083500Z-native-vm,startup.hello,,baseline,cli,rust,,True,4,92,1.4086410000000003,,,,,
20260925T083500Z-native-vm,startup.hello,,baseline,cli,rust,,True,4,93,1.4868240000000001,,,,,
20260925T083500Z-native-vm,startup.hello,,baseline,cli,rust,,True,4,94,1.3859670000000002,,,,,
20260925T083500Z-native-vm,startup.hello,,baseline,cli,rust,,True,4,95,1.5444730000000002,,,,,
20260925T083500Z-native-vm,startup.hello,,baseline,cli,rust,,True,4,96,1.4261340000000002,,,,,
20260925T083500Z-native-vm,startup.hello,,baseline,cli,rust,,True,4,97,1.4637140000000002,,,,,
20260925T083500Z-native-vm,startup.hello,,baseline,cli,rust,,True,4,98,1.441175,,,,,
20260925T083500Z-native-vm,startup.hello,,baseline,cli,rust,,True,4,99,1.535219,,,,,
20260925T083500Z-native-vm,startup.hello,,baseline,cli,rust,,True,5,0,1.394632,,,,,
20260925T083500Z-native-vm,startup.hello,,baseline,cli,rust,,True,5,1,1.3835570000000001,,,,,
20260925T083500Z-native-vm,startup.hello,,baseline,cli,rust,,True,5,2,1.3970590000000003,,,,,
20260925T083500Z-native-vm,startup.hello,,baseline,cli,rust,,True,5,3,1.557825,,,,,
20260925T083500Z-native-vm,startup.hello,,baseline,cli,rust,,True,5,4,1.377663,,,,,
20260925T083500Z-native-vm,startup.hello,,baseline,cli,rust,,True,5,5,1.459537,,,,,
20260925T083500Z-native-vm,startup.hello,,baseline,cli,rust,,True,5,6,1.5722000000000003,,,,,
20260925T083500Z-native-vm,startup.hello,,baseline,cli,rust,,True,5,7,1.4293120000000001,,,,,
20260925T083500Z-native-vm,startup.hello,,baseline,cli,rust,,True,5,8,1.6300020000000002,,,,,
20260925T083500Z-native-vm,startup.hello,,baseline,cli,rust,,True,5,9,1.3617120000000003,,,,,
20260925T083500Z-native-vm,startup.hello,,baseline,cli,rust,,True,5,10,1.437739,,,,,
20260925T083500Z-native-vm,startup.hello,,baseline,cli,rust,,True,5,11,1.4136880000000003,,,,,
20260925T083500Z-native-vm,startup.hello,,baseline,cli,rust,,True,5,12,1.353911,,,,,
20260925T083500Z-native-vm,startup.hello,,baseline,cli,rust,,True,5,13,1.582753,,,,,
20260925T083500Z-native-vm,startup.hello,,baseline,cli,rust,,True,5,14,1.4253580000000001,,,,,
20260925T083500Z-native-vm,startup.hello,,baseline,cli,rust,,True,5,15,1.513056,,,,,
20260925T083500Z-native-vm,startup.hello,,baseline,cli,rust,,True,5,16,1.4931170000000002,,,,,
20260925T083500Z-native-vm,startup.hello,,baseline,cli,rust,,True,5,17,1.3812140000000002,,,,,
20260925T083500Z-native-vm,startup.hello,,baseline,cli,rust,,True,5,18,1.374657,,,,,
20260925T083500Z-native-vm,startup.hello,,baseline,cli,rust,,True,5,19,1.490555,,,,,
20260925T083500Z-native-vm,startup.hello,,baseline,cli,rust,,True,5,20,1.357469,,,,,
20260925T083500Z-native-vm,startup.hello,,baseline,cli,rust,,True,5,21,1.443978,,,,,
20260925T083500Z-native-vm,startup.hello,,baseline,cli,rust,,True,5,22,1.419502,,,,,
20260925T083500Z-native-vm,startup.hello,,baseline,cli,rust,,True,5,23,1.57996,,,,,
20260925T083500Z-native-vm,startup.hello,,baseline,cli,rust,,True,5,24,1.57898,,,,,
20260925T083500Z-native-vm,startup.hello,,baseline,cli,rust,,True,5,25,1.390381,,,,,
20260925T083500Z-native-vm,startup.hello,,baseline,cli,rust,,True,5,26,1.49079,,,,,
20260925T083500Z-native-vm,startup.hello,,baseline,cli,rust,,True,5,27,1.453737,,,,,
20260925T083500Z-native-vm,startup.hello,,baseline,cli,rust,,True,5,28,1.3852200000000001,,,,,
20260925T083500Z-native-vm,startup.hello,,baseline,cli,rust,,True,5,29,1.4242320000000002,,,,,
20260925T083500Z-native-vm,startup.hello,,baseline,cli,rust,,True,5,30,1.4680700000000002,,,,,
20260925T083500Z-native-vm,startup.hello,,baseline,cli,rust,,True,5,31,1.3914890000000002,,,,,
20260925T083500Z-native-vm,startup.hello,,baseline,cli,rust,,True,5,32,1.3774790000000001,,,,,
20260925T083500Z-native-vm,startup.hello,,baseline,cli,rust,,True,5,33,1.3788320000000003,,,,,
20260925T083500Z-native-vm,startup.hello,,baseline,cli,rust,,True,5,34,1.4268020000000001,,,,,
20260925T083500Z-native-vm,startup.hello,,baseline,cli,rust,,True,5,35,1.432052,,,,,
20260925T083500Z-native-vm,startup.hello,,baseline,cli,rust,,True,5,36,1.361544,,,,,
20260925T083500Z-native-vm,startup.hello,,baseline,cli,rust,,True,5,37,1.346076,,,,,
20260925T083500Z-native-vm,startup.hello,,baseline,cli,rust,,True,5,38,1.41829,,,,,
20260925T083500Z-native-vm,startup.hello,,baseline,cli,rust,,True,5,39,1.353672,,,,,
20260925T083500Z-native-vm,startup.hello,,baseline,cli,rust,,True,5,40,1.625266,,,,,
20260925T083500Z-native-vm,startup.hello,,baseline,cli,rust,,True,5,41,1.6543030000000003,,,,,
20260925T083500Z-native-vm,startup.hello,,baseline,cli,rust,,True,5,42,2.7909230000000003,,,,,
20260925T083500Z-native-vm,startup.hello,,baseline,cli,rust,,True,5,43,2.171455,,,,,
20260925T083500Z-native-vm,startup.hello,,baseline,cli,rust,,True,5,44,1.954192,,,,,
20260925T083500Z-native-vm,startup.hello,,baseline,cli,rust,,True,5,45,2.076152,,,,,
20260925T083500Z-native-vm,startup.hello,,baseline,cli,rust,,True,5,46,1.8702500000000002,,,,,
20260925T083500Z-native-vm,startup.hello,,baseline,cli,rust,,True,5,47,1.8796680000000001,,,,,
20260925T083500Z-native-vm,startup.hello,,baseline,cli,rust,,True,5,48,1.863688,,,,,
20260925T083500Z-native-vm,startup.hello,,baseline,cli,rust,,True,5,49,1.9817950000000002,,,,,
20260925T083500Z-native-vm,startup.hello,,baseline,cli,rust,,True,5,50,1.8793050000000002,,,,,
20260925T083500Z-native-vm,startup.hello,,baseline,cli,rust,,True,5,51,1.9137700000000002,,,,,
20260925T083500Z-native-vm,startup.hello,,baseline,cli,rust,,True,5,52,1.816785,,,,,
20260925T083500Z-native-vm,startup.hello,,baseline,cli,rust,,True,5,53,2.012764,,,,,
20260925T083500Z-native-vm,startup.hello,,baseline,cli,rust,,True,5,54,1.896965,,,,,
20260925T083500Z-native-vm,startup.hello,,baseline,cli,rust,,True,5,55,1.8971820000000001,,,,,
20260925T083500Z-native-vm,startup.hello,,baseline,cli,rust,,True,5,56,1.869013,,,,,
20260925T083500Z-native-vm,startup.hello,,baseline,cli,rust,,True,5,57,1.8972840000000002,,,,,
20260925T083500Z-native-vm,startup.hello,,baseline,cli,rust,,True,5,58,1.869015,,,,,
20260925T083500Z-native-vm,startup.hello,,baseline,cli,rust,,True,5,59,1.9202930000000002,,,,,
20260925T083500Z-native-vm,startup.hello,,baseline,cli,rust,,True,5,60,1.868311,,,,,
20260925T083500Z-native-vm,startup.hello,,baseline,cli,rust,,True,5,61,2.0311350000000004,,,,,
20260925T083500Z-native-vm,startup.hello,,baseline,cli,rust,,True,5,62,1.863316,,,,,
20260925T083500Z-native-vm,startup.hello,,baseline,cli,rust,,True,5,63,1.9604230000000002,,,,,
20260925T083500Z-native-vm,startup.hello,,baseline,cli,rust,,True,5,64,1.819204,,,,,
20260925T083500Z-native-vm,startup.hello,,baseline,cli,rust,,True,5,65,1.975527,,,,,
20260925T083500Z-native-vm,startup.hello,,baseline,cli,rust,,True,5,66,1.674747,,,,,
20260925T083500Z-native-vm,startup.hello,,baseline,cli,rust,,True,5,67,1.3833140000000002,,,,,
20260925T083500Z-native-vm,startup.hello,,baseline,cli,rust,,True,5,68,1.373923,,,,,
20260925T083500Z-native-vm,startup.hello,,baseline,cli,rust,,True,5,69,1.3482310000000002,,,,,
20260925T083500Z-native-vm,startup.hello,,baseline,cli,rust,,True,5,70,1.36856,,,,,
20260925T083500Z-native-vm,startup.hello,,baseline,cli,rust,,True,5,71,1.4778220000000002,,,,,
20260925T083500Z-native-vm,startup.hello,,baseline,cli,rust,,True,5,72,1.3085550000000001,,,,,
20260925T083500Z-native-vm,startup.hello,,baseline,cli,rust,,True,5,73,1.3598080000000001,,,,,
20260925T083500Z-native-vm,startup.hello,,baseline,cli,rust,,True,5,74,1.35871,,,,,
20260925T083500Z-native-vm,startup.hello,,baseline,cli,rust,,True,5,75,1.363456,,,,,
20260925T083500Z-native-vm,startup.hello,,baseline,cli,rust,,True,5,76,1.3396810000000001,,,,,
20260925T083500Z-native-vm,startup.hello,,baseline,cli,rust,,True,5,77,1.4526860000000001,,,,,
20260925T083500Z-native-vm,startup.hello,,baseline,cli,rust,,True,5,78,1.358896,,,,,
20260925T083500Z-native-vm,startup.hello,,baseline,cli,rust,,True,5,79,1.361926,,,,,
20260925T083500Z-native-vm,startup.hello,,baseline,cli,rust,,True,5,80,1.300016,,,,,
20260925T083500Z-native-vm,startup.hello,,baseline,cli,rust,,True,5,81,1.3571050000000002,,,,,
20260925T083500Z-native-vm,startup.hello,,baseline,cli,rust,,True,5,82,1.366948,,,,,
20260925T083500Z-native-vm,startup.hello,,baseline,cli,rust,,True,5,83,1.3461710000000002,,,,,
20260925T083500Z-native-vm,startup.hello,,baseline,cli,rust,,True,5,84,1.456651,,,,,
20260925T083500Z-native-vm,startup.hello,,baseline,cli,rust,,True,5,85,1.543058,,,,,
20260925T083500Z-native-vm,startup.hello,,baseline,cli,rust,,True,5,86,1.3987820000000002,,,,,
20260925T083500Z-native-vm,startup.hello,,baseline,cli,rust,,True,5,87,1.361716,,,,,
20260925T083500Z-native-vm,startup.hello,,baseline,cli,rust,,True,5,88,1.4200150000000002,,,,,
20260925T083500Z-native-vm,startup.hello,,baseline,cli,rust,,True,5,89,1.343391,,,,,
20260925T083500Z-native-vm,startup.hello,,baseline,cli,rust,,True,5,90,1.475002,,,,,
20260925T083500Z-native-vm,startup.hello,,baseline,cli,rust,,True,5,91,1.6701110000000001,,,,,
20260925T083500Z-native-vm,startup.hello,,baseline,cli,rust,,True,5,92,1.436042,,,,,
20260925T083500Z-native-vm,startup.hello,,baseline,cli,rust,,True,5,93,1.424728,,,,,
20260925T083500Z-native-vm,startup.hello,,baseline,cli,rust,,True,5,94,1.487859,,,,,
20260925T083500Z-native-vm,startup.hello,,baseline,cli,rust,,True,5,95,1.345061,,,,,
20260925T083500Z-native-vm,startup.hello,,baseline,cli,rust,,True,5,96,1.557779,,,,,
20260925T083500Z-native-vm,startup.hello,,baseline,cli,rust,,True,5,97,1.3312510000000002,,,,,
20260925T083500Z-native-vm,startup.hello,,baseline,cli,rust,,True,5,98,1.428233,,,,,
20260925T083500Z-native-vm,startup.hello,,baseline,cli,rust,,True,5,99,1.4514360000000002,,,,,
20260925T083500Z-native-vm,startup.hello,,baseline,cli,rust,,True,6,0,1.3591360000000001,,,,,
20260925T083500Z-native-vm,startup.hello,,baseline,cli,rust,,True,6,1,1.392646,,,,,
20260925T083500Z-native-vm,startup.hello,,baseline,cli,rust,,True,6,2,1.352436,,,,,
20260925T083500Z-native-vm,startup.hello,,baseline,cli,rust,,True,6,3,1.653025,,,,,
20260925T083500Z-native-vm,startup.hello,,baseline,cli,rust,,True,6,4,1.395341,,,,,
20260925T083500Z-native-vm,startup.hello,,baseline,cli,rust,,True,6,5,1.344154,,,,,
20260925T083500Z-native-vm,startup.hello,,baseline,cli,rust,,True,6,6,1.511112,,,,,
20260925T083500Z-native-vm,startup.hello,,baseline,cli,rust,,True,6,7,1.3346220000000002,,,,,
20260925T083500Z-native-vm,startup.hello,,baseline,cli,rust,,True,6,8,1.569218,,,,,
20260925T083500Z-native-vm,startup.hello,,baseline,cli,rust,,True,6,9,1.551566,,,,,
20260925T083500Z-native-vm,startup.hello,,baseline,cli,rust,,True,6,10,1.558372,,,,,
20260925T083500Z-native-vm,startup.hello,,baseline,cli,rust,,True,6,11,1.523692,,,,,
20260925T083500Z-native-vm,startup.hello,,baseline,cli,rust,,True,6,12,1.3966380000000003,,,,,
20260925T083500Z-native-vm,startup.hello,,baseline,cli,rust,,True,6,13,1.353501,,,,,
20260925T083500Z-native-vm,startup.hello,,baseline,cli,rust,,True,6,14,1.5766120000000001,,,,,
20260925T083500Z-native-vm,startup.hello,,baseline,cli,rust,,True,6,15,1.351929,,,,,
20260925T083500Z-native-vm,startup.hello,,baseline,cli,rust,,True,6,16,1.348578,,,,,
20260925T083500Z-native-vm,startup.hello,,baseline,cli,rust,,True,6,17,1.4037920000000002,,,,,
20260925T083500Z-native-vm,startup.hello,,baseline,cli,rust,,True,6,18,1.339624,,,,,
20260925T083500Z-native-vm,startup.hello,,baseline,cli,rust,,True,6,19,1.327247,,,,,
20260925T083500Z-native-vm,startup.hello,,baseline,cli,rust,,True,6,20,1.5235230000000002,,,,,
20260925T083500Z-native-vm,startup.hello,,baseline,cli,rust,,True,6,21,1.3356780000000001,,,,,
20260925T083500Z-native-vm,startup.hello,,baseline,cli,rust,,True,6,22,1.399599,,,,,
20260925T083500Z-native-vm,startup.hello,,baseline,cli,rust,,True,6,23,1.3731680000000002,,,,,
20260925T083500Z-native-vm,startup.hello,,baseline,cli,rust,,True,6,24,1.362438,,,,,
20260925T083500Z-native-vm,startup.hello,,baseline,cli,rust,,True,6,25,1.3897730000000001,,,,,
20260925T083500Z-native-vm,startup.hello,,baseline,cli,rust,,True,6,26,1.784596,,,,,
20260925T083500Z-native-vm,startup.hello,,baseline,cli,rust,,True,6,27,1.5201190000000002,,,,,
20260925T083500Z-native-vm,startup.hello,,baseline,cli,rust,,True,6,28,1.73163,,,,,
20260925T083500Z-native-vm,startup.hello,,baseline,cli,rust,,True,6,29,1.4321940000000002,,,,,
20260925T083500Z-native-vm,startup.hello,,baseline,cli,rust,,True,6,30,1.3965560000000001,,,,,
20260925T083500Z-native-vm,startup.hello,,baseline,cli,rust,,True,6,31,1.614001,,,,,
20260925T083500Z-native-vm,startup.hello,,baseline,cli,rust,,True,6,32,1.333998,,,,,
20260925T083500Z-native-vm,startup.hello,,baseline,cli,rust,,True,6,33,1.393909,,,,,
20260925T083500Z-native-vm,startup.hello,,baseline,cli,rust,,True,6,34,1.3209840000000002,,,,,
20260925T083500Z-native-vm,startup.hello,,baseline,cli,rust,,True,6,35,1.4508260000000002,,,,,
20260925T083500Z-native-vm,startup.hello,,baseline,cli,rust,,True,6,36,1.461856,,,,,
20260925T083500Z-native-vm,startup.hello,,baseline,cli,rust,,True,6,37,1.394356,,,,,
20260925T083500Z-native-vm,startup.hello,,baseline,cli,rust,,True,6,38,1.650192,,,,,
20260925T083500Z-native-vm,startup.hello,,baseline,cli,rust,,True,6,39,1.5001600000000002,,,,,
20260925T083500Z-native-vm,startup.hello,,baseline,cli,rust,,True,6,40,1.453664,,,,,
20260925T083500Z-native-vm,startup.hello,,baseline,cli,rust,,True,6,41,1.4295400000000003,,,,,
20260925T083500Z-native-vm,startup.hello,,baseline,cli,rust,,True,6,42,1.5127270000000002,,,,,
20260925T083500Z-native-vm,startup.hello,,baseline,cli,rust,,True,6,43,1.802519,,,,,
20260925T083500Z-native-vm,startup.hello,,baseline,cli,rust,,True,6,44,1.642212,,,,,
20260925T083500Z-native-vm,startup.hello,,baseline,cli,rust,,True,6,45,1.4001990000000002,,,,,
20260925T083500Z-native-vm,startup.hello,,baseline,cli,rust,,True,6,46,1.724987,,,,,
20260925T083500Z-native-vm,startup.hello,,baseline,cli,rust,,True,6,47,1.5711780000000002,,,,,
20260925T083500Z-native-vm,startup.hello,,baseline,cli,rust,,True,6,48,1.349223,,,,,
20260925T083500Z-native-vm,startup.hello,,baseline,cli,rust,,True,6,49,1.527508,,,,,
20260925T083500Z-native-vm,startup.hello,,baseline,cli,rust,,True,6,50,1.4286370000000002,,,,,
20260925T083500Z-native-vm,startup.hello,,baseline,cli,rust,,True,6,51,1.44799,,,,,
20260925T083500Z-native-vm,startup.hello,,baseline,cli,rust,,True,6,52,1.6213060000000001,,,,,
20260925T083500Z-native-vm,startup.hello,,baseline,cli,rust,,True,6,53,1.391319,,,,,
20260925T083500Z-native-vm,startup.hello,,baseline,cli,rust,,True,6,54,1.436765,,,,,
20260925T083500Z-native-vm,startup.hello,,baseline,cli,rust,,True,6,55,2.1488240000000003,,,,,
20260925T083500Z-native-vm,startup.hello,,baseline,cli,rust,,True,6,56,1.402992,,,,,
20260925T083500Z-native-vm,startup.hello,,baseline,cli,rust,,True,6,57,2.495864,,,,,
20260925T083500Z-native-vm,startup.hello,,baseline,cli,rust,,True,6,58,1.408058,,,,,
20260925T083500Z-native-vm,startup.hello,,baseline,cli,rust,,True,6,59,1.4349450000000001,,,,,
20260925T083500Z-native-vm,startup.hello,,baseline,cli,rust,,True,6,60,1.3773380000000002,,,,,
20260925T083500Z-native-vm,startup.hello,,baseline,cli,rust,,True,6,61,1.4415760000000002,,,,,
20260925T083500Z-native-vm,startup.hello,,baseline,cli,rust,,True,6,62,1.62508,,,,,
20260925T083500Z-native-vm,startup.hello,,baseline,cli,rust,,True,6,63,1.8445610000000001,,,,,
20260925T083500Z-native-vm,startup.hello,,baseline,cli,rust,,True,6,64,1.4293500000000001,,,,,
20260925T083500Z-native-vm,startup.hello,,baseline,cli,rust,,True,6,65,1.79201,,,,,
20260925T083500Z-native-vm,startup.hello,,baseline,cli,rust,,True,6,66,1.5101680000000002,,,,,
20260925T083500Z-native-vm,startup.hello,,baseline,cli,rust,,True,6,67,1.5066490000000001,,,,,
20260925T083500Z-native-vm,startup.hello,,baseline,cli,rust,,True,6,68,1.364486,,,,,
20260925T083500Z-native-vm,startup.hello,,baseline,cli,rust,,True,6,69,1.4189440000000002,,,,,
20260925T083500Z-native-vm,startup.hello,,baseline,cli,rust,,True,6,70,1.379458,,,,,
20260925T083500Z-native-vm,startup.hello,,baseline,cli,rust,,True,6,71,1.332695,,,,,
20260925T083500Z-native-vm,startup.hello,,baseline,cli,rust,,True,6,72,1.4517730000000002,,,,,
20260925T083500Z-native-vm,startup.hello,,baseline,cli,rust,,True,6,73,1.369205,,,,,
20260925T083500Z-native-vm,startup.hello,,baseline,cli,rust,,True,6,74,1.345901,,,,,
20260925T083500Z-native-vm,startup.hello,,baseline,cli,rust,,True,6,75,1.4421410000000001,,,,,
20260925T083500Z-native-vm,startup.hello,,baseline,cli,rust,,True,6,76,1.3400670000000001,,,,,
20260925T083500Z-native-vm,startup.hello,,baseline,cli,rust,,True,6,77,1.513551,,,,,
20260925T083500Z-native-vm,startup.hello,,baseline,cli,rust,,True,6,78,1.630228,,,,,
20260925T083500Z-native-vm,startup.hello,,baseline,cli,rust,,True,6,79,1.494214,,,,,
20260925T083500Z-native-vm,startup.hello,,baseline,cli,rust,,True,6,80,1.343701,,,,,
20260925T083500Z-native-vm,startup.hello,,baseline,cli,rust,,True,6,81,2.837051,,,,,
20260925T083500Z-native-vm,startup.hello,,baseline,cli,rust,,True,6,82,2.0964110000000002,,,,,
20260925T083500Z-native-vm,startup.hello,,baseline,cli,rust,,True,6,83,1.870316,,,,,
20260925T083500Z-native-vm,startup.hello,,baseline,cli,rust,,True,6,84,1.891223,,,,,
20260925T083500Z-native-vm,startup.hello,,baseline,cli,rust,,True,6,85,1.883461,,,,,
20260925T083500Z-native-vm,startup.hello,,baseline,cli,rust,,True,6,86,2.175526,,,,,
20260925T083500Z-native-vm,startup.hello,,baseline,cli,rust,,True,6,87,1.851107,,,,,
20260925T083500Z-native-vm,startup.hello,,baseline,cli,rust,,True,6,88,1.8954240000000002,,,,,
20260925T083500Z-native-vm,startup.hello,,baseline,cli,rust,,True,6,89,1.801481,,,,,
20260925T083500Z-native-vm,startup.hello,,baseline,cli,rust,,True,6,90,1.8688680000000002,,,,,
20260925T083500Z-native-vm,startup.hello,,baseline,cli,rust,,True,6,91,2.281548,,,,,
20260925T083500Z-native-vm,startup.hello,,baseline,cli,rust,,True,6,92,1.8126250000000002,,,,,
20260925T083500Z-native-vm,startup.hello,,baseline,cli,rust,,True,6,93,1.800712,,,,,
20260925T083500Z-native-vm,startup.hello,,baseline,cli,rust,,True,6,94,1.7652140000000003,,,,,
20260925T083500Z-native-vm,startup.hello,,baseline,cli,rust,,True,6,95,1.9773430000000003,,,,,
20260925T083500Z-native-vm,startup.hello,,baseline,cli,rust,,True,6,96,2.289768,,,,,
20260925T083500Z-native-vm,startup.hello,,baseline,cli,rust,,True,6,97,1.8176350000000001,,,,,
20260925T083500Z-native-vm,startup.hello,,baseline,cli,rust,,True,6,98,1.840351,,,,,
20260925T083500Z-native-vm,startup.hello,,baseline,cli,rust,,True,6,99,1.9405560000000002,,,,,
20260925T083500Z-native-vm,startup.hello,,baseline,cli,rust,,True,7,0,1.505378,,,,,
20260925T083500Z-native-vm,startup.hello,,baseline,cli,rust,,True,7,1,1.389831,,,,,
20260925T083500Z-native-vm,startup.hello,,baseline,cli,rust,,True,7,2,1.4301110000000001,,,,,
20260925T083500Z-native-vm,startup.hello,,baseline,cli,rust,,True,7,3,1.3715030000000001,,,,,
20260925T083500Z-native-vm,startup.hello,,baseline,cli,rust,,True,7,4,1.7079030000000002,,,,,
20260925T083500Z-native-vm,startup.hello,,baseline,cli,rust,,True,7,5,1.3678190000000001,,,,,
20260925T083500Z-native-vm,startup.hello,,baseline,cli,rust,,True,7,6,1.3658860000000002,,,,,
20260925T083500Z-native-vm,startup.hello,,baseline,cli,rust,,True,7,7,1.572005,,,,,
20260925T083500Z-native-vm,startup.hello,,baseline,cli,rust,,True,7,8,1.435153,,,,,
20260925T083500Z-native-vm,startup.hello,,baseline,cli,rust,,True,7,9,1.471394,,,,,
20260925T083500Z-native-vm,startup.hello,,baseline,cli,rust,,True,7,10,1.582961,,,,,
20260925T083500Z-native-vm,startup.hello,,baseline,cli,rust,,True,7,11,1.479802,,,,,
20260925T083500Z-native-vm,startup.hello,,baseline,cli,rust,,True,7,12,1.356779,,,,,
20260925T083500Z-native-vm,startup.hello,,baseline,cli,rust,,True,7,13,1.376464,,,,,
20260925T083500Z-native-vm,startup.hello,,baseline,cli,rust,,True,7,14,1.441994,,,,,
20260925T083500Z-native-vm,startup.hello,,baseline,cli,rust,,True,7,15,1.627293,,,,,
20260925T083500Z-native-vm,startup.hello,,baseline,cli,rust,,True,7,16,1.4278300000000002,,,,,
20260925T083500Z-native-vm,startup.hello,,baseline,cli,rust,,True,7,17,1.351542,,,,,
20260925T083500Z-native-vm,startup.hello,,baseline,cli,rust,,True,7,18,1.429738,,,,,
20260925T083500Z-native-vm,startup.hello,,baseline,cli,rust,,True,7,19,1.460909,,,,,
20260925T083500Z-native-vm,startup.hello,,baseline,cli,rust,,True,7,20,1.4030420000000001,,,,,
20260925T083500Z-native-vm,startup.hello,,baseline,cli,rust,,True,7,21,2.105028,,,,,
20260925T083500Z-native-vm,startup.hello,,baseline,cli,rust,,True,7,22,1.4868270000000001,,,,,
20260925T083500Z-native-vm,startup.hello,,baseline,cli,rust,,True,7,23,1.4349310000000002,,,,,
20260925T083500Z-native-vm,startup.hello,,baseline,cli,rust,,True,7,24,1.357129,,,,,
20260925T083500Z-native-vm,startup.hello,,baseline,cli,rust,,True,7,25,1.355696,,,,,
20260925T083500Z-native-vm,startup.hello,,baseline,cli,rust,,True,7,26,1.531646,,,,,
20260925T083500Z-native-vm,startup.hello,,baseline,cli,rust,,True,7,27,1.526926,,,,,
20260925T083500Z-native-vm,startup.hello,,baseline,cli,rust,,True,7,28,1.6344130000000001,,,,,
20260925T083500Z-native-vm,startup.hello,,baseline,cli,rust,,True,7,29,1.386569,,,,,
20260925T083500Z-native-vm,startup.hello,,baseline,cli,rust,,True,7,30,1.3644380000000003,,,,,
20260925T083500Z-native-vm,startup.hello,,baseline,cli,rust,,True,7,31,1.6579540000000001,,,,,
20260925T083500Z-native-vm,startup.hello,,baseline,cli,rust,,True,7,32,1.4643610000000002,,,,,
20260925T083500Z-native-vm,startup.hello,,baseline,cli,rust,,True,7,33,1.4279750000000002,,,,,
20260925T083500Z-native-vm,startup.hello,,baseline,cli,rust,,True,7,34,1.613623,,,,,
20260925T083500Z-native-vm,startup.hello,,baseline,cli,rust,,True,7,35,1.577938,,,,,
20260925T083500Z-native-vm,startup.hello,,baseline,cli,rust,,True,7,36,1.5491270000000001,,,,,
20260925T083500Z-native-vm,startup.hello,,baseline,cli,rust,,True,7,37,1.4139130000000002,,,,,
20260925T083500Z-native-vm,startup.hello,,baseline,cli,rust,,True,7,38,1.3726620000000003,,,,,
20260925T083500Z-native-vm,startup.hello,,baseline,cli,rust,,True,7,39,1.4809830000000002,,,,,
20260925T083500Z-native-vm,startup.hello,,baseline,cli,rust,,True,7,40,1.340529,,,,,
20260925T083500Z-native-vm,startup.hello,,baseline,cli,rust,,True,7,41,1.345284,,,,,
20260925T083500Z-native-vm,startup.hello,,baseline,cli,rust,,True,7,42,1.5044570000000002,,,,,
20260925T083500Z-native-vm,startup.hello,,baseline,cli,rust,,True,7,43,1.371664,,,,,
20260925T083500Z-native-vm,startup.hello,,baseline,cli,rust,,True,7,44,1.390924,,,,,
20260925T083500Z-native-vm,startup.hello,,baseline,cli,rust,,True,7,45,1.5141250000000002,,,,,
20260925T083500Z-native-vm,startup.hello,,baseline,cli,rust,,True,7,46,1.460012,,,,,
20260925T083500Z-native-vm,startup.hello,,baseline,cli,rust,,True,7,47,1.511621,,,,,
20260925T083500Z-native-vm,startup.hello,,baseline,cli,rust,,True,7,48,1.418773,,,,,
20260925T083500Z-native-vm,startup.hello,,baseline,cli,rust,,True,7,49,1.752164,,,,,
20260925T083500Z-native-vm,startup.hello,,baseline,cli,rust,,True,7,50,1.842367,,,,,
20260925T083500Z-native-vm,startup.hello,,baseline,cli,rust,,True,7,51,1.4802490000000001,,,,,
20260925T083500Z-native-vm,startup.hello,,baseline,cli,rust,,True,7,52,1.618466,,,,,
20260925T083500Z-native-vm,startup.hello,,baseline,cli,rust,,True,7,53,1.636597,,,,,
20260925T083500Z-native-vm,startup.hello,,baseline,cli,rust,,True,7,54,1.6423130000000001,,,,,
20260925T083500Z-native-vm,startup.hello,,baseline,cli,rust,,True,7,55,1.457498,,,,,
20260925T083500Z-native-vm,startup.hello,,baseline,cli,rust,,True,7,56,1.4371340000000001,,,,,
20260925T083500Z-native-vm,startup.hello,,baseline,cli,rust,,True,7,57,1.4577160000000002,,,,,
20260925T083500Z-native-vm,startup.hello,,baseline,cli,rust,,True,7,58,1.447515,,,,,
20260925T083500Z-native-vm,startup.hello,,baseline,cli,rust,,True,7,59,1.568713,,,,,
20260925T083500Z-native-vm,startup.hello,,baseline,cli,rust,,True,7,60,2.43712,,,,,
20260925T083500Z-native-vm,startup.hello,,baseline,cli,rust,,True,7,61,2.712996,,,,,
20260925T083500Z-native-vm,startup.hello,,baseline,cli,rust,,True,7,62,1.824087,,,,,
20260925T083500Z-native-vm,startup.hello,,baseline,cli,rust,,True,7,63,2.282982,,,,,
20260925T083500Z-native-vm,startup.hello,,baseline,cli,rust,,True,7,64,1.770429,,,,,
20260925T083500Z-native-vm,startup.hello,,baseline,cli,rust,,True,7,65,1.7397570000000002,,,,,
20260925T083500Z-native-vm,startup.hello,,baseline,cli,rust,,True,7,66,1.490207,,,,,
20260925T083500Z-native-vm,startup.hello,,baseline,cli,rust,,True,7,67,1.591557,,,,,
20260925T083500Z-native-vm,startup.hello,,baseline,cli,rust,,True,7,68,1.538052,,,,,
20260925T083500Z-native-vm,startup.hello,,baseline,cli,rust,,True,7,69,1.4421940000000002,,,,,
20260925T083500Z-native-vm,startup.hello,,baseline,cli,rust,,True,7,70,1.579784,,,,,
20260925T083500Z-native-vm,startup.hello,,baseline,cli,rust,,True,7,71,1.346549,,,,,
20260925T083500Z-native-vm,startup.hello,,baseline,cli,rust,,True,7,72,1.361683,,,,,
20260925T083500Z-native-vm,startup.hello,,baseline,cli,rust,,True,7,73,1.427193,,,,,
20260925T083500Z-native-vm,startup.hello,,baseline,cli,rust,,True,7,74,1.3665390000000002,,,,,
20260925T083500Z-native-vm,startup.hello,,baseline,cli,rust,,True,7,75,1.5021360000000001,,,,,
20260925T083500Z-native-vm,startup.hello,,baseline,cli,rust,,True,7,76,1.461853,,,,,
20260925T083500Z-native-vm,startup.hello,,baseline,cli,rust,,True,7,77,3.17384,,,,,
20260925T083500Z-native-vm,startup.hello,,baseline,cli,rust,,True,7,78,1.505449,,,,,
20260925T083500Z-native-vm,startup.hello,,baseline,cli,rust,,True,7,79,1.8299480000000001,,,,,
20260925T083500Z-native-vm,startup.hello,,baseline,cli,rust,,True,7,80,1.5951520000000001,,,,,
20260925T083500Z-native-vm,startup.hello,,baseline,cli,rust,,True,7,81,1.428336,,,,,
20260925T083500Z-native-vm,startup.hello,,baseline,cli,rust,,True,7,82,1.440342,,,,,
20260925T083500Z-native-vm,startup.hello,,baseline,cli,rust,,True,7,83,1.405504,,,,,
20260925T083500Z-native-vm,startup.hello,,baseline,cli,rust,,True,7,84,1.4376440000000001,,,,,
20260925T083500Z-native-vm,startup.hello,,baseline,cli,rust,,True,7,85,1.5368330000000001,,,,,
20260925T083500Z-native-vm,startup.hello,,baseline,cli,rust,,True,7,86,1.404499,,,,,
20260925T083500Z-native-vm,startup.hello,,baseline,cli,rust,,True,7,87,1.543183,,,,,
20260925T083500Z-native-vm,startup.hello,,baseline,cli,rust,,True,7,88,1.4434010000000002,,,,,
20260925T083500Z-native-vm,startup.hello,,baseline,cli,rust,,True,7,89,1.3941670000000002,,,,,
20260925T083500Z-native-vm,startup.hello,,baseline,cli,rust,,True,7,90,1.5085810000000002,,,,,
20260925T083500Z-native-vm,startup.hello,,baseline,cli,rust,,True,7,91,1.4713250000000002,,,,,
20260925T083500Z-native-vm,startup.hello,,baseline,cli,rust,,True,7,92,1.5231070000000002,,,,,
20260925T083500Z-native-vm,startup.hello,,baseline,cli,rust,,True,7,93,1.5447920000000002,,,,,
20260925T083500Z-native-vm,startup.hello,,baseline,cli,rust,,True,7,94,1.492491,,,,,
20260925T083500Z-native-vm,startup.hello,,baseline,cli,rust,,True,7,95,1.466548,,,,,
20260925T083500Z-native-vm,startup.hello,,baseline,cli,rust,,True,7,96,1.533981,,,,,
20260925T083500Z-native-vm,startup.hello,,baseline,cli,rust,,True,7,97,1.3958610000000002,,,,,
20260925T083500Z-native-vm,startup.hello,,baseline,cli,rust,,True,7,98,1.433344,,,,,
20260925T083500Z-native-vm,startup.hello,,baseline,cli,rust,,True,7,99,1.4391710000000002,,,,,
20260925T083500Z-native-vm,startup.hello,,baseline,cli,rust,,True,8,0,1.3623790000000002,,,,,
20260925T083500Z-native-vm,startup.hello,,baseline,cli,rust,,True,8,1,1.3614320000000002,,,,,
20260925T083500Z-native-vm,startup.hello,,baseline,cli,rust,,True,8,2,1.43408,,,,,
20260925T083500Z-native-vm,startup.hello,,baseline,cli,rust,,True,8,3,1.3634160000000002,,,,,
20260925T083500Z-native-vm,startup.hello,,baseline,cli,rust,,True,8,4,1.5994730000000001,,,,,
20260925T083500Z-native-vm,startup.hello,,baseline,cli,rust,,True,8,5,1.4741630000000001,,,,,
20260925T083500Z-native-vm,startup.hello,,baseline,cli,rust,,True,8,6,1.477128,,,,,
20260925T083500Z-native-vm,startup.hello,,baseline,cli,rust,,True,8,7,1.353739,,,,,
20260925T083500Z-native-vm,startup.hello,,baseline,cli,rust,,True,8,8,1.418971,,,,,
20260925T083500Z-native-vm,startup.hello,,baseline,cli,rust,,True,8,9,1.571916,,,,,
20260925T083500Z-native-vm,startup.hello,,baseline,cli,rust,,True,8,10,1.316921,,,,,
20260925T083500Z-native-vm,startup.hello,,baseline,cli,rust,,True,8,11,1.3899240000000002,,,,,
20260925T083500Z-native-vm,startup.hello,,baseline,cli,rust,,True,8,12,1.393799,,,,,
20260925T083500Z-native-vm,startup.hello,,baseline,cli,rust,,True,8,13,1.329706,,,,,
20260925T083500Z-native-vm,startup.hello,,baseline,cli,rust,,True,8,14,1.3696650000000001,,,,,
20260925T083500Z-native-vm,startup.hello,,baseline,cli,rust,,True,8,15,1.764091,,,,,
20260925T083500Z-native-vm,startup.hello,,baseline,cli,rust,,True,8,16,1.362017,,,,,
20260925T083500Z-native-vm,startup.hello,,baseline,cli,rust,,True,8,17,1.4114090000000001,,,,,
20260925T083500Z-native-vm,startup.hello,,baseline,cli,rust,,True,8,18,1.519788,,,,,
20260925T083500Z-native-vm,startup.hello,,baseline,cli,rust,,True,8,19,1.3789630000000002,,,,,
20260925T083500Z-native-vm,startup.hello,,baseline,cli,rust,,True,8,20,1.5385510000000002,,,,,
20260925T083500Z-native-vm,startup.hello,,baseline,cli,rust,,True,8,21,1.358613,,,,,
20260925T083500Z-native-vm,startup.hello,,baseline,cli,rust,,True,8,22,1.431432,,,,,
20260925T083500Z-native-vm,startup.hello,,baseline,cli,rust,,True,8,23,1.4059200000000003,,,,,
20260925T083500Z-native-vm,startup.hello,,baseline,cli,rust,,True,8,24,1.330799,,,,,
20260925T083500Z-native-vm,startup.hello,,baseline,cli,rust,,True,8,25,1.449573,,,,,
20260925T083500Z-native-vm,startup.hello,,baseline,cli,rust,,True,8,26,1.4576060000000002,,,,,
20260925T083500Z-native-vm,startup.hello,,baseline,cli,rust,,True,8,27,1.3397540000000001,,,,,
20260925T083500Z-native-vm,startup.hello,,baseline,cli,rust,,True,8,28,1.664136,,,,,
20260925T083500Z-native-vm,startup.hello,,baseline,cli,rust,,True,8,29,1.551379,,,,,
20260925T083500Z-native-vm,startup.hello,,baseline,cli,rust,,True,8,30,1.3531790000000001,,,,,
20260925T083500Z-native-vm,startup.hello,,baseline,cli,rust,,True,8,31,1.478453,,,,,
20260925T083500Z-native-vm,startup.hello,,baseline,cli,rust,,True,8,32,1.34428,,,,,
20260925T083500Z-native-vm,startup.hello,,baseline,cli,rust,,True,8,33,1.3281910000000001,,,,,
20260925T083500Z-native-vm,startup.hello,,baseline,cli,rust,,True,8,34,1.4146180000000002,,,,,
20260925T083500Z-native-vm,startup.hello,,baseline,cli,rust,,True,8,35,1.322807,,,,,
20260925T083500Z-native-vm,startup.hello,,baseline,cli,rust,,True,8,36,1.3507710000000002,,,,,
20260925T083500Z-native-vm,startup.hello,,baseline,cli,rust,,True,8,37,1.55923,,,,,
20260925T083500Z-native-vm,startup.hello,,baseline,cli,rust,,True,8,38,1.3246410000000002,,,,,
20260925T083500Z-native-vm,startup.hello,,baseline,cli,rust,,True,8,39,1.3653359999999999,,,,,
20260925T083500Z-native-vm,startup.hello,,baseline,cli,rust,,True,8,40,1.3600240000000001,,,,,
20260925T083500Z-native-vm,startup.hello,,baseline,cli,rust,,True,8,41,1.406876,,,,,
20260925T083500Z-native-vm,startup.hello,,baseline,cli,rust,,True,8,42,1.3937950000000001,,,,,
20260925T083500Z-native-vm,startup.hello,,baseline,cli,rust,,True,8,43,1.3843310000000002,,,,,
20260925T083500Z-native-vm,startup.hello,,baseline,cli,rust,,True,8,44,1.358154,,,,,
20260925T083500Z-native-vm,startup.hello,,baseline,cli,rust,,True,8,45,1.3803440000000002,,,,,
20260925T083500Z-native-vm,startup.hello,,baseline,cli,rust,,True,8,46,1.3865290000000001,,,,,
20260925T083500Z-native-vm,startup.hello,,baseline,cli,rust,,True,8,47,1.348171,,,,,
20260925T083500Z-native-vm,startup.hello,,baseline,cli,rust,,True,8,48,1.420267,,,,,
20260925T083500Z-native-vm,startup.hello,,baseline,cli,rust,,True,8,49,1.343617,,,,,
20260925T083500Z-native-vm,startup.hello,,baseline,cli,rust,,True,8,50,1.367941,,,,,
20260925T083500Z-native-vm,startup.hello,,baseline,cli,rust,,True,8,51,1.4079920000000001,,,,,
20260925T083500Z-native-vm,startup.hello,,baseline,cli,rust,,True,8,52,1.385767,,,,,
20260925T083500Z-native-vm,startup.hello,,baseline,cli,rust,,True,8,53,1.3264140000000002,,,,,
20260925T083500Z-native-vm,startup.hello,,baseline,cli,rust,,True,8,54,1.5429300000000001,,,,,
20260925T083500Z-native-vm,startup.hello,,baseline,cli,rust,,True,8,55,1.3293530000000002,,,,,
20260925T083500Z-native-vm,startup.hello,,baseline,cli,rust,,True,8,56,1.3440610000000002,,,,,
20260925T083500Z-native-vm,startup.hello,,baseline,cli,rust,,True,8,57,1.392586,,,,,
20260925T083500Z-native-vm,startup.hello,,baseline,cli,rust,,True,8,58,1.3207220000000002,,,,,
20260925T083500Z-native-vm,startup.hello,,baseline,cli,rust,,True,8,59,1.341299,,,,,
20260925T083500Z-native-vm,startup.hello,,baseline,cli,rust,,True,8,60,1.4504560000000002,,,,,
20260925T083500Z-native-vm,startup.hello,,baseline,cli,rust,,True,8,61,1.3643100000000001,,,,,
20260925T083500Z-native-vm,startup.hello,,baseline,cli,rust,,True,8,62,1.353263,,,,,
20260925T083500Z-native-vm,startup.hello,,baseline,cli,rust,,True,8,63,1.39392,,,,,
20260925T083500Z-native-vm,startup.hello,,baseline,cli,rust,,True,8,64,1.350918,,,,,
20260925T083500Z-native-vm,startup.hello,,baseline,cli,rust,,True,8,65,1.347062,,,,,
20260925T083500Z-native-vm,startup.hello,,baseline,cli,rust,,True,8,66,1.3586700000000003,,,,,
20260925T083500Z-native-vm,startup.hello,,baseline,cli,rust,,True,8,67,1.3739350000000001,,,,,
20260925T083500Z-native-vm,startup.hello,,baseline,cli,rust,,True,8,68,1.379094,,,,,
20260925T083500Z-native-vm,startup.hello,,baseline,cli,rust,,True,8,69,1.35413,,,,,
20260925T083500Z-native-vm,startup.hello,,baseline,cli,rust,,True,8,70,2.12844,,,,,
20260925T083500Z-native-vm,startup.hello,,baseline,cli,rust,,True,8,71,1.83146,,,,,
20260925T083500Z-native-vm,startup.hello,,baseline,cli,rust,,True,8,72,1.483844,,,,,
20260925T083500Z-native-vm,startup.hello,,baseline,cli,rust,,True,8,73,1.4268480000000001,,,,,
20260925T083500Z-native-vm,startup.hello,,baseline,cli,rust,,True,8,74,1.4779390000000001,,,,,
20260925T083500Z-native-vm,startup.hello,,baseline,cli,rust,,True,8,75,1.7383670000000002,,,,,
20260925T083500Z-native-vm,startup.hello,,baseline,cli,rust,,True,8,76,1.7628700000000002,,,,,
20260925T083500Z-native-vm,startup.hello,,baseline,cli,rust,,True,8,77,1.7200600000000001,,,,,
20260925T083500Z-native-vm,startup.hello,,baseline,cli,rust,,True,8,78,1.7841740000000001,,,,,
20260925T083500Z-native-vm,startup.hello,,baseline,cli,rust,,True,8,79,1.7241700000000002,,,,,
20260925T083500Z-native-vm,startup.hello,,baseline,cli,rust,,True,8,80,1.937502,,,,,
20260925T083500Z-native-vm,startup.hello,,baseline,cli,rust,,True,8,81,1.681322,,,,,
20260925T083500Z-native-vm,startup.hello,,baseline,cli,rust,,True,8,82,1.8426660000000001,,,,,
20260925T083500Z-native-vm,startup.hello,,baseline,cli,rust,,True,8,83,1.718447,,,,,
20260925T083500Z-native-vm,startup.hello,,baseline,cli,rust,,True,8,84,1.770609,,,,,
20260925T083500Z-native-vm,startup.hello,,baseline,cli,rust,,True,8,85,1.868887,,,,,
20260925T083500Z-native-vm,startup.hello,,baseline,cli,rust,,True,8,86,1.350443,,,,,
20260925T083500Z-native-vm,startup.hello,,baseline,cli,rust,,True,8,87,1.5369160000000002,,,,,
20260925T083500Z-native-vm,startup.hello,,baseline,cli,rust,,True,8,88,1.334365,,,,,
20260925T083500Z-native-vm,startup.hello,,baseline,cli,rust,,True,8,89,1.3226030000000002,,,,,
20260925T083500Z-native-vm,startup.hello,,baseline,cli,rust,,True,8,90,1.393285,,,,,
20260925T083500Z-native-vm,startup.hello,,baseline,cli,rust,,True,8,91,1.316691,,,,,
20260925T083500Z-native-vm,startup.hello,,baseline,cli,rust,,True,8,92,1.3190870000000001,,,,,
20260925T083500Z-native-vm,startup.hello,,baseline,cli,rust,,True,8,93,1.3737860000000002,,,,,
20260925T083500Z-native-vm,startup.hello,,baseline,cli,rust,,True,8,94,1.2999180000000001,,,,,
20260925T083500Z-native-vm,startup.hello,,baseline,cli,rust,,True,8,95,1.4238380000000002,,,,,
20260925T083500Z-native-vm,startup.hello,,baseline,cli,rust,,True,8,96,1.453275,,,,,
20260925T083500Z-native-vm,startup.hello,,baseline,cli,rust,,True,8,97,1.338126,,,,,
20260925T083500Z-native-vm,startup.hello,,baseline,cli,rust,,True,8,98,8.282278,,,,,
20260925T083500Z-native-vm,startup.hello,,baseline,cli,rust,,True,8,99,1.692431,,,,,
20260925T083500Z-native-vm,startup.hello,,baseline,cli,rust,,True,9,0,1.551778,,,,,
20260925T083500Z-native-vm,startup.hello,,baseline,cli,rust,,True,9,1,1.7074340000000001,,,,,
20260925T083500Z-native-vm,startup.hello,,baseline,cli,rust,,True,9,2,1.329815,,,,,
20260925T083500Z-native-vm,startup.hello,,baseline,cli,rust,,True,9,3,1.3566470000000002,,,,,
20260925T083500Z-native-vm,startup.hello,,baseline,cli,rust,,True,9,4,1.4903770000000003,,,,,
20260925T083500Z-native-vm,startup.hello,,baseline,cli,rust,,True,9,5,1.472363,,,,,
20260925T083500Z-native-vm,startup.hello,,baseline,cli,rust,,True,9,6,1.8183500000000001,,,,,
20260925T083500Z-native-vm,startup.hello,,baseline,cli,rust,,True,9,7,1.6031890000000002,,,,,
20260925T083500Z-native-vm,startup.hello,,baseline,cli,rust,,True,9,8,2.31117,,,,,
20260925T083500Z-native-vm,startup.hello,,baseline,cli,rust,,True,9,9,2.781987,,,,,
20260925T083500Z-native-vm,startup.hello,,baseline,cli,rust,,True,9,10,2.0651180000000005,,,,,
20260925T083500Z-native-vm,startup.hello,,baseline,cli,rust,,True,9,11,1.320532,,,,,
20260925T083500Z-native-vm,startup.hello,,baseline,cli,rust,,True,9,12,1.4881440000000001,,,,,
20260925T083500Z-native-vm,startup.hello,,baseline,cli,rust,,True,9,13,1.3887110000000003,,,,,
20260925T083500Z-native-vm,startup.hello,,baseline,cli,rust,,True,9,14,1.4218920000000002,,,,,
20260925T083500Z-native-vm,startup.hello,,baseline,cli,rust,,True,9,15,1.4646400000000002,,,,,
20260925T083500Z-native-vm,startup.hello,,baseline,cli,rust,,True,9,16,1.7298850000000001,,,,,
20260925T083500Z-native-vm,startup.hello,,baseline,cli,rust,,True,9,17,1.336476,,,,,
20260925T083500Z-native-vm,startup.hello,,baseline,cli,rust,,True,9,18,1.398667,,,,,
20260925T083500Z-native-vm,startup.hello,,baseline,cli,rust,,True,9,19,1.3092270000000001,,,,,
20260925T083500Z-native-vm,startup.hello,,baseline,cli,rust,,True,9,20,1.326158,,,,,
20260925T083500Z-native-vm,startup.hello,,baseline,cli,rust,,True,9,21,1.5189400000000002,,,,,
20260925T083500Z-native-vm,startup.hello,,baseline,cli,rust,,True,9,22,1.3062220000000002,,,,,
20260925T083500Z-native-vm,startup.hello,,baseline,cli,rust,,True,9,23,1.784958,,,,,
20260925T083500Z-native-vm,startup.hello,,baseline,cli,rust,,True,9,24,1.6234300000000002,,,,,
20260925T083500Z-native-vm,startup.hello,,baseline,cli,rust,,True,9,25,1.388578,,,,,
20260925T083500Z-native-vm,startup.hello,,baseline,cli,rust,,True,9,26,1.5403060000000002,,,,,
20260925T083500Z-native-vm,startup.hello,,baseline,cli,rust,,True,9,27,1.327563,,,,,
20260925T083500Z-native-vm,startup.hello,,baseline,cli,rust,,True,9,28,1.301533,,,,,
20260925T083500Z-native-vm,startup.hello,,baseline,cli,rust,,True,9,29,1.384376,,,,,
20260925T083500Z-native-vm,startup.hello,,baseline,cli,rust,,True,9,30,1.367149,,,,,
20260925T083500Z-native-vm,startup.hello,,baseline,cli,rust,,True,9,31,1.3098480000000001,,,,,
20260925T083500Z-native-vm,startup.hello,,baseline,cli,rust,,True,9,32,1.4367820000000002,,,,,
20260925T083500Z-native-vm,startup.hello,,baseline,cli,rust,,True,9,33,1.2823790000000002,,,,,
20260925T083500Z-native-vm,startup.hello,,baseline,cli,rust,,True,9,34,1.312499,,,,,
20260925T083500Z-native-vm,startup.hello,,baseline,cli,rust,,True,9,35,3.2541230000000003,,,,,
20260925T083500Z-native-vm,startup.hello,,baseline,cli,rust,,True,9,36,1.6873900000000002,,,,,
20260925T083500Z-native-vm,startup.hello,,baseline,cli,rust,,True,9,37,1.3442830000000001,,,,,
20260925T083500Z-native-vm,startup.hello,,baseline,cli,rust,,True,9,38,1.315074,,,,,
20260925T083500Z-native-vm,startup.hello,,baseline,cli,rust,,True,9,39,1.5111240000000001,,,,,
20260925T083500Z-native-vm,startup.hello,,baseline,cli,rust,,True,9,40,1.4623780000000002,,,,,
20260925T083500Z-native-vm,startup.hello,,baseline,cli,rust,,True,9,41,1.344281,,,,,
20260925T083500Z-native-vm,startup.hello,,baseline,cli,rust,,True,9,42,1.469646,,,,,
20260925T083500Z-native-vm,startup.hello,,baseline,cli,rust,,True,9,43,1.319111,,,,,
20260925T083500Z-native-vm,startup.hello,,baseline,cli,rust,,True,9,44,1.446398,,,,,
20260925T083500Z-native-vm,startup.hello,,baseline,cli,rust,,True,9,45,1.4686620000000001,,,,,
20260925T083500Z-native-vm,startup.hello,,baseline,cli,rust,,True,9,46,1.6100580000000002,,,,,
20260925T083500Z-native-vm,startup.hello,,baseline,cli,rust,,True,9,47,1.4738190000000002,,,,,
20260925T083500Z-native-vm,startup.hello,,baseline,cli,rust,,True,9,48,1.5034010000000002,,,,,
20260925T083500Z-native-vm,startup.hello,,baseline,cli,rust,,True,9,49,1.3728520000000002,,,,,
20260925T083500Z-native-vm,startup.hello,,baseline,cli,rust,,True,9,50,1.387313,,,,,
20260925T083500Z-native-vm,startup.hello,,baseline,cli,rust,,True,9,51,1.3207820000000001,,,,,
20260925T083500Z-native-vm,startup.hello,,baseline,cli,rust,,True,9,52,1.2915370000000002,,,,,
20260925T083500Z-native-vm,startup.hello,,baseline,cli,rust,,True,9,53,1.384138,,,,,
20260925T083500Z-native-vm,startup.hello,,baseline,cli,rust,,True,9,54,1.385591,,,,,
20260925T083500Z-native-vm,startup.hello,,baseline,cli,rust,,True,9,55,1.3399260000000002,,,,,
20260925T083500Z-native-vm,startup.hello,,baseline,cli,rust,,True,9,56,1.546553,,,,,
20260925T083500Z-native-vm,startup.hello,,baseline,cli,rust,,True,9,57,1.304492,,,,,
20260925T083500Z-native-vm,startup.hello,,baseline,cli,rust,,True,9,58,1.350946,,,,,
20260925T083500Z-native-vm,startup.hello,,baseline,cli,rust,,True,9,59,1.358683,,,,,
20260925T083500Z-native-vm,startup.hello,,baseline,cli,rust,,True,9,60,1.290871,,,,,
20260925T083500Z-native-vm,startup.hello,,baseline,cli,rust,,True,9,61,1.336846,,,,,
20260925T083500Z-native-vm,startup.hello,,baseline,cli,rust,,True,9,62,1.3827870000000002,,,,,
20260925T083500Z-native-vm,startup.hello,,baseline,cli,rust,,True,9,63,1.303263,,,,,
20260925T083500Z-native-vm,startup.hello,,baseline,cli,rust,,True,9,64,1.602001,,,,,
20260925T083500Z-native-vm,startup.hello,,baseline,cli,rust,,True,9,65,1.344454,,,,,
20260925T083500Z-native-vm,startup.hello,,baseline,cli,rust,,True,9,66,1.322116,,,,,
20260925T083500Z-native-vm,startup.hello,,baseline,cli,rust,,True,9,67,1.307458,,,,,
20260925T083500Z-native-vm,startup.hello,,baseline,cli,rust,,True,9,68,1.484536,,,,,
20260925T083500Z-native-vm,startup.hello,,baseline,cli,rust,,True,9,69,1.5222620000000002,,,,,
20260925T083500Z-native-vm,startup.hello,,baseline,cli,rust,,True,9,70,1.3809690000000001,,,,,
20260925T083500Z-native-vm,startup.hello,,baseline,cli,rust,,True,9,71,1.49306,,,,,
20260925T083500Z-native-vm,startup.hello,,baseline,cli,rust,,True,9,72,1.3312490000000001,,,,,
20260925T083500Z-native-vm,startup.hello,,baseline,cli,rust,,True,9,73,1.513128,,,,,
20260925T083500Z-native-vm,startup.hello,,baseline,cli,rust,,True,9,74,1.312963,,,,,
20260925T083500Z-native-vm,startup.hello,,baseline,cli,rust,,True,9,75,1.31171,,,,,
20260925T083500Z-native-vm,startup.hello,,baseline,cli,rust,,True,9,76,1.385746,,,,,
20260925T083500Z-native-vm,startup.hello,,baseline,cli,rust,,True,9,77,1.379456,,,,,
20260925T083500Z-native-vm,startup.hello,,baseline,cli,rust,,True,9,78,1.523171,,,,,
20260925T083500Z-native-vm,startup.hello,,baseline,cli,rust,,True,9,79,1.400105,,,,,
20260925T083500Z-native-vm,startup.hello,,baseline,cli,rust,,True,9,80,1.292891,,,,,
20260925T083500Z-native-vm,startup.hello,,baseline,cli,rust,,True,9,81,1.305082,,,,,
20260925T083500Z-native-vm,startup.hello,,baseline,cli,rust,,True,9,82,1.514647,,,,,
20260925T083500Z-native-vm,startup.hello,,baseline,cli,rust,,True,9,83,1.3369570000000002,,,,,
20260925T083500Z-native-vm,startup.hello,,baseline,cli,rust,,True,9,84,1.3094130000000002,,,,,
20260925T083500Z-native-vm,startup.hello,,baseline,cli,rust,,True,9,85,1.475004,,,,,
20260925T083500Z-native-vm,startup.hello,,baseline,cli,rust,,True,9,86,1.356392,,,,,
20260925T083500Z-native-vm,startup.hello,,baseline,cli,rust,,True,9,87,1.4269770000000002,,,,,
20260925T083500Z-native-vm,startup.hello,,baseline,cli,rust,,True,9,88,1.332836,,,,,
20260925T083500Z-native-vm,startup.hello,,baseline,cli,rust,,True,9,89,1.346203,,,,,
20260925T083500Z-native-vm,startup.hello,,baseline,cli,rust,,True,9,90,1.480436,,,,,
20260925T083500Z-native-vm,startup.hello,,baseline,cli,rust,,True,9,91,1.326233,,,,,
20260925T083500Z-native-vm,startup.hello,,baseline,cli,rust,,True,9,92,1.5011480000000001,,,,,
20260925T083500Z-native-vm,startup.hello,,baseline,cli,rust,,True,9,93,1.467025,,,,,
20260925T083500Z-native-vm,startup.hello,,baseline,cli,rust,,True,9,94,1.3129880000000003,,,,,
20260925T083500Z-native-vm,startup.hello,,baseline,cli,rust,,True,9,95,1.406427,,,,,
20260925T083500Z-native-vm,startup.hello,,baseline,cli,rust,,True,9,96,1.5893160000000002,,,,,
20260925T083500Z-native-vm,startup.hello,,baseline,cli,rust,,True,9,97,1.3310490000000001,,,,,
20260925T083500Z-native-vm,startup.hello,,baseline,cli,rust,,True,9,98,1.342188,,,,,
20260925T083500Z-native-vm,startup.hello,,baseline,cli,rust,,True,9,99,1.343828,,,,,
20260925T083500Z-native-vm,startup.hello-static,startup.hello,tuned,cli,go,,True,0,0,1.345676,,,,,
20260925T083500Z-native-vm,startup.hello-static,startup.hello,tuned,cli,go,,True,0,1,0.938339,,,,,
20260925T083500Z-native-vm,startup.hello-static,startup.hello,tuned,cli,go,,True,0,2,0.891003,,,,,
20260925T083500Z-native-vm,startup.hello-static,startup.hello,tuned,cli,go,,True,0,3,0.894333,,,,,
20260925T083500Z-native-vm,startup.hello-static,startup.hello,tuned,cli,go,,True,0,4,1.101865,,,,,
20260925T083500Z-native-vm,startup.hello-static,startup.hello,tuned,cli,go,,True,0,5,0.9245450000000001,,,,,
20260925T083500Z-native-vm,startup.hello-static,startup.hello,tuned,cli,go,,True,0,6,0.8935230000000001,,,,,
20260925T083500Z-native-vm,startup.hello-static,startup.hello,tuned,cli,go,,True,0,7,0.985095,,,,,
20260925T083500Z-native-vm,startup.hello-static,startup.hello,tuned,cli,go,,True,0,8,0.936465,,,,,
20260925T083500Z-native-vm,startup.hello-static,startup.hello,tuned,cli,go,,True,0,9,0.879524,,,,,
20260925T083500Z-native-vm,startup.hello-static,startup.hello,tuned,cli,go,,True,0,10,1.157819,,,,,
20260925T083500Z-native-vm,startup.hello-static,startup.hello,tuned,cli,go,,True,0,11,0.9912390000000001,,,,,
20260925T083500Z-native-vm,startup.hello-static,startup.hello,tuned,cli,go,,True,0,12,1.294376,,,,,
20260925T083500Z-native-vm,startup.hello-static,startup.hello,tuned,cli,go,,True,0,13,0.963794,,,,,
20260925T083500Z-native-vm,startup.hello-static,startup.hello,tuned,cli,go,,True,0,14,0.9728,,,,,
20260925T083500Z-native-vm,startup.hello-static,startup.hello,tuned,cli,go,,True,0,15,1.0034690000000002,,,,,
20260925T083500Z-native-vm,startup.hello-static,startup.hello,tuned,cli,go,,True,0,16,0.883262,,,,,
20260925T083500Z-native-vm,startup.hello-static,startup.hello,tuned,cli,go,,True,0,17,0.928152,,,,,
20260925T083500Z-native-vm,startup.hello-static,startup.hello,tuned,cli,go,,True,0,18,1.128076,,,,,
20260925T083500Z-native-vm,startup.hello-static,startup.hello,tuned,cli,go,,True,0,19,0.9136890000000001,,,,,
20260925T083500Z-native-vm,startup.hello-static,startup.hello,tuned,cli,go,,True,0,20,1.047967,,,,,
20260925T083500Z-native-vm,startup.hello-static,startup.hello,tuned,cli,go,,True,0,21,0.9126650000000001,,,,,
20260925T083500Z-native-vm,startup.hello-static,startup.hello,tuned,cli,go,,True,0,22,0.9454440000000001,,,,,
20260925T083500Z-native-vm,startup.hello-static,startup.hello,tuned,cli,go,,True,0,23,0.9053260000000001,,,,,
20260925T083500Z-native-vm,startup.hello-static,startup.hello,tuned,cli,go,,True,0,24,0.9944580000000002,,,,,
20260925T083500Z-native-vm,startup.hello-static,startup.hello,tuned,cli,go,,True,0,25,0.917149,,,,,
20260925T083500Z-native-vm,startup.hello-static,startup.hello,tuned,cli,go,,True,0,26,0.905512,,,,,
20260925T083500Z-native-vm,startup.hello-static,startup.hello,tuned,cli,go,,True,0,27,1.077128,,,,,
20260925T083500Z-native-vm,startup.hello-static,startup.hello,tuned,cli,go,,True,0,28,1.006434,,,,,
20260925T083500Z-native-vm,startup.hello-static,startup.hello,tuned,cli,go,,True,0,29,1.0759050000000001,,,,,
20260925T083500Z-native-vm,startup.hello-static,startup.hello,tuned,cli,go,,True,0,30,1.04045,,,,,
20260925T083500Z-native-vm,startup.hello-static,startup.hello,tuned,cli,go,,True,0,31,1.186529,,,,,
20260925T083500Z-native-vm,startup.hello-static,startup.hello,tuned,cli,go,,True,0,32,1.0810700000000002,,,,,
20260925T083500Z-native-vm,startup.hello-static,startup.hello,tuned,cli,go,,True,0,33,0.9469400000000001,,,,,
20260925T083500Z-native-vm,startup.hello-static,startup.hello,tuned,cli,go,,True,0,34,0.91585,,,,,
20260925T083500Z-native-vm,startup.hello-static,startup.hello,tuned,cli,go,,True,0,35,0.8977550000000001,,,,,
20260925T083500Z-native-vm,startup.hello-static,startup.hello,tuned,cli,go,,True,0,36,1.135742,,,,,
20260925T083500Z-native-vm,startup.hello-static,startup.hello,tuned,cli,go,,True,0,37,0.9248810000000001,,,,,
20260925T083500Z-native-vm,startup.hello-static,startup.hello,tuned,cli,go,,True,0,38,0.903018,,,,,
20260925T083500Z-native-vm,startup.hello-static,startup.hello,tuned,cli,go,,True,0,39,0.9710770000000001,,,,,
20260925T083500Z-native-vm,startup.hello-static,startup.hello,tuned,cli,go,,True,0,40,0.939982,,,,,
20260925T083500Z-native-vm,startup.hello-static,startup.hello,tuned,cli,go,,True,0,41,0.894984,,,,,
20260925T083500Z-native-vm,startup.hello-static,startup.hello,tuned,cli,go,,True,0,42,0.998194,,,,,
20260925T083500Z-native-vm,startup.hello-static,startup.hello,tuned,cli,go,,True,0,43,1.008363,,,,,
20260925T083500Z-native-vm,startup.hello-static,startup.hello,tuned,cli,go,,True,0,44,1.4928480000000002,,,,,
20260925T083500Z-native-vm,startup.hello-static,startup.hello,tuned,cli,go,,True,0,45,0.929193,,,,,
20260925T083500Z-native-vm,startup.hello-static,startup.hello,tuned,cli,go,,True,0,46,1.081678,,,,,
20260925T083500Z-native-vm,startup.hello-static,startup.hello,tuned,cli,go,,True,0,47,0.9765520000000001,,,,,
20260925T083500Z-native-vm,startup.hello-static,startup.hello,tuned,cli,go,,True,0,48,0.913904,,,,,
20260925T083500Z-native-vm,startup.hello-static,startup.hello,tuned,cli,go,,True,0,49,0.8992570000000001,,,,,
20260925T083500Z-native-vm,startup.hello-static,startup.hello,tuned,cli,go,,True,0,50,0.9018440000000001,,,,,
20260925T083500Z-native-vm,startup.hello-static,startup.hello,tuned,cli,go,,True,0,51,0.9778020000000001,,,,,
20260925T083500Z-native-vm,startup.hello-static,startup.hello,tuned,cli,go,,True,0,52,0.9959680000000001,,,,,
20260925T083500Z-native-vm,startup.hello-static,startup.hello,tuned,cli,go,,True,0,53,0.9884740000000001,,,,,
20260925T083500Z-native-vm,startup.hello-static,startup.hello,tuned,cli,go,,True,0,54,0.9018700000000001,,,,,
20260925T083500Z-native-vm,startup.hello-static,startup.hello,tuned,cli,go,,True,0,55,1.4636740000000001,,,,,
20260925T083500Z-native-vm,startup.hello-static,startup.hello,tuned,cli,go,,True,0,56,0.891977,,,,,
20260925T083500Z-native-vm,startup.hello-static,startup.hello,tuned,cli,go,,True,0,57,0.9222220000000001,,,,,
20260925T083500Z-native-vm,startup.hello-static,startup.hello,tuned,cli,go,,True,0,58,0.9173660000000001,,,,,
20260925T083500Z-native-vm,startup.hello-static,startup.hello,tuned,cli,go,,True,0,59,1.3455050000000002,,,,,
20260925T083500Z-native-vm,startup.hello-static,startup.hello,tuned,cli,go,,True,0,60,0.9139660000000001,,,,,
20260925T083500Z-native-vm,startup.hello-static,startup.hello,tuned,cli,go,,True,0,61,0.8802030000000001,,,,,
20260925T083500Z-native-vm,startup.hello-static,startup.hello,tuned,cli,go,,True,0,62,0.9800190000000002,,,,,
20260925T083500Z-native-vm,startup.hello-static,startup.hello,tuned,cli,go,,True,0,63,1.00641,,,,,
20260925T083500Z-native-vm,startup.hello-static,startup.hello,tuned,cli,go,,True,0,64,1.064208,,,,,
20260925T083500Z-native-vm,startup.hello-static,startup.hello,tuned,cli,go,,True,0,65,1.161866,,,,,
20260925T083500Z-native-vm,startup.hello-static,startup.hello,tuned,cli,go,,True,0,66,0.9567410000000001,,,,,
20260925T083500Z-native-vm,startup.hello-static,startup.hello,tuned,cli,go,,True,0,67,1.029884,,,,,
20260925T083500Z-native-vm,startup.hello-static,startup.hello,tuned,cli,go,,True,0,68,0.9509540000000001,,,,,
20260925T083500Z-native-vm,startup.hello-static,startup.hello,tuned,cli,go,,True,0,69,1.008208,,,,,
20260925T083500Z-native-vm,startup.hello-static,startup.hello,tuned,cli,go,,True,0,70,0.940385,,,,,
20260925T083500Z-native-vm,startup.hello-static,startup.hello,tuned,cli,go,,True,0,71,1.129151,,,,,
20260925T083500Z-native-vm,startup.hello-static,startup.hello,tuned,cli,go,,True,0,72,1.004057,,,,,
20260925T083500Z-native-vm,startup.hello-static,startup.hello,tuned,cli,go,,True,0,73,0.891143,,,,,
20260925T083500Z-native-vm,startup.hello-static,startup.hello,tuned,cli,go,,True,0,74,0.9199470000000001,,,,,
20260925T083500Z-native-vm,startup.hello-static,startup.hello,tuned,cli,go,,True,0,75,1.1896470000000001,,,,,
20260925T083500Z-native-vm,startup.hello-static,startup.hello,tuned,cli,go,,True,0,76,1.0769380000000002,,,,,
20260925T083500Z-native-vm,startup.hello-static,startup.hello,tuned,cli,go,,True,0,77,0.9590960000000001,,,,,
20260925T083500Z-native-vm,startup.hello-static,startup.hello,tuned,cli,go,,True,0,78,1.0734489999999999,,,,,
20260925T083500Z-native-vm,startup.hello-static,startup.hello,tuned,cli,go,,True,0,79,0.9629500000000001,,,,,
20260925T083500Z-native-vm,startup.hello-static,startup.hello,tuned,cli,go,,True,0,80,0.9753430000000001,,,,,
20260925T083500Z-native-vm,startup.hello-static,startup.hello,tuned,cli,go,,True,0,81,0.905745,,,,,
20260925T083500Z-native-vm,startup.hello-static,startup.hello,tuned,cli,go,,True,0,82,0.91452,,,,,
20260925T083500Z-native-vm,startup.hello-static,startup.hello,tuned,cli,go,,True,0,83,1.2364400000000002,,,,,
20260925T083500Z-native-vm,startup.hello-static,startup.hello,tuned,cli,go,,True,0,84,0.882549,,,,,
20260925T083500Z-native-vm,startup.hello-static,startup.hello,tuned,cli,go,,True,0,85,0.9115570000000001,,,,,
20260925T083500Z-native-vm,startup.hello-static,startup.hello,tuned,cli,go,,True,0,86,1.0155210000000001,,,,,
20260925T083500Z-native-vm,startup.hello-static,startup.hello,tuned,cli,go,,True,0,87,0.938172,,,,,
20260925T083500Z-native-vm,startup.hello-static,startup.hello,tuned,cli,go,,True,0,88,0.8881530000000001,,,,,
20260925T083500Z-native-vm,startup.hello-static,startup.hello,tuned,cli,go,,True,0,89,0.8893470000000001,,,,,
20260925T083500Z-native-vm,startup.hello-static,startup.hello,tuned,cli,go,,True,0,90,0.8650450000000001,,,,,
20260925T083500Z-native-vm,startup.hello-static,startup.hello,tuned,cli,go,,True,0,91,1.349482,,,,,
20260925T083500Z-native-vm,startup.hello-static,startup.hello,tuned,cli,go,,True,0,92,0.92584,,,,,
20260925T083500Z-native-vm,startup.hello-static,startup.hello,tuned,cli,go,,True,0,93,1.160363,,,,,
20260925T083500Z-native-vm,startup.hello-static,startup.hello,tuned,cli,go,,True,0,94,1.159076,,,,,
20260925T083500Z-native-vm,startup.hello-static,startup.hello,tuned,cli,go,,True,0,95,0.890626,,,,,
20260925T083500Z-native-vm,startup.hello-static,startup.hello,tuned,cli,go,,True,0,96,0.89326,,,,,
20260925T083500Z-native-vm,startup.hello-static,startup.hello,tuned,cli,go,,True,0,97,0.9640190000000001,,,,,
20260925T083500Z-native-vm,startup.hello-static,startup.hello,tuned,cli,go,,True,0,98,0.9254960000000001,,,,,
20260925T083500Z-native-vm,startup.hello-static,startup.hello,tuned,cli,go,,True,0,99,1.107147,,,,,
20260925T083500Z-native-vm,startup.hello-static,startup.hello,tuned,cli,go,,True,1,0,1.274188,,,,,
20260925T083500Z-native-vm,startup.hello-static,startup.hello,tuned,cli,go,,True,1,1,1.271596,,,,,
20260925T083500Z-native-vm,startup.hello-static,startup.hello,tuned,cli,go,,True,1,2,0.908004,,,,,
20260925T083500Z-native-vm,startup.hello-static,startup.hello,tuned,cli,go,,True,1,3,1.0626120000000001,,,,,
20260925T083500Z-native-vm,startup.hello-static,startup.hello,tuned,cli,go,,True,1,4,0.902192,,,,,
20260925T083500Z-native-vm,startup.hello-static,startup.hello,tuned,cli,go,,True,1,5,0.9569230000000001,,,,,
20260925T083500Z-native-vm,startup.hello-static,startup.hello,tuned,cli,go,,True,1,6,0.8716280000000001,,,,,
20260925T083500Z-native-vm,startup.hello-static,startup.hello,tuned,cli,go,,True,1,7,1.1149760000000002,,,,,
20260925T083500Z-native-vm,startup.hello-static,startup.hello,tuned,cli,go,,True,1,8,0.9862340000000002,,,,,
20260925T083500Z-native-vm,startup.hello-static,startup.hello,tuned,cli,go,,True,1,9,1.2051000000000003,,,,,
20260925T083500Z-native-vm,startup.hello-static,startup.hello,tuned,cli,go,,True,1,10,0.9217380000000001,,,,,
20260925T083500Z-native-vm,startup.hello-static,startup.hello,tuned,cli,go,,True,1,11,0.8729250000000001,,,,,
20260925T083500Z-native-vm,startup.hello-static,startup.hello,tuned,cli,go,,True,1,12,0.8520610000000001,,,,,
20260925T083500Z-native-vm,startup.hello-static,startup.hello,tuned,cli,go,,True,1,13,0.9832040000000001,,,,,
20260925T083500Z-native-vm,startup.hello-static,startup.hello,tuned,cli,go,,True,1,14,0.9239310000000001,,,,,
20260925T083500Z-native-vm,startup.hello-static,startup.hello,tuned,cli,go,,True,1,15,0.8806860000000001,,,,,
20260925T083500Z-native-vm,startup.hello-static,startup.hello,tuned,cli,go,,True,1,16,0.880923,,,,,
20260925T083500Z-native-vm,startup.hello-static,startup.hello,tuned,cli,go,,True,1,17,1.1138540000000001,,,,,
20260925T083500Z-native-vm,startup.hello-static,startup.hello,tuned,cli,go,,True,1,18,0.9507270000000001,,,,,
20260925T083500Z-native-vm,startup.hello-static,startup.hello,tuned,cli,go,,True,1,19,0.8922400000000001,,,,,
20260925T083500Z-native-vm,startup.hello-static,startup.hello,tuned,cli,go,,True,1,20,0.869628,,,,,
20260925T083500Z-native-vm,startup.hello-static,startup.hello,tuned,cli,go,,True,1,21,0.8822470000000001,,,,,
20260925T083500Z-native-vm,startup.hello-static,startup.hello,tuned,cli,go,,True,1,22,0.928092,,,,,
20260925T083500Z-native-vm,startup.hello-static,startup.hello,tuned,cli,go,,True,1,23,0.9071000000000001,,,,,
20260925T083500Z-native-vm,startup.hello-static,startup.hello,tuned,cli,go,,True,1,24,0.910451,,,,,
20260925T083500Z-native-vm,startup.hello-static,startup.hello,tuned,cli,go,,True,1,25,1.055541,,,,,
20260925T083500Z-native-vm,startup.hello-static,startup.hello,tuned,cli,go,,True,1,26,1.1960950000000001,,,,,
20260925T083500Z-native-vm,startup.hello-static,startup.hello,tuned,cli,go,,True,1,27,0.895325,,,,,
20260925T083500Z-native-vm,startup.hello-static,startup.hello,tuned,cli,go,,True,1,28,0.922148,,,,,
20260925T083500Z-native-vm,startup.hello-static,startup.hello,tuned,cli,go,,True,1,29,0.905814,,,,,
20260925T083500Z-native-vm,startup.hello-static,startup.hello,tuned,cli,go,,True,1,30,0.9469360000000001,,,,,
20260925T083500Z-native-vm,startup.hello-static,startup.hello,tuned,cli,go,,True,1,31,0.8982580000000001,,,,,
20260925T083500Z-native-vm,startup.hello-static,startup.hello,tuned,cli,go,,True,1,32,0.8535320000000001,,,,,
20260925T083500Z-native-vm,startup.hello-static,startup.hello,tuned,cli,go,,True,1,33,0.8630000000000001,,,,,
20260925T083500Z-native-vm,startup.hello-static,startup.hello,tuned,cli,go,,True,1,34,0.9058360000000001,,,,,
20260925T083500Z-native-vm,startup.hello-static,startup.hello,tuned,cli,go,,True,1,35,0.967079,,,,,
20260925T083500Z-native-vm,startup.hello-static,startup.hello,tuned,cli,go,,True,1,36,0.882503,,,,,
20260925T083500Z-native-vm,startup.hello-static,startup.hello,tuned,cli,go,,True,1,37,0.906525,,,,,
20260925T083500Z-native-vm,startup.hello-static,startup.hello,tuned,cli,go,,True,1,38,0.896283,,,,,
20260925T083500Z-native-vm,startup.hello-static,startup.hello,tuned,cli,go,,True,1,39,1.1067040000000001,,,,,
20260925T083500Z-native-vm,startup.hello-static,startup.hello,tuned,cli,go,,True,1,40,0.9260920000000001,,,,,
20260925T083500Z-native-vm,startup.hello-static,startup.hello,tuned,cli,go,,True,1,41,0.896505,,,,,
20260925T083500Z-native-vm,startup.hello-static,startup.hello,tuned,cli,go,,True,1,42,0.952949,,,,,
20260925T083500Z-native-vm,startup.hello-static,startup.hello,tuned,cli,go,,True,1,43,1.15383,,,,,
20260925T083500Z-native-vm,startup.hello-static,startup.hello,tuned,cli,go,,True,1,44,0.8910350000000001,,,,,
20260925T083500Z-native-vm,startup.hello-static,startup.hello,tuned,cli,go,,True,1,45,0.8780080000000001,,,,,
20260925T083500Z-native-vm,startup.hello-static,startup.hello,tuned,cli,go,,True,1,46,0.898247,,,,,
20260925T083500Z-native-vm,startup.hello-static,startup.hello,tuned,cli,go,,True,1,47,0.913703,,,,,
20260925T083500Z-native-vm,startup.hello-static,startup.hello,tuned,cli,go,,True,1,48,0.8572850000000001,,,,,
20260925T083500Z-native-vm,startup.hello-static,startup.hello,tuned,cli,go,,True,1,49,0.8935490000000001,,,,,
20260925T083500Z-native-vm,startup.hello-static,startup.hello,tuned,cli,go,,True,1,50,1.335727,,,,,
20260925T083500Z-native-vm,startup.hello-static,startup.hello,tuned,cli,go,,True,1,51,1.1472000000000002,,,,,
20260925T083500Z-native-vm,startup.hello-static,startup.hello,tuned,cli,go,,True,1,52,1.182276,,,,,
20260925T083500Z-native-vm,startup.hello-static,startup.hello,tuned,cli,go,,True,1,53,1.0943460000000003,,,,,
20260925T083500Z-native-vm,startup.hello-static,startup.hello,tuned,cli,go,,True,1,54,0.977358,,,,,
20260925T083500Z-native-vm,startup.hello-static,startup.hello,tuned,cli,go,,True,1,55,0.914683,,,,,
20260925T083500Z-native-vm,startup.hello-static,startup.hello,tuned,cli,go,,True,1,56,0.9310220000000001,,,,,
20260925T083500Z-native-vm,startup.hello-static,startup.hello,tuned,cli,go,,True,1,57,0.90278,,,,,
20260925T083500Z-native-vm,startup.hello-static,startup.hello,tuned,cli,go,,True,1,58,0.8953810000000001,,,,,
20260925T083500Z-native-vm,startup.hello-static,startup.hello,tuned,cli,go,,True,1,59,1.363309,,,,,
20260925T083500Z-native-vm,startup.hello-static,startup.hello,tuned,cli,go,,True,1,60,0.97121,,,,,
20260925T083500Z-native-vm,startup.hello-static,startup.hello,tuned,cli,go,,True,1,61,0.949684,,,,,
20260925T083500Z-native-vm,startup.hello-static,startup.hello,tuned,cli,go,,True,1,62,1.205464,,,,,
20260925T083500Z-native-vm,startup.hello-static,startup.hello,tuned,cli,go,,True,1,63,0.925418,,,,,
20260925T083500Z-native-vm,startup.hello-static,startup.hello,tuned,cli,go,,True,1,64,0.8843420000000001,,,,,
20260925T083500Z-native-vm,startup.hello-static,startup.hello,tuned,cli,go,,True,1,65,0.9143140000000001,,,,,
20260925T083500Z-native-vm,startup.hello-static,startup.hello,tuned,cli,go,,True,1,66,1.185913,,,,,
20260925T083500Z-native-vm,startup.hello-static,startup.hello,tuned,cli,go,,True,1,67,0.96908,,,,,
20260925T083500Z-native-vm,startup.hello-static,startup.hello,tuned,cli,go,,True,1,68,0.9019550000000001,,,,,
20260925T083500Z-native-vm,startup.hello-static,startup.hello,tuned,cli,go,,True,1,69,0.884491,,,,,
20260925T083500Z-native-vm,startup.hello-static,startup.hello,tuned,cli,go,,True,1,70,0.892016,,,,,
20260925T083500Z-native-vm,startup.hello-static,startup.hello,tuned,cli,go,,True,1,71,1.0243870000000002,,,,,
20260925T083500Z-native-vm,startup.hello-static,startup.hello,tuned,cli,go,,True,1,72,0.9948039999999999,,,,,
20260925T083500Z-native-vm,startup.hello-static,startup.hello,tuned,cli,go,,True,1,73,0.9541810000000001,,,,,
20260925T083500Z-native-vm,startup.hello-static,startup.hello,tuned,cli,go,,True,1,74,0.9028730000000001,,,,,
20260925T083500Z-native-vm,startup.hello-static,startup.hello,tuned,cli,go,,True,1,75,1.135203,,,,,
20260925T083500Z-native-vm,startup.hello-static,startup.hello,tuned,cli,go,,True,1,76,0.905306,,,,,
20260925T083500Z-native-vm,startup.hello-static,startup.hello,tuned,cli,go,,True,1,77,0.91432,,,,,
20260925T083500Z-native-vm,startup.hello-static,startup.hello,tuned,cli,go,,True,1,78,0.888912,,,,,
20260925T083500Z-native-vm,startup.hello-static,startup.hello,tuned,cli,go,,True,1,79,0.914058,,,,,
20260925T083500Z-native-vm,startup.hello-static,startup.hello,tuned,cli,go,,True,1,80,0.9060940000000001,,,,,
20260925T083500Z-native-vm,startup.hello-static,startup.hello,tuned,cli,go,,True,1,81,1.095409,,,,,
20260925T083500Z-native-vm,startup.hello-static,startup.hello,tuned,cli,go,,True,1,82,0.9206240000000001,,,,,
20260925T083500Z-native-vm,startup.hello-static,startup.hello,tuned,cli,go,,True,1,83,0.990989,,,,,
20260925T083500Z-native-vm,startup.hello-static,startup.hello,tuned,cli,go,,True,1,84,0.90841,,,,,
20260925T083500Z-native-vm,startup.hello-static,startup.hello,tuned,cli,go,,True,1,85,0.9042270000000001,,,,,
20260925T083500Z-native-vm,startup.hello-static,startup.hello,tuned,cli,go,,True,1,86,0.883947,,,,,
20260925T083500Z-native-vm,startup.hello-static,startup.hello,tuned,cli,go,,True,1,87,1.199283,,,,,
20260925T083500Z-native-vm,startup.hello-static,startup.hello,tuned,cli,go,,True,1,88,0.906807,,,,,
20260925T083500Z-native-vm,startup.hello-static,startup.hello,tuned,cli,go,,True,1,89,0.8786430000000001,,,,,
20260925T083500Z-native-vm,startup.hello-static,startup.hello,tuned,cli,go,,True,1,90,0.8669760000000001,,,,,
20260925T083500Z-native-vm,startup.hello-static,startup.hello,tuned,cli,go,,True,1,91,0.9229290000000001,,,,,
20260925T083500Z-native-vm,startup.hello-static,startup.hello,tuned,cli,go,,True,1,92,0.8863310000000001,,,,,
20260925T083500Z-native-vm,startup.hello-static,startup.hello,tuned,cli,go,,True,1,93,0.887767,,,,,
20260925T083500Z-native-vm,startup.hello-static,startup.hello,tuned,cli,go,,True,1,94,0.887312,,,,,
20260925T083500Z-native-vm,startup.hello-static,startup.hello,tuned,cli,go,,True,1,95,0.8860410000000001,,,,,
20260925T083500Z-native-vm,startup.hello-static,startup.hello,tuned,cli,go,,True,1,96,1.123552,,,,,
20260925T083500Z-native-vm,startup.hello-static,startup.hello,tuned,cli,go,,True,1,97,0.8938980000000001,,,,,
20260925T083500Z-native-vm,startup.hello-static,startup.hello,tuned,cli,go,,True,1,98,0.9437110000000001,,,,,
20260925T083500Z-native-vm,startup.hello-static,startup.hello,tuned,cli,go,,True,1,99,0.8928810000000001,,,,,
20260925T083500Z-native-vm,startup.hello-static,startup.hello,tuned,cli,go,,True,2,0,0.934883,,,,,
20260925T083500Z-native-vm,startup.hello-static,startup.hello,tuned,cli,go,,True,2,1,1.144733,,,,,
20260925T083500Z-native-vm,startup.hello-static,startup.hello,tuned,cli,go,,True,2,2,0.9544830000000001,,,,,
20260925T083500Z-native-vm,startup.hello-static,startup.hello,tuned,cli,go,,True,2,3,0.9509210000000001,,,,,
20260925T083500Z-native-vm,startup.hello-static,startup.hello,tuned,cli,go,,True,2,4,0.9148520000000001,,,,,
20260925T083500Z-native-vm,startup.hello-static,startup.hello,tuned,cli,go,,True,2,5,1.08289,,,,,
20260925T083500Z-native-vm,startup.hello-static,startup.hello,tuned,cli,go,,True,2,6,0.985784,,,,,
20260925T083500Z-native-vm,startup.hello-static,startup.hello,tuned,cli,go,,True,2,7,1.2645240000000002,,,,,
20260925T083500Z-native-vm,startup.hello-static,startup.hello,tuned,cli,go,,True,2,8,1.052612,,,,,
20260925T083500Z-native-vm,startup.hello-static,startup.hello,tuned,cli,go,,True,2,9,0.9259470000000001,,,,,
20260925T083500Z-native-vm,startup.hello-static,startup.hello,tuned,cli,go,,True,2,10,0.9195800000000001,,,,,
20260925T083500Z-native-vm,startup.hello-static,startup.hello,tuned,cli,go,,True,2,11,1.022391,,,,,
20260925T083500Z-native-vm,startup.hello-static,startup.hello,tuned,cli,go,,True,2,12,0.919297,,,,,
20260925T083500Z-native-vm,startup.hello-static,startup.hello,tuned,cli,go,,True,2,13,1.009738,,,,,
20260925T083500Z-native-vm,startup.hello-static,startup.hello,tuned,cli,go,,True,2,14,1.5999720000000002,,,,,
20260925T083500Z-native-vm,startup.hello-static,startup.hello,tuned,cli,go,,True,2,15,1.092397,,,,,
20260925T083500Z-native-vm,startup.hello-static,startup.hello,tuned,cli,go,,True,2,16,0.969731,,,,,
20260925T083500Z-native-vm,startup.hello-static,startup.hello,tuned,cli,go,,True,2,17,0.9178540000000001,,,,,
20260925T083500Z-native-vm,startup.hello-static,startup.hello,tuned,cli,go,,True,2,18,0.9794470000000001,,,,,
20260925T083500Z-native-vm,startup.hello-static,startup.hello,tuned,cli,go,,True,2,19,0.928768,,,,,
20260925T083500Z-native-vm,startup.hello-static,startup.hello,tuned,cli,go,,True,2,20,0.9284660000000001,,,,,
20260925T083500Z-native-vm,startup.hello-static,startup.hello,tuned,cli,go,,True,2,21,0.9406200000000001,,,,,
20260925T083500Z-native-vm,startup.hello-static,startup.hello,tuned,cli,go,,True,2,22,1.252331,,,,,
20260925T083500Z-native-vm,startup.hello-static,startup.hello,tuned,cli,go,,True,2,23,1.051801,,,,,
20260925T083500Z-native-vm,startup.hello-static,startup.hello,tuned,cli,go,,True,2,24,0.907765,,,,,
20260925T083500Z-native-vm,startup.hello-static,startup.hello,tuned,cli,go,,True,2,25,1.189617,,,,,
20260925T083500Z-native-vm,startup.hello-static,startup.hello,tuned,cli,go,,True,2,26,1.1287270000000003,,,,,
20260925T083500Z-native-vm,startup.hello-static,startup.hello,tuned,cli,go,,True,2,27,1.0647220000000002,,,,,
20260925T083500Z-native-vm,startup.hello-static,startup.hello,tuned,cli,go,,True,2,28,1.205737,,,,,
20260925T083500Z-native-vm,startup.hello-static,startup.hello,tuned,cli,go,,True,2,29,1.35583,,,,,
20260925T083500Z-native-vm,startup.hello-static,startup.hello,tuned,cli,go,,True,2,30,0.9740530000000001,,,,,
20260925T083500Z-native-vm,startup.hello-static,startup.hello,tuned,cli,go,,True,2,31,0.9192260000000001,,,,,
20260925T083500Z-native-vm,startup.hello-static,startup.hello,tuned,cli,go,,True,2,32,1.077845,,,,,
20260925T083500Z-native-vm,startup.hello-static,startup.hello,tuned,cli,go,,True,2,33,1.0329100000000002,,,,,
20260925T083500Z-native-vm,startup.hello-static,startup.hello,tuned,cli,go,,True,2,34,1.0031560000000002,,,,,
20260925T083500Z-native-vm,startup.hello-static,startup.hello,tuned,cli,go,,True,2,35,0.922927,,,,,
20260925T083500Z-native-vm,startup.hello-static,startup.hello,tuned,cli,go,,True,2,36,0.8713490000000002,,,,,
20260925T083500Z-native-vm,startup.hello-static,startup.hello,tuned,cli,go,,True,2,37,1.462754,,,,,
20260925T083500Z-native-vm,startup.hello-static,startup.hello,tuned,cli,go,,True,2,38,0.9518940000000001,,,,,
20260925T083500Z-native-vm,startup.hello-static,startup.hello,tuned,cli,go,,True,2,39,0.946045,,,,,
20260925T083500Z-native-vm,startup.hello-static,startup.hello,tuned,cli,go,,True,2,40,0.9054140000000002,,,,,
20260925T083500Z-native-vm,startup.hello-static,startup.hello,tuned,cli,go,,True,2,41,0.975539,,,,,
20260925T083500Z-native-vm,startup.hello-static,startup.hello,tuned,cli,go,,True,2,42,0.9105440000000001,,,,,
20260925T083500Z-native-vm,startup.hello-static,startup.hello,tuned,cli,go,,True,2,43,0.901733,,,,,
20260925T083500Z-native-vm,startup.hello-static,startup.hello,tuned,cli,go,,True,2,44,0.925339,,,,,
20260925T083500Z-native-vm,startup.hello-static,startup.hello,tuned,cli,go,,True,2,45,1.0375240000000001,,,,,
20260925T083500Z-native-vm,startup.hello-static,startup.hello,tuned,cli,go,,True,2,46,0.915506,,,,,
20260925T083500Z-native-vm,startup.hello-static,startup.hello,tuned,cli,go,,True,2,47,0.9554460000000001,,,,,
20260925T083500Z-native-vm,startup.hello-static,startup.hello,tuned,cli,go,,True,2,48,0.9548030000000001,,,,,
20260925T083500Z-native-vm,startup.hello-static,startup.hello,tuned,cli,go,,True,2,49,0.967967,,,,,
20260925T083500Z-native-vm,startup.hello-static,startup.hello,tuned,cli,go,,True,2,50,0.933103,,,,,
20260925T083500Z-native-vm,startup.hello-static,startup.hello,tuned,cli,go,,True,2,51,0.964149,,,,,
20260925T083500Z-native-vm,startup.hello-static,startup.hello,tuned,cli,go,,True,2,52,0.963257,,,,,
20260925T083500Z-native-vm,startup.hello-static,startup.hello,tuned,cli,go,,True,2,53,1.2602550000000001,,,,,
20260925T083500Z-native-vm,startup.hello-static,startup.hello,tuned,cli,go,,True,2,54,1.300143,,,,,
20260925T083500Z-native-vm,startup.hello-static,startup.hello,tuned,cli,go,,True,2,55,1.120768,,,,,
20260925T083500Z-native-vm,startup.hello-static,startup.hello,tuned,cli,go,,True,2,56,0.995596,,,,,
20260925T083500Z-native-vm,startup.hello-static,startup.hello,tuned,cli,go,,True,2,57,1.06553,,,,,
20260925T083500Z-native-vm,startup.hello-static,startup.hello,tuned,cli,go,,True,2,58,0.9822050000000001,,,,,
20260925T083500Z-native-vm,startup.hello-static,startup.hello,tuned,cli,go,,True,2,59,0.9718030000000001,,,,,
20260925T083500Z-native-vm,startup.hello-static,startup.hello,tuned,cli,go,,True,2,60,1.000243,,,,,
20260925T083500Z-native-vm,startup.hello-static,startup.hello,tuned,cli,go,,True,2,61,1.8696840000000001,,,,,
20260925T083500Z-native-vm,startup.hello-static,startup.hello,tuned,cli,go,,True,2,62,1.68384,,,,,
20260925T083500Z-native-vm,startup.hello-static,startup.hello,tuned,cli,go,,True,2,63,1.6332380000000002,,,,,
20260925T083500Z-native-vm,startup.hello-static,startup.hello,tuned,cli,go,,True,2,64,1.6265180000000001,,,,,
20260925T083500Z-native-vm,startup.hello-static,startup.hello,tuned,cli,go,,True,2,65,1.8967810000000003,,,,,
20260925T083500Z-native-vm,startup.hello-static,startup.hello,tuned,cli,go,,True,2,66,1.5488320000000002,,,,,
20260925T083500Z-native-vm,startup.hello-static,startup.hello,tuned,cli,go,,True,2,67,1.3823400000000001,,,,,
20260925T083500Z-native-vm,startup.hello-static,startup.hello,tuned,cli,go,,True,2,68,1.4721950000000001,,,,,
20260925T083500Z-native-vm,startup.hello-static,startup.hello,tuned,cli,go,,True,2,69,1.5566870000000002,,,,,
20260925T083500Z-native-vm,startup.hello-static,startup.hello,tuned,cli,go,,True,2,70,1.914106,,,,,
20260925T083500Z-native-vm,startup.hello-static,startup.hello,tuned,cli,go,,True,2,71,1.393674,,,,,
20260925T083500Z-native-vm,startup.hello-static,startup.hello,tuned,cli,go,,True,2,72,1.394681,,,,,
20260925T083500Z-native-vm,startup.hello-static,startup.hello,tuned,cli,go,,True,2,73,1.4273620000000002,,,,,
20260925T083500Z-native-vm,startup.hello-static,startup.hello,tuned,cli,go,,True,2,74,1.3303470000000002,,,,,
20260925T083500Z-native-vm,startup.hello-static,startup.hello,tuned,cli,go,,True,2,75,1.3825850000000002,,,,,
20260925T083500Z-native-vm,startup.hello-static,startup.hello,tuned,cli,go,,True,2,76,1.8218820000000002,,,,,
20260925T083500Z-native-vm,startup.hello-static,startup.hello,tuned,cli,go,,True,2,77,1.3829120000000001,,,,,
20260925T083500Z-native-vm,startup.hello-static,startup.hello,tuned,cli,go,,True,2,78,1.357622,,,,,
20260925T083500Z-native-vm,startup.hello-static,startup.hello,tuned,cli,go,,True,2,79,1.257945,,,,,
20260925T083500Z-native-vm,startup.hello-static,startup.hello,tuned,cli,go,,True,2,80,0.9168390000000001,,,,,
20260925T083500Z-native-vm,startup.hello-static,startup.hello,tuned,cli,go,,True,2,81,0.999605,,,,,
20260925T083500Z-native-vm,startup.hello-static,startup.hello,tuned,cli,go,,True,2,82,1.133876,,,,,
20260925T083500Z-native-vm,startup.hello-static,startup.hello,tuned,cli,go,,True,2,83,1.054185,,,,,
20260925T083500Z-native-vm,startup.hello-static,startup.hello,tuned,cli,go,,True,2,84,1.392038,,,,,
20260925T083500Z-native-vm,startup.hello-static,startup.hello,tuned,cli,go,,True,2,85,1.507148,,,,,
20260925T083500Z-native-vm,startup.hello-static,startup.hello,tuned,cli,go,,True,2,86,1.4014140000000002,,,,,
20260925T083500Z-native-vm,startup.hello-static,startup.hello,tuned,cli,go,,True,2,87,1.423079,,,,,
20260925T083500Z-native-vm,startup.hello-static,startup.hello,tuned,cli,go,,True,2,88,1.6411660000000001,,,,,
20260925T083500Z-native-vm,startup.hello-static,startup.hello,tuned,cli,go,,True,2,89,1.4107850000000002,,,,,
20260925T083500Z-native-vm,startup.hello-static,startup.hello,tuned,cli,go,,True,2,90,1.444907,,,,,
20260925T083500Z-native-vm,startup.hello-static,startup.hello,tuned,cli,go,,True,2,91,1.416439,,,,,
20260925T083500Z-native-vm,startup.hello-static,startup.hello,tuned,cli,go,,True,2,92,1.3559980000000003,,,,,
20260925T083500Z-native-vm,startup.hello-static,startup.hello,tuned,cli,go,,True,2,93,1.7755680000000003,,,,,
20260925T083500Z-native-vm,startup.hello-static,startup.hello,tuned,cli,go,,True,2,94,1.322667,,,,,
20260925T083500Z-native-vm,startup.hello-static,startup.hello,tuned,cli,go,,True,2,95,1.25835,,,,,
20260925T083500Z-native-vm,startup.hello-static,startup.hello,tuned,cli,go,,True,2,96,1.2973230000000002,,,,,
20260925T083500Z-native-vm,startup.hello-static,startup.hello,tuned,cli,go,,True,2,97,1.2740870000000002,,,,,
20260925T083500Z-native-vm,startup.hello-static,startup.hello,tuned,cli,go,,True,2,98,1.3840500000000002,,,,,
20260925T083500Z-native-vm,startup.hello-static,startup.hello,tuned,cli,go,,True,2,99,1.6479040000000003,,,,,
20260925T083500Z-native-vm,startup.hello-static,startup.hello,tuned,cli,go,,True,3,0,0.998166,,,,,
20260925T083500Z-native-vm,startup.hello-static,startup.hello,tuned,cli,go,,True,3,1,0.9058820000000001,,,,,
20260925T083500Z-native-vm,startup.hello-static,startup.hello,tuned,cli,go,,True,3,2,0.8890290000000001,,,,,
20260925T083500Z-native-vm,startup.hello-static,startup.hello,tuned,cli,go,,True,3,3,0.876755,,,,,
20260925T083500Z-native-vm,startup.hello-static,startup.hello,tuned,cli,go,,True,3,4,0.9140330000000001,,,,,
20260925T083500Z-native-vm,startup.hello-static,startup.hello,tuned,cli,go,,True,3,5,0.886611,,,,,
20260925T083500Z-native-vm,startup.hello-static,startup.hello,tuned,cli,go,,True,3,6,0.8779310000000001,,,,,
20260925T083500Z-native-vm,startup.hello-static,startup.hello,tuned,cli,go,,True,3,7,0.885434,,,,,
20260925T083500Z-native-vm,startup.hello-static,startup.hello,tuned,cli,go,,True,3,8,0.887959,,,,,
20260925T083500Z-native-vm,startup.hello-static,startup.hello,tuned,cli,go,,True,3,9,1.4388760000000003,,,,,
20260925T083500Z-native-vm,startup.hello-static,startup.hello,tuned,cli,go,,True,3,10,0.940499,,,,,
20260925T083500Z-native-vm,startup.hello-static,startup.hello,tuned,cli,go,,True,3,11,1.254523,,,,,
20260925T083500Z-native-vm,startup.hello-static,startup.hello,tuned,cli,go,,True,3,12,0.9403210000000001,,,,,
20260925T083500Z-native-vm,startup.hello-static,startup.hello,tuned,cli,go,,True,3,13,0.9880260000000002,,,,,
20260925T083500Z-native-vm,startup.hello-static,startup.hello,tuned,cli,go,,True,3,14,0.9163370000000001,,,,,
20260925T083500Z-native-vm,startup.hello-static,startup.hello,tuned,cli,go,,True,3,15,0.870851,,,,,
20260925T083500Z-native-vm,startup.hello-static,startup.hello,tuned,cli,go,,True,3,16,1.0525300000000002,,,,,
20260925T083500Z-native-vm,startup.hello-static,startup.hello,tuned,cli,go,,True,3,17,0.9807140000000002,,,,,
20260925T083500Z-native-vm,startup.hello-static,startup.hello,tuned,cli,go,,True,3,18,1.285171,,,,,
20260925T083500Z-native-vm,startup.hello-static,startup.hello,tuned,cli,go,,True,3,19,1.018386,,,,,
20260925T083500Z-native-vm,startup.hello-static,startup.hello,tuned,cli,go,,True,3,20,0.934211,,,,,
20260925T083500Z-native-vm,startup.hello-static,startup.hello,tuned,cli,go,,True,3,21,0.89063,,,,,
20260925T083500Z-native-vm,startup.hello-static,startup.hello,tuned,cli,go,,True,3,22,0.9301400000000001,,,,,
20260925T083500Z-native-vm,startup.hello-static,startup.hello,tuned,cli,go,,True,3,23,0.9092460000000001,,,,,
20260925T083500Z-native-vm,startup.hello-static,startup.hello,tuned,cli,go,,True,3,24,1.127781,,,,,
20260925T083500Z-native-vm,startup.hello-static,startup.hello,tuned,cli,go,,True,3,25,0.8892380000000001,,,,,
20260925T083500Z-native-vm,startup.hello-static,startup.hello,tuned,cli,go,,True,3,26,0.8799250000000001,,,,,
20260925T083500Z-native-vm,startup.hello-static,startup.hello,tuned,cli,go,,True,3,27,0.86412,,,,,
20260925T083500Z-native-vm,startup.hello-static,startup.hello,tuned,cli,go,,True,3,28,1.0716530000000002,,,,,
20260925T083500Z-native-vm,startup.hello-static,startup.hello,tuned,cli,go,,True,3,29,0.9143380000000001,,,,,
20260925T083500Z-native-vm,startup.hello-static,startup.hello,tuned,cli,go,,True,3,30,0.89696,,,,,
20260925T083500Z-native-vm,startup.hello-static,startup.hello,tuned,cli,go,,True,3,31,0.892476,,,,,
20260925T083500Z-native-vm,startup.hello-static,startup.hello,tuned,cli,go,,True,3,32,1.6321080000000001,,,,,
20260925T083500Z-native-vm,startup.hello-static,startup.hello,tuned,cli,go,,True,3,33,0.9078010000000001,,,,,
20260925T083500Z-native-vm,startup.hello-static,startup.hello,tuned,cli,go,,True,3,34,0.9231760000000001,,,,,
20260925T083500Z-native-vm,startup.hello-static,startup.hello,tuned,cli,go,,True,3,35,0.8930100000000001,,,,,
20260925T083500Z-native-vm,startup.hello-static,startup.hello,tuned,cli,go,,True,3,36,0.92235,,,,,
20260925T083500Z-native-vm,startup.hello-static,startup.hello,tuned,cli,go,,True,3,37,0.8573280000000001,,,,,
20260925T083500Z-native-vm,startup.hello-static,startup.hello,tuned,cli,go,,True,3,38,0.88719,,,,,
20260925T083500Z-native-vm,startup.hello-static,startup.hello,tuned,cli,go,,True,3,39,0.8909910000000001,,,,,
20260925T083500Z-native-vm,startup.hello-static,startup.hello,tuned,cli,go,,True,3,40,1.1273030000000002,,,,,
20260925T083500Z-native-vm,startup.hello-static,startup.hello,tuned,cli,go,,True,3,41,0.918197,,,,,
20260925T083500Z-native-vm,startup.hello-static,startup.hello,tuned,cli,go,,True,3,42,1.0699280000000002,,,,,
20260925T083500Z-native-vm,startup.hello-static,startup.hello,tuned,cli,go,,True,3,43,0.8911310000000001,,,,,
20260925T083500Z-native-vm,startup.hello-static,startup.hello,tuned,cli,go,,True,3,44,0.909471,,,,,
20260925T083500Z-native-vm,startup.hello-static,startup.hello,tuned,cli,go,,True,3,45,1.024404,,,,,
20260925T083500Z-native-vm,startup.hello-static,startup.hello,tuned,cli,go,,True,3,46,1.014394,,,,,
20260925T083500Z-native-vm,startup.hello-static,startup.hello,tuned,cli,go,,True,3,47,0.925911,,,,,
20260925T083500Z-native-vm,startup.hello-static,startup.hello,tuned,cli,go,,True,3,48,0.866782,,,,,
20260925T083500Z-native-vm,startup.hello-static,startup.hello,tuned,cli,go,,True,3,49,1.101812,,,,,
20260925T083500Z-native-vm,startup.hello-static,startup.hello,tuned,cli,go,,True,3,50,0.887064,,,,,
20260925T083500Z-native-vm,startup.hello-static,startup.hello,tuned,cli,go,,True,3,51,0.8827010000000001,,,,,
20260925T083500Z-native-vm,startup.hello-static,startup.hello,tuned,cli,go,,True,3,52,0.8953600000000002,,,,,
20260925T083500Z-native-vm,startup.hello-static,startup.hello,tuned,cli,go,,True,3,53,0.949589,,,,,
20260925T083500Z-native-vm,startup.hello-static,startup.hello,tuned,cli,go,,True,3,54,0.885764,,,,,
20260925T083500Z-native-vm,startup.hello-static,startup.hello,tuned,cli,go,,True,3,55,0.9111530000000001,,,,,
20260925T083500Z-native-vm,startup.hello-static,startup.hello,tuned,cli,go,,True,3,56,0.8592740000000001,,,,,
20260925T083500Z-native-vm,startup.hello-static,startup.hello,tuned,cli,go,,True,3,57,0.932176,,,,,
20260925T083500Z-native-vm,startup.hello-static,startup.hello,tuned,cli,go,,True,3,58,0.842787,,,,,
20260925T083500Z-native-vm,startup.hello-static,startup.hello,tuned,cli,go,,True,3,59,0.88448,,,,,
20260925T083500Z-native-vm,startup.hello-static,startup.hello,tuned,cli,go,,True,3,60,0.865793,,,,,
20260925T083500Z-native-vm,startup.hello-static,startup.hello,tuned,cli,go,,True,3,61,0.9327030000000001,,,,,
20260925T083500Z-native-vm,startup.hello-static,startup.hello,tuned,cli,go,,True,3,62,0.9165840000000001,,,,,
20260925T083500Z-native-vm,startup.hello-static,startup.hello,tuned,cli,go,,True,3,63,0.877452,,,,,
20260925T083500Z-native-vm,startup.hello-static,startup.hello,tuned,cli,go,,True,3,64,0.869981,,,,,
20260925T083500Z-native-vm,startup.hello-static,startup.hello,tuned,cli,go,,True,3,65,0.896924,,,,,
20260925T083500Z-native-vm,startup.hello-static,startup.hello,tuned,cli,go,,True,3,66,1.089893,,,,,
20260925T083500Z-native-vm,startup.hello-static,startup.hello,tuned,cli,go,,True,3,67,0.9082840000000001,,,,,
20260925T083500Z-native-vm,startup.hello-static,startup.hello,tuned,cli,go,,True,3,68,0.8582240000000001,,,,,
20260925T083500Z-native-vm,startup.hello-static,startup.hello,tuned,cli,go,,True,3,69,0.8664850000000001,,,,,
20260925T083500Z-native-vm,startup.hello-static,startup.hello,tuned,cli,go,,True,3,70,0.886713,,,,,
20260925T083500Z-native-vm,startup.hello-static,startup.hello,tuned,cli,go,,True,3,71,0.8988220000000001,,,,,
20260925T083500Z-native-vm,startup.hello-static,startup.hello,tuned,cli,go,,True,3,72,0.8749250000000001,,,,,
20260925T083500Z-native-vm,startup.hello-static,startup.hello,tuned,cli,go,,True,3,73,0.899721,,,,,
20260925T083500Z-native-vm,startup.hello-static,startup.hello,tuned,cli,go,,True,3,74,0.9000560000000001,,,,,
20260925T083500Z-native-vm,startup.hello-static,startup.hello,tuned,cli,go,,True,3,75,1.499766,,,,,
20260925T083500Z-native-vm,startup.hello-static,startup.hello,tuned,cli,go,,True,3,76,0.927679,,,,,
20260925T083500Z-native-vm,startup.hello-static,startup.hello,tuned,cli,go,,True,3,77,0.899301,,,,,
20260925T083500Z-native-vm,startup.hello-static,startup.hello,tuned,cli,go,,True,3,78,0.9614310000000001,,,,,
20260925T083500Z-native-vm,startup.hello-static,startup.hello,tuned,cli,go,,True,3,79,0.888737,,,,,
20260925T083500Z-native-vm,startup.hello-static,startup.hello,tuned,cli,go,,True,3,80,0.8980920000000001,,,,,
20260925T083500Z-native-vm,startup.hello-static,startup.hello,tuned,cli,go,,True,3,81,0.9045000000000001,,,,,
20260925T083500Z-native-vm,startup.hello-static,startup.hello,tuned,cli,go,,True,3,82,0.951872,,,,,
20260925T083500Z-native-vm,startup.hello-static,startup.hello,tuned,cli,go,,True,3,83,1.265047,,,,,
20260925T083500Z-native-vm,startup.hello-static,startup.hello,tuned,cli,go,,True,3,84,0.8795550000000001,,,,,
20260925T083500Z-native-vm,startup.hello-static,startup.hello,tuned,cli,go,,True,3,85,0.890094,,,,,
20260925T083500Z-native-vm,startup.hello-static,startup.hello,tuned,cli,go,,True,3,86,0.8859560000000001,,,,,
20260925T083500Z-native-vm,startup.hello-static,startup.hello,tuned,cli,go,,True,3,87,1.002407,,,,,
20260925T083500Z-native-vm,startup.hello-static,startup.hello,tuned,cli,go,,True,3,88,0.881723,,,,,
20260925T083500Z-native-vm,startup.hello-static,startup.hello,tuned,cli,go,,True,3,89,0.893015,,,,,
20260925T083500Z-native-vm,startup.hello-static,startup.hello,tuned,cli,go,,True,3,90,0.8935280000000001,,,,,
20260925T083500Z-native-vm,startup.hello-static,startup.hello,tuned,cli,go,,True,3,91,1.0905040000000001,,,,,
20260925T083500Z-native-vm,startup.hello-static,startup.hello,tuned,cli,go,,True,3,92,0.8405260000000001,,,,,
20260925T083500Z-native-vm,startup.hello-static,startup.hello,tuned,cli,go,,True,3,93,0.88988,,,,,
20260925T083500Z-native-vm,startup.hello-static,startup.hello,tuned,cli,go,,True,3,94,0.876039,,,,,
20260925T083500Z-native-vm,startup.hello-static,startup.hello,tuned,cli,go,,True,3,95,0.9012180000000001,,,,,
20260925T083500Z-native-vm,startup.hello-static,startup.hello,tuned,cli,go,,True,3,96,0.861931,,,,,
20260925T083500Z-native-vm,startup.hello-static,startup.hello,tuned,cli,go,,True,3,97,0.8782970000000001,,,,,
20260925T083500Z-native-vm,startup.hello-static,startup.hello,tuned,cli,go,,True,3,98,0.886382,,,,,
20260925T083500Z-native-vm,startup.hello-static,startup.hello,tuned,cli,go,,True,3,99,0.884893,,,,,
20260925T083500Z-native-vm,startup.hello-static,startup.hello,tuned,cli,go,,True,4,0,0.889499,,,,,
20260925T083500Z-native-vm,startup.hello-static,startup.hello,tuned,cli,go,,True,4,1,0.975383,,,,,
20260925T083500Z-native-vm,startup.hello-static,startup.hello,tuned,cli,go,,True,4,2,0.88588,,,,,
20260925T083500Z-native-vm,startup.hello-static,startup.hello,tuned,cli,go,,True,4,3,0.900305,,,,,
20260925T083500Z-native-vm,startup.hello-static,startup.hello,tuned,cli,go,,True,4,4,0.860554,,,,,
20260925T083500Z-native-vm,startup.hello-static,startup.hello,tuned,cli,go,,True,4,5,0.9949400000000002,,,,,
20260925T083500Z-native-vm,startup.hello-static,startup.hello,tuned,cli,go,,True,4,6,0.909528,,,,,
20260925T083500Z-native-vm,startup.hello-static,startup.hello,tuned,cli,go,,True,4,7,0.87292,,,,,
20260925T083500Z-native-vm,startup.hello-static,startup.hello,tuned,cli,go,,True,4,8,0.8690100000000001,,,,,
20260925T083500Z-native-vm,startup.hello-static,startup.hello,tuned,cli,go,,True,4,9,0.8770500000000001,,,,,
20260925T083500Z-native-vm,startup.hello-static,startup.hello,tuned,cli,go,,True,4,10,1.005619,,,,,
20260925T083500Z-native-vm,startup.hello-static,startup.hello,tuned,cli,go,,True,4,11,0.877416,,,,,
20260925T083500Z-native-vm,startup.hello-static,startup.hello,tuned,cli,go,,True,4,12,0.8686500000000001,,,,,
20260925T083500Z-native-vm,startup.hello-static,startup.hello,tuned,cli,go,,True,4,13,0.878746,,,,,
20260925T083500Z-native-vm,startup.hello-static,startup.hello,tuned,cli,go,,True,4,14,1.0995310000000003,,,,,
20260925T083500Z-native-vm,startup.hello-static,startup.hello,tuned,cli,go,,True,4,15,0.86826,,,,,
20260925T083500Z-native-vm,startup.hello-static,startup.hello,tuned,cli,go,,True,4,16,0.866904,,,,,
20260925T083500Z-native-vm,startup.hello-static,startup.hello,tuned,cli,go,,True,4,17,0.860959,,,,,
20260925T083500Z-native-vm,startup.hello-static,startup.hello,tuned,cli,go,,True,4,18,0.91635,,,,,
20260925T083500Z-native-vm,startup.hello-static,startup.hello,tuned,cli,go,,True,4,19,0.8847510000000001,,,,,
20260925T083500Z-native-vm,startup.hello-static,startup.hello,tuned,cli,go,,True,4,20,0.8695370000000001,,,,,
20260925T083500Z-native-vm,startup.hello-static,startup.hello,tuned,cli,go,,True,4,21,0.887789,,,,,
20260925T083500Z-native-vm,startup.hello-static,startup.hello,tuned,cli,go,,True,4,22,0.9880559999999999,,,,,
20260925T083500Z-native-vm,startup.hello-static,startup.hello,tuned,cli,go,,True,4,23,1.0991940000000002,,,,,
20260925T083500Z-native-vm,startup.hello-static,startup.hello,tuned,cli,go,,True,4,24,1.0614240000000001,,,,,
20260925T083500Z-native-vm,startup.hello-static,startup.hello,tuned,cli,go,,True,4,25,0.9112040000000001,,,,,
20260925T083500Z-native-vm,startup.hello-static,startup.hello,tuned,cli,go,,True,4,26,0.8967080000000001,,,,,
20260925T083500Z-native-vm,startup.hello-static,startup.hello,tuned,cli,go,,True,4,27,0.971823,,,,,
20260925T083500Z-native-vm,startup.hello-static,startup.hello,tuned,cli,go,,True,4,28,0.879229,,,,,
20260925T083500Z-native-vm,startup.hello-static,startup.hello,tuned,cli,go,,True,4,29,0.9355640000000001,,,,,
20260925T083500Z-native-vm,startup.hello-static,startup.hello,tuned,cli,go,,True,4,30,0.912911,,,,,
20260925T083500Z-native-vm,startup.hello-static,startup.hello,tuned,cli,go,,True,4,31,1.146281,,,,,
20260925T083500Z-native-vm,startup.hello-static,startup.hello,tuned,cli,go,,True,4,32,0.8963160000000001,,,,,
20260925T083500Z-native-vm,startup.hello-static,startup.hello,tuned,cli,go,,True,4,33,0.957462,,,,,
20260925T083500Z-native-vm,startup.hello-static,startup.hello,tuned,cli,go,,True,4,34,1.016076,,,,,
20260925T083500Z-native-vm,startup.hello-static,startup.hello,tuned,cli,go,,True,4,35,1.402796,,,,,
20260925T083500Z-native-vm,startup.hello-static,startup.hello,tuned,cli,go,,True,4,36,1.016379,,,,,
20260925T083500Z-native-vm,startup.hello-static,startup.hello,tuned,cli,go,,True,4,37,1.080121,,,,,
20260925T083500Z-native-vm,startup.hello-static,startup.hello,tuned,cli,go,,True,4,38,1.3602480000000001,,,,,
20260925T083500Z-native-vm,startup.hello-static,startup.hello,tuned,cli,go,,True,4,39,1.015905,,,,,
20260925T083500Z-native-vm,startup.hello-static,startup.hello,tuned,cli,go,,True,4,40,0.98558,,,,,
20260925T083500Z-native-vm,startup.hello-static,startup.hello,tuned,cli,go,,True,4,41,1.013638,,,,,
20260925T083500Z-native-vm,startup.hello-static,startup.hello,tuned,cli,go,,True,4,42,1.0083000000000002,,,,,
20260925T083500Z-native-vm,startup.hello-static,startup.hello,tuned,cli,go,,True,4,43,1.0840450000000001,,,,,
20260925T083500Z-native-vm,startup.hello-static,startup.hello,tuned,cli,go,,True,4,44,1.04864,,,,,
20260925T083500Z-native-vm,startup.hello-static,startup.hello,tuned,cli,go,,True,4,45,1.089571,,,,,
20260925T083500Z-native-vm,startup.hello-static,startup.hello,tuned,cli,go,,True,4,46,1.6801570000000001,,,,,
20260925T083500Z-native-vm,startup.hello-static,startup.hello,tuned,cli,go,,True,4,47,1.347888,,,,,
20260925T083500Z-native-vm,startup.hello-static,startup.hello,tuned,cli,go,,True,4,48,1.308899,,,,,
20260925T083500Z-native-vm,startup.hello-static,startup.hello,tuned,cli,go,,True,4,49,1.3622880000000002,,,,,
20260925T083500Z-native-vm,startup.hello-static,startup.hello,tuned,cli,go,,True,4,50,1.229798,,,,,
20260925T083500Z-native-vm,startup.hello-static,startup.hello,tuned,cli,go,,True,4,51,1.575596,,,,,
20260925T083500Z-native-vm,startup.hello-static,startup.hello,tuned,cli,go,,True,4,52,1.284111,,,,,
20260925T083500Z-native-vm,startup.hello-static,startup.hello,tuned,cli,go,,True,4,53,1.208517,,,,,
20260925T083500Z-native-vm,startup.hello-static,startup.hello,tuned,cli,go,,True,4,54,1.173363,,,,,
20260925T083500Z-native-vm,startup.hello-static,startup.hello,tuned,cli,go,,True,4,55,1.2091830000000001,,,,,
20260925T083500Z-native-vm,startup.hello-static,startup.hello,tuned,cli,go,,True,4,56,1.228383,,,,,
20260925T083500Z-native-vm,startup.hello-static,startup.hello,tuned,cli,go,,True,4,57,1.218205,,,,,
20260925T083500Z-native-vm,startup.hello-static,startup.hello,tuned,cli,go,,True,4,58,1.198506,,,,,
20260925T083500Z-native-vm,startup.hello-static,startup.hello,tuned,cli,go,,True,4,59,1.241263,,,,,
20260925T083500Z-native-vm,startup.hello-static,startup.hello,tuned,cli,go,,True,4,60,0.9849380000000001,,,,,
20260925T083500Z-native-vm,startup.hello-static,startup.hello,tuned,cli,go,,True,4,61,1.223529,,,,,
20260925T083500Z-native-vm,startup.hello-static,startup.hello,tuned,cli,go,,True,4,62,0.8843470000000001,,,,,
20260925T083500Z-native-vm,startup.hello-static,startup.hello,tuned,cli,go,,True,4,63,0.8529430000000001,,,,,
20260925T083500Z-native-vm,startup.hello-static,startup.hello,tuned,cli,go,,True,4,64,0.9012810000000001,,,,,
20260925T083500Z-native-vm,startup.hello-static,startup.hello,tuned,cli,go,,True,4,65,0.9988570000000001,,,,,
20260925T083500Z-native-vm,startup.hello-static,startup.hello,tuned,cli,go,,True,4,66,0.8629060000000001,,,,,
20260925T083500Z-native-vm,startup.hello-static,startup.hello,tuned,cli,go,,True,4,67,0.87049,,,,,
20260925T083500Z-native-vm,startup.hello-static,startup.hello,tuned,cli,go,,True,4,68,0.85395,,,,,
20260925T083500Z-native-vm,startup.hello-static,startup.hello,tuned,cli,go,,True,4,69,0.876283,,,,,
20260925T083500Z-native-vm,startup.hello-static,startup.hello,tuned,cli,go,,True,4,70,1.036082,,,,,
20260925T083500Z-native-vm,startup.hello-static,startup.hello,tuned,cli,go,,True,4,71,0.924038,,,,,
20260925T083500Z-native-vm,startup.hello-static,startup.hello,tuned,cli,go,,True,4,72,1.005005,,,,,
20260925T083500Z-native-vm,startup.hello-static,startup.hello,tuned,cli,go,,True,4,73,0.9141850000000001,,,,,
20260925T083500Z-native-vm,startup.hello-static,startup.hello,tuned,cli,go,,True,4,74,0.9409200000000001,,,,,
20260925T083500Z-native-vm,startup.hello-static,startup.hello,tuned,cli,go,,True,4,75,1.1121889999999999,,,,,
20260925T083500Z-native-vm,startup.hello-static,startup.hello,tuned,cli,go,,True,4,76,0.929668,,,,,
20260925T083500Z-native-vm,startup.hello-static,startup.hello,tuned,cli,go,,True,4,77,0.9092790000000001,,,,,
20260925T083500Z-native-vm,startup.hello-static,startup.hello,tuned,cli,go,,True,4,78,1.2190850000000002,,,,,
20260925T083500Z-native-vm,startup.hello-static,startup.hello,tuned,cli,go,,True,4,79,0.8968610000000001,,,,,
20260925T083500Z-native-vm,startup.hello-static,startup.hello,tuned,cli,go,,True,4,80,0.951001,,,,,
20260925T083500Z-native-vm,startup.hello-static,startup.hello,tuned,cli,go,,True,4,81,0.905988,,,,,
20260925T083500Z-native-vm,startup.hello-static,startup.hello,tuned,cli,go,,True,4,82,0.9667030000000001,,,,,
20260925T083500Z-native-vm,startup.hello-static,startup.hello,tuned,cli,go,,True,4,83,0.976712,,,,,
20260925T083500Z-native-vm,startup.hello-static,startup.hello,tuned,cli,go,,True,4,84,1.0815670000000002,,,,,
20260925T083500Z-native-vm,startup.hello-static,startup.hello,tuned,cli,go,,True,4,85,0.937862,,,,,
20260925T083500Z-native-vm,startup.hello-static,startup.hello,tuned,cli,go,,True,4,86,1.333779,,,,,
20260925T083500Z-native-vm,startup.hello-static,startup.hello,tuned,cli,go,,True,4,87,1.0178770000000001,,,,,
20260925T083500Z-native-vm,startup.hello-static,startup.hello,tuned,cli,go,,True,4,88,1.1026799999999999,,,,,
20260925T083500Z-native-vm,startup.hello-static,startup.hello,tuned,cli,go,,True,4,89,0.947012,,,,,
20260925T083500Z-native-vm,startup.hello-static,startup.hello,tuned,cli,go,,True,4,90,0.9013350000000001,,,,,
20260925T083500Z-native-vm,startup.hello-static,startup.hello,tuned,cli,go,,True,4,91,0.928531,,,,,
20260925T083500Z-native-vm,startup.hello-static,startup.hello,tuned,cli,go,,True,4,92,0.8731840000000001,,,,,
20260925T083500Z-native-vm,startup.hello-static,startup.hello,tuned,cli,go,,True,4,93,0.8792930000000001,,,,,
20260925T083500Z-native-vm,startup.hello-static,startup.hello,tuned,cli,go,,True,4,94,1.110399,,,,,
20260925T083500Z-native-vm,startup.hello-static,startup.hello,tuned,cli,go,,True,4,95,0.97882,,,,,
20260925T083500Z-native-vm,startup.hello-static,startup.hello,tuned,cli,go,,True,4,96,0.9327990000000002,,,,,
20260925T083500Z-native-vm,startup.hello-static,startup.hello,tuned,cli,go,,True,4,97,0.923039,,,,,
20260925T083500Z-native-vm,startup.hello-static,startup.hello,tuned,cli,go,,True,4,98,0.9355530000000001,,,,,
20260925T083500Z-native-vm,startup.hello-static,startup.hello,tuned,cli,go,,True,4,99,0.8982420000000001,,,,,
20260925T083500Z-native-vm,startup.hello-static,startup.hello,tuned,cli,go,,True,5,0,1.1127529999999999,,,,,
20260925T083500Z-native-vm,startup.hello-static,startup.hello,tuned,cli,go,,True,5,1,0.8717950000000001,,,,,
20260925T083500Z-native-vm,startup.hello-static,startup.hello,tuned,cli,go,,True,5,2,0.903082,,,,,
20260925T083500Z-native-vm,startup.hello-static,startup.hello,tuned,cli,go,,True,5,3,0.875449,,,,,
20260925T083500Z-native-vm,startup.hello-static,startup.hello,tuned,cli,go,,True,5,4,0.94428,,,,,
20260925T083500Z-native-vm,startup.hello-static,startup.hello,tuned,cli,go,,True,5,5,0.956081,,,,,
20260925T083500Z-native-vm,startup.hello-static,startup.hello,tuned,cli,go,,True,5,6,0.9118970000000001,,,,,
20260925T083500Z-native-vm,startup.hello-static,startup.hello,tuned,cli,go,,True,5,7,0.8876520000000001,,,,,
20260925T083500Z-native-vm,startup.hello-static,startup.hello,tuned,cli,go,,True,5,8,0.891679,,,,,
20260925T083500Z-native-vm,startup.hello-static,startup.hello,tuned,cli,go,,True,5,9,0.97955,,,,,
20260925T083500Z-native-vm,startup.hello-static,startup.hello,tuned,cli,go,,True,5,10,0.9730880000000001,,,,,
20260925T083500Z-native-vm,startup.hello-static,startup.hello,tuned,cli,go,,True,5,11,0.902113,,,,,
20260925T083500Z-native-vm,startup.hello-static,startup.hello,tuned,cli,go,,True,5,12,0.8877240000000001,,,,,
20260925T083500Z-native-vm,startup.hello-static,startup.hello,tuned,cli,go,,True,5,13,1.4039290000000002,,,,,
20260925T083500Z-native-vm,startup.hello-static,startup.hello,tuned,cli,go,,True,5,14,0.908596,,,,,
20260925T083500Z-native-vm,startup.hello-static,startup.hello,tuned,cli,go,,True,5,15,0.869932,,,,,
20260925T083500Z-native-vm,startup.hello-static,startup.hello,tuned,cli,go,,True,5,16,0.9064220000000001,,,,,
20260925T083500Z-native-vm,startup.hello-static,startup.hello,tuned,cli,go,,True,5,17,0.9151570000000001,,,,,
20260925T083500Z-native-vm,startup.hello-static,startup.hello,tuned,cli,go,,True,5,18,0.8749070000000001,,,,,
20260925T083500Z-native-vm,startup.hello-static,startup.hello,tuned,cli,go,,True,5,19,1.0630750000000002,,,,,
20260925T083500Z-native-vm,startup.hello-static,startup.hello,tuned,cli,go,,True,5,20,0.9261280000000001,,,,,
20260925T083500Z-native-vm,startup.hello-static,startup.hello,tuned,cli,go,,True,5,21,1.061075,,,,,
20260925T083500Z-native-vm,startup.hello-static,startup.hello,tuned,cli,go,,True,5,22,0.8938470000000001,,,,,
20260925T083500Z-native-vm,startup.hello-static,startup.hello,tuned,cli,go,,True,5,23,0.847079,,,,,
20260925T083500Z-native-vm,startup.hello-static,startup.hello,tuned,cli,go,,True,5,24,0.882688,,,,,
20260925T083500Z-native-vm,startup.hello-static,startup.hello,tuned,cli,go,,True,5,25,1.0130500000000002,,,,,
20260925T083500Z-native-vm,startup.hello-static,startup.hello,tuned,cli,go,,True,5,26,0.9483600000000001,,,,,
20260925T083500Z-native-vm,startup.hello-static,startup.hello,tuned,cli,go,,True,5,27,0.8920060000000001,,,,,
20260925T083500Z-native-vm,startup.hello-static,startup.hello,tuned,cli,go,,True,5,28,0.884683,,,,,
20260925T083500Z-native-vm,startup.hello-static,startup.hello,tuned,cli,go,,True,5,29,0.883629,,,,,
20260925T083500Z-native-vm,startup.hello-static,startup.hello,tuned,cli,go,,True,5,30,1.1391390000000001,,,,,
20260925T083500Z-native-vm,startup.hello-static,startup.hello,tuned,cli,go,,True,5,31,0.8914140000000002,,,,,
20260925T083500Z-native-vm,startup.hello-static,startup.hello,tuned,cli,go,,True,5,32,0.883966,,,,,
20260925T083500Z-native-vm,startup.hello-static,startup.hello,tuned,cli,go,,True,5,33,0.8885040000000001,,,,,
20260925T083500Z-native-vm,startup.hello-static,startup.hello,tuned,cli,go,,True,5,34,0.9369620000000001,,,,,
20260925T083500Z-native-vm,startup.hello-static,startup.hello,tuned,cli,go,,True,5,35,1.142973,,,,,
20260925T083500Z-native-vm,startup.hello-static,startup.hello,tuned,cli,go,,True,5,36,0.9077320000000001,,,,,
20260925T083500Z-native-vm,startup.hello-static,startup.hello,tuned,cli,go,,True,5,37,0.888745,,,,,
20260925T083500Z-native-vm,startup.hello-static,startup.hello,tuned,cli,go,,True,5,38,1.1415350000000002,,,,,
20260925T083500Z-native-vm,startup.hello-static,startup.hello,tuned,cli,go,,True,5,39,0.915348,,,,,
20260925T083500Z-native-vm,startup.hello-static,startup.hello,tuned,cli,go,,True,5,40,0.883421,,,,,
20260925T083500Z-native-vm,startup.hello-static,startup.hello,tuned,cli,go,,True,5,41,0.8883150000000001,,,,,
20260925T083500Z-native-vm,startup.hello-static,startup.hello,tuned,cli,go,,True,5,42,0.9152020000000001,,,,,
20260925T083500Z-native-vm,startup.hello-static,startup.hello,tuned,cli,go,,True,5,43,0.9890000000000001,,,,,
20260925T083500Z-native-vm,startup.hello-static,startup.hello,tuned,cli,go,,True,5,44,0.853124,,,,,
20260925T083500Z-native-vm,startup.hello-static,startup.hello,tuned,cli,go,,True,5,45,0.895279,,,,,
20260925T083500Z-native-vm,startup.hello-static,startup.hello,tuned,cli,go,,True,5,46,1.10924,,,,,
20260925T083500Z-native-vm,startup.hello-static,startup.hello,tuned,cli,go,,True,5,47,0.929888,,,,,
20260925T083500Z-native-vm,startup.hello-static,startup.hello,tuned,cli,go,,True,5,48,0.8803900000000001,,,,,
20260925T083500Z-native-vm,startup.hello-static,startup.hello,tuned,cli,go,,True,5,49,0.879202,,,,,
20260925T083500Z-native-vm,startup.hello-static,startup.hello,tuned,cli,go,,True,5,50,0.8892430000000001,,,,,
20260925T083500Z-native-vm,startup.hello-static,startup.hello,tuned,cli,go,,True,5,51,0.9687160000000001,,,,,
20260925T083500Z-native-vm,startup.hello-static,startup.hello,tuned,cli,go,,True,5,52,0.94014,,,,,
20260925T083500Z-native-vm,startup.hello-static,startup.hello,tuned,cli,go,,True,5,53,0.9069900000000001,,,,,
20260925T083500Z-native-vm,startup.hello-static,startup.hello,tuned,cli,go,,True,5,54,0.898082,,,,,
20260925T083500Z-native-vm,startup.hello-static,startup.hello,tuned,cli,go,,True,5,55,1.1204310000000002,,,,,
20260925T083500Z-native-vm,startup.hello-static,startup.hello,tuned,cli,go,,True,5,56,0.8883550000000001,,,,,
20260925T083500Z-native-vm,startup.hello-static,startup.hello,tuned,cli,go,,True,5,57,0.8803570000000001,,,,,
20260925T083500Z-native-vm,startup.hello-static,startup.hello,tuned,cli,go,,True,5,58,0.8765700000000001,,,,,
20260925T083500Z-native-vm,startup.hello-static,startup.hello,tuned,cli,go,,True,5,59,0.9570540000000001,,,,,
20260925T083500Z-native-vm,startup.hello-static,startup.hello,tuned,cli,go,,True,5,60,1.0617340000000002,,,,,
20260925T083500Z-native-vm,startup.hello-static,startup.hello,tuned,cli,go,,True,5,61,1.002239,,,,,
20260925T083500Z-native-vm,startup.hello-static,startup.hello,tuned,cli,go,,True,5,62,0.938508,,,,,
20260925T083500Z-native-vm,startup.hello-static,startup.hello,tuned,cli,go,,True,5,63,1.323259,,,,,
20260925T083500Z-native-vm,startup.hello-static,startup.hello,tuned,cli,go,,True,5,64,1.032621,,,,,
20260925T083500Z-native-vm,startup.hello-static,startup.hello,tuned,cli,go,,True,5,65,1.2431200000000002,,,,,
20260925T083500Z-native-vm,startup.hello-static,startup.hello,tuned,cli,go,,True,5,66,1.0077289999999999,,,,,
20260925T083500Z-native-vm,startup.hello-static,startup.hello,tuned,cli,go,,True,5,67,0.9682600000000001,,,,,
20260925T083500Z-native-vm,startup.hello-static,startup.hello,tuned,cli,go,,True,5,68,0.9079950000000001,,,,,
20260925T083500Z-native-vm,startup.hello-static,startup.hello,tuned,cli,go,,True,5,69,0.902606,,,,,
20260925T083500Z-native-vm,startup.hello-static,startup.hello,tuned,cli,go,,True,5,70,0.895501,,,,,
20260925T083500Z-native-vm,startup.hello-static,startup.hello,tuned,cli,go,,True,5,71,1.2178930000000001,,,,,
20260925T083500Z-native-vm,startup.hello-static,startup.hello,tuned,cli,go,,True,5,72,1.0099030000000002,,,,,
20260925T083500Z-native-vm,startup.hello-static,startup.hello,tuned,cli,go,,True,5,73,0.9165810000000001,,,,,
20260925T083500Z-native-vm,startup.hello-static,startup.hello,tuned,cli,go,,True,5,74,0.989562,,,,,
20260925T083500Z-native-vm,startup.hello-static,startup.hello,tuned,cli,go,,True,5,75,0.9235720000000001,,,,,
20260925T083500Z-native-vm,startup.hello-static,startup.hello,tuned,cli,go,,True,5,76,1.0241930000000001,,,,,
20260925T083500Z-native-vm,startup.hello-static,startup.hello,tuned,cli,go,,True,5,77,0.917975,,,,,
20260925T083500Z-native-vm,startup.hello-static,startup.hello,tuned,cli,go,,True,5,78,0.9512640000000001,,,,,
20260925T083500Z-native-vm,startup.hello-static,startup.hello,tuned,cli,go,,True,5,79,1.113789,,,,,
20260925T083500Z-native-vm,startup.hello-static,startup.hello,tuned,cli,go,,True,5,80,0.923018,,,,,
20260925T083500Z-native-vm,startup.hello-static,startup.hello,tuned,cli,go,,True,5,81,0.9274420000000001,,,,,
20260925T083500Z-native-vm,startup.hello-static,startup.hello,tuned,cli,go,,True,5,82,0.9937960000000001,,,,,
20260925T083500Z-native-vm,startup.hello-static,startup.hello,tuned,cli,go,,True,5,83,0.914326,,,,,
20260925T083500Z-native-vm,startup.hello-static,startup.hello,tuned,cli,go,,True,5,84,0.958068,,,,,
20260925T083500Z-native-vm,startup.hello-static,startup.hello,tuned,cli,go,,True,5,85,0.970046,,,,,
20260925T083500Z-native-vm,startup.hello-static,startup.hello,tuned,cli,go,,True,5,86,0.929763,,,,,
20260925T083500Z-native-vm,startup.hello-static,startup.hello,tuned,cli,go,,True,5,87,1.135431,,,,,
20260925T083500Z-native-vm,startup.hello-static,startup.hello,tuned,cli,go,,True,5,88,0.918073,,,,,
20260925T083500Z-native-vm,startup.hello-static,startup.hello,tuned,cli,go,,True,5,89,0.8981190000000001,,,,,
20260925T083500Z-native-vm,startup.hello-static,startup.hello,tuned,cli,go,,True,5,90,0.8838020000000001,,,,,
20260925T083500Z-native-vm,startup.hello-static,startup.hello,tuned,cli,go,,True,5,91,1.0204490000000002,,,,,
20260925T083500Z-native-vm,startup.hello-static,startup.hello,tuned,cli,go,,True,5,92,0.909188,,,,,
20260925T083500Z-native-vm,startup.hello-static,startup.hello,tuned,cli,go,,True,5,93,0.9713670000000001,,,,,
20260925T083500Z-native-vm,startup.hello-static,startup.hello,tuned,cli,go,,True,5,94,2.7079370000000003,,,,,
20260925T083500Z-native-vm,startup.hello-static,startup.hello,tuned,cli,go,,True,5,95,1.166556,,,,,
20260925T083500Z-native-vm,startup.hello-static,startup.hello,tuned,cli,go,,True,5,96,1.096463,,,,,
20260925T083500Z-native-vm,startup.hello-static,startup.hello,tuned,cli,go,,True,5,97,1.0597880000000002,,,,,
20260925T083500Z-native-vm,startup.hello-static,startup.hello,tuned,cli,go,,True,5,98,1.015237,,,,,
20260925T083500Z-native-vm,startup.hello-static,startup.hello,tuned,cli,go,,True,5,99,0.9818669999999999,,,,,
20260925T083500Z-native-vm,startup.hello-static,startup.hello,tuned,cli,go,,True,6,0,0.9866200000000002,,,,,
20260925T083500Z-native-vm,startup.hello-static,startup.hello,tuned,cli,go,,True,6,1,1.130652,,,,,
20260925T083500Z-native-vm,startup.hello-static,startup.hello,tuned,cli,go,,True,6,2,1.754763,,,,,
20260925T083500Z-native-vm,startup.hello-static,startup.hello,tuned,cli,go,,True,6,3,1.307758,,,,,
20260925T083500Z-native-vm,startup.hello-static,startup.hello,tuned,cli,go,,True,6,4,1.003106,,,,,
20260925T083500Z-native-vm,startup.hello-static,startup.hello,tuned,cli,go,,True,6,5,0.878059,,,,,
20260925T083500Z-native-vm,startup.hello-static,startup.hello,tuned,cli,go,,True,6,6,0.9665110000000001,,,,,
20260925T083500Z-native-vm,startup.hello-static,startup.hello,tuned,cli,go,,True,6,7,0.9683220000000001,,,,,
20260925T083500Z-native-vm,startup.hello-static,startup.hello,tuned,cli,go,,True,6,8,0.989272,,,,,
20260925T083500Z-native-vm,startup.hello-static,startup.hello,tuned,cli,go,,True,6,9,0.9003320000000001,,,,,
20260925T083500Z-native-vm,startup.hello-static,startup.hello,tuned,cli,go,,True,6,10,0.9575670000000001,,,,,
20260925T083500Z-native-vm,startup.hello-static,startup.hello,tuned,cli,go,,True,6,11,1.202526,,,,,
20260925T083500Z-native-vm,startup.hello-static,startup.hello,tuned,cli,go,,True,6,12,0.9637780000000001,,,,,
20260925T083500Z-native-vm,startup.hello-static,startup.hello,tuned,cli,go,,True,6,13,0.9254370000000001,,,,,
20260925T083500Z-native-vm,startup.hello-static,startup.hello,tuned,cli,go,,True,6,14,0.9385370000000001,,,,,
20260925T083500Z-native-vm,startup.hello-static,startup.hello,tuned,cli,go,,True,6,15,0.9314970000000001,,,,,
20260925T083500Z-native-vm,startup.hello-static,startup.hello,tuned,cli,go,,True,6,16,0.888236,,,,,
20260925T083500Z-native-vm,startup.hello-static,startup.hello,tuned,cli,go,,True,6,17,0.8932680000000001,,,,,
20260925T083500Z-native-vm,startup.hello-static,startup.hello,tuned,cli,go,,True,6,18,0.8888900000000001,,,,,
20260925T083500Z-native-vm,startup.hello-static,startup.hello,tuned,cli,go,,True,6,19,0.9648460000000001,,,,,
20260925T083500Z-native-vm,startup.hello-static,startup.hello,tuned,cli,go,,True,6,20,1.0864900000000002,,,,,
20260925T083500Z-native-vm,startup.hello-static,startup.hello,tuned,cli,go,,True,6,21,0.896892,,,,,
20260925T083500Z-native-vm,startup.hello-static,startup.hello,tuned,cli,go,,True,6,22,0.880009,,,,,
20260925T083500Z-native-vm,startup.hello-static,startup.hello,tuned,cli,go,,True,6,23,0.949446,,,,,
20260925T083500Z-native-vm,startup.hello-static,startup.hello,tuned,cli,go,,True,6,24,0.9737520000000001,,,,,
20260925T083500Z-native-vm,startup.hello-static,startup.hello,tuned,cli,go,,True,6,25,0.878614,,,,,
20260925T083500Z-native-vm,startup.hello-static,startup.hello,tuned,cli,go,,True,6,26,0.8980940000000001,,,,,
20260925T083500Z-native-vm,startup.hello-static,startup.hello,tuned,cli,go,,True,6,27,0.843025,,,,,
20260925T083500Z-native-vm,startup.hello-static,startup.hello,tuned,cli,go,,True,6,28,1.1345040000000002,,,,,
20260925T083500Z-native-vm,startup.hello-static,startup.hello,tuned,cli,go,,True,6,29,1.0994190000000001,,,,,
20260925T083500Z-native-vm,startup.hello-static,startup.hello,tuned,cli,go,,True,6,30,1.134805,,,,,
20260925T083500Z-native-vm,startup.hello-static,startup.hello,tuned,cli,go,,True,6,31,0.9098350000000001,,,,,
20260925T083500Z-native-vm,startup.hello-static,startup.hello,tuned,cli,go,,True,6,32,0.916184,,,,,
20260925T083500Z-native-vm,startup.hello-static,startup.hello,tuned,cli,go,,True,6,33,0.923525,,,,,
20260925T083500Z-native-vm,startup.hello-static,startup.hello,tuned,cli,go,,True,6,34,0.8515020000000001,,,,,
20260925T083500Z-native-vm,startup.hello-static,startup.hello,tuned,cli,go,,True,6,35,0.890421,,,,,
20260925T083500Z-native-vm,startup.hello-static,startup.hello,tuned,cli,go,,True,6,36,1.1766020000000001,,,,,
20260925T083500Z-native-vm,startup.hello-static,startup.hello,tuned,cli,go,,True,6,37,0.9793670000000001,,,,,
20260925T083500Z-native-vm,startup.hello-static,startup.hello,tuned,cli,go,,True,6,38,0.8709070000000001,,,,,
20260925T083500Z-native-vm,startup.hello-static,startup.hello,tuned,cli,go,,True,6,39,0.9102730000000001,,,,,
20260925T083500Z-native-vm,startup.hello-static,startup.hello,tuned,cli,go,,True,6,40,1.0914570000000001,,,,,
20260925T083500Z-native-vm,startup.hello-static,startup.hello,tuned,cli,go,,True,6,41,0.9440130000000001,,,,,
20260925T083500Z-native-vm,startup.hello-static,startup.hello,tuned,cli,go,,True,6,42,1.017301,,,,,
20260925T083500Z-native-vm,startup.hello-static,startup.hello,tuned,cli,go,,True,6,43,0.9732000000000001,,,,,
20260925T083500Z-native-vm,startup.hello-static,startup.hello,tuned,cli,go,,True,6,44,1.0021350000000002,,,,,
20260925T083500Z-native-vm,startup.hello-static,startup.hello,tuned,cli,go,,True,6,45,0.900941,,,,,
20260925T083500Z-native-vm,startup.hello-static,startup.hello,tuned,cli,go,,True,6,46,0.935976,,,,,
20260925T083500Z-native-vm,startup.hello-static,startup.hello,tuned,cli,go,,True,6,47,0.9217110000000001,,,,,
20260925T083500Z-native-vm,startup.hello-static,startup.hello,tuned,cli,go,,True,6,48,1.2188260000000002,,,,,
20260925T083500Z-native-vm,startup.hello-static,startup.hello,tuned,cli,go,,True,6,49,1.143787,,,,,
20260925T083500Z-native-vm,startup.hello-static,startup.hello,tuned,cli,go,,True,6,50,0.8779520000000001,,,,,
20260925T083500Z-native-vm,startup.hello-static,startup.hello,tuned,cli,go,,True,6,51,0.9200630000000001,,,,,
20260925T083500Z-native-vm,startup.hello-static,startup.hello,tuned,cli,go,,True,6,52,0.9174190000000001,,,,,
20260925T083500Z-native-vm,startup.hello-static,startup.hello,tuned,cli,go,,True,6,53,0.887511,,,,,
20260925T083500Z-native-vm,startup.hello-static,startup.hello,tuned,cli,go,,True,6,54,0.9128290000000001,,,,,
20260925T083500Z-native-vm,startup.hello-static,startup.hello,tuned,cli,go,,True,6,55,0.8918050000000001,,,,,
20260925T083500Z-native-vm,startup.hello-static,startup.hello,tuned,cli,go,,True,6,56,1.063913,,,,,
20260925T083500Z-native-vm,startup.hello-static,startup.hello,tuned,cli,go,,True,6,57,0.911564,,,,,
20260925T083500Z-native-vm,startup.hello-static,startup.hello,tuned,cli,go,,True,6,58,0.900209,,,,,
20260925T083500Z-native-vm,startup.hello-static,startup.hello,tuned,cli,go,,True,6,59,3.786077,,,,,
20260925T083500Z-native-vm,startup.hello-static,startup.hello,tuned,cli,go,,True,6,60,1.177399,,,,,
20260925T083500Z-native-vm,startup.hello-static,startup.hello,tuned,cli,go,,True,6,61,1.0113240000000001,,,,,
20260925T083500Z-native-vm,startup.hello-static,startup.hello,tuned,cli,go,,True,6,62,1.106883,,,,,
20260925T083500Z-native-vm,startup.hello-static,startup.hello,tuned,cli,go,,True,6,63,1.047944,,,,,
20260925T083500Z-native-vm,startup.hello-static,startup.hello,tuned,cli,go,,True,6,64,0.9198310000000001,,,,,
20260925T083500Z-native-vm,startup.hello-static,startup.hello,tuned,cli,go,,True,6,65,0.909653,,,,,
20260925T083500Z-native-vm,startup.hello-static,startup.hello,tuned,cli,go,,True,6,66,1.2545060000000001,,,,,
20260925T083500Z-native-vm,startup.hello-static,startup.hello,tuned,cli,go,,True,6,67,0.945092,,,,,
20260925T083500Z-native-vm,startup.hello-static,startup.hello,tuned,cli,go,,True,6,68,0.9301340000000001,,,,,
20260925T083500Z-native-vm,startup.hello-static,startup.hello,tuned,cli,go,,True,6,69,0.9247890000000001,,,,,
20260925T083500Z-native-vm,startup.hello-static,startup.hello,tuned,cli,go,,True,6,70,0.893924,,,,,
20260925T083500Z-native-vm,startup.hello-static,startup.hello,tuned,cli,go,,True,6,71,0.9023900000000001,,,,,
20260925T083500Z-native-vm,startup.hello-static,startup.hello,tuned,cli,go,,True,6,72,0.881325,,,,,
20260925T083500Z-native-vm,startup.hello-static,startup.hello,tuned,cli,go,,True,6,73,0.97026,,,,,
20260925T083500Z-native-vm,startup.hello-static,startup.hello,tuned,cli,go,,True,6,74,1.3396379999999999,,,,,
20260925T083500Z-native-vm,startup.hello-static,startup.hello,tuned,cli,go,,True,6,75,0.895055,,,,,
20260925T083500Z-native-vm,startup.hello-static,startup.hello,tuned,cli,go,,True,6,76,0.9056660000000001,,,,,
20260925T083500Z-native-vm,startup.hello-static,startup.hello,tuned,cli,go,,True,6,77,0.8838940000000001,,,,,
20260925T083500Z-native-vm,startup.hello-static,startup.hello,tuned,cli,go,,True,6,78,1.000564,,,,,
20260925T083500Z-native-vm,startup.hello-static,startup.hello,tuned,cli,go,,True,6,79,1.8648120000000001,,,,,
20260925T083500Z-native-vm,startup.hello-static,startup.hello,tuned,cli,go,,True,6,80,0.9573710000000001,,,,,
20260925T083500Z-native-vm,startup.hello-static,startup.hello,tuned,cli,go,,True,6,81,1.139033,,,,,
20260925T083500Z-native-vm,startup.hello-static,startup.hello,tuned,cli,go,,True,6,82,0.9331980000000001,,,,,
20260925T083500Z-native-vm,startup.hello-static,startup.hello,tuned,cli,go,,True,6,83,0.918246,,,,,
20260925T083500Z-native-vm,startup.hello-static,startup.hello,tuned,cli,go,,True,6,84,0.914039,,,,,
20260925T083500Z-native-vm,startup.hello-static,startup.hello,tuned,cli,go,,True,6,85,0.9677250000000001,,,,,
20260925T083500Z-native-vm,startup.hello-static,startup.hello,tuned,cli,go,,True,6,86,0.898703,,,,,
20260925T083500Z-native-vm,startup.hello-static,startup.hello,tuned,cli,go,,True,6,87,0.8556490000000001,,,,,
20260925T083500Z-native-vm,startup.hello-static,startup.hello,tuned,cli,go,,True,6,88,0.872935,,,,,
20260925T083500Z-native-vm,startup.hello-static,startup.hello,tuned,cli,go,,True,6,89,0.877604,,,,,
20260925T083500Z-native-vm,startup.hello-static,startup.hello,tuned,cli,go,,True,6,90,1.006229,,,,,
20260925T083500Z-native-vm,startup.hello-static,startup.hello,tuned,cli,go,,True,6,91,0.9470160000000001,,,,,
20260925T083500Z-native-vm,startup.hello-static,startup.hello,tuned,cli,go,,True,6,92,0.914362,,,,,
20260925T083500Z-native-vm,startup.hello-static,startup.hello,tuned,cli,go,,True,6,93,0.874402,,,,,
20260925T083500Z-native-vm,startup.hello-static,startup.hello,tuned,cli,go,,True,6,94,0.9225590000000001,,,,,
20260925T083500Z-native-vm,startup.hello-static,startup.hello,tuned,cli,go,,True,6,95,0.9008550000000001,,,,,
20260925T083500Z-native-vm,startup.hello-static,startup.hello,tuned,cli,go,,True,6,96,0.8754050000000001,,,,,
20260925T083500Z-native-vm,startup.hello-static,startup.hello,tuned,cli,go,,True,6,97,0.8623310000000001,,,,,
20260925T083500Z-native-vm,startup.hello-static,startup.hello,tuned,cli,go,,True,6,98,1.122881,,,,,
20260925T083500Z-native-vm,startup.hello-static,startup.hello,tuned,cli,go,,True,6,99,0.9103840000000001,,,,,
20260925T083500Z-native-vm,startup.hello-static,startup.hello,tuned,cli,go,,True,7,0,0.9427080000000001,,,,,
20260925T083500Z-native-vm,startup.hello-static,startup.hello,tuned,cli,go,,True,7,1,0.8961500000000001,,,,,
20260925T083500Z-native-vm,startup.hello-static,startup.hello,tuned,cli,go,,True,7,2,0.888057,,,,,
20260925T083500Z-native-vm,startup.hello-static,startup.hello,tuned,cli,go,,True,7,3,0.8756520000000001,,,,,
20260925T083500Z-native-vm,startup.hello-static,startup.hello,tuned,cli,go,,True,7,4,1.251317,,,,,
20260925T083500Z-native-vm,startup.hello-static,startup.hello,tuned,cli,go,,True,7,5,0.9128630000000001,,,,,
20260925T083500Z-native-vm,startup.hello-static,startup.hello,tuned,cli,go,,True,7,6,0.8999370000000001,,,,,
20260925T083500Z-native-vm,startup.hello-static,startup.hello,tuned,cli,go,,True,7,7,0.8564600000000001,,,,,
20260925T083500Z-native-vm,startup.hello-static,startup.hello,tuned,cli,go,,True,7,8,0.927993,,,,,
20260925T083500Z-native-vm,startup.hello-static,startup.hello,tuned,cli,go,,True,7,9,0.8899000000000001,,,,,
20260925T083500Z-native-vm,startup.hello-static,startup.hello,tuned,cli,go,,True,7,10,0.912846,,,,,
20260925T083500Z-native-vm,startup.hello-static,startup.hello,tuned,cli,go,,True,7,11,0.8909790000000001,,,,,
20260925T083500Z-native-vm,startup.hello-static,startup.hello,tuned,cli,go,,True,7,12,0.874912,,,,,
20260925T083500Z-native-vm,startup.hello-static,startup.hello,tuned,cli,go,,True,7,13,1.188955,,,,,
20260925T083500Z-native-vm,startup.hello-static,startup.hello,tuned,cli,go,,True,7,14,1.0796520000000003,,,,,
20260925T083500Z-native-vm,startup.hello-static,startup.hello,tuned,cli,go,,True,7,15,0.9215920000000001,,,,,
20260925T083500Z-native-vm,startup.hello-static,startup.hello,tuned,cli,go,,True,7,16,0.9116320000000001,,,,,
20260925T083500Z-native-vm,startup.hello-static,startup.hello,tuned,cli,go,,True,7,17,0.862434,,,,,
20260925T083500Z-native-vm,startup.hello-static,startup.hello,tuned,cli,go,,True,7,18,0.8913500000000001,,,,,
20260925T083500Z-native-vm,startup.hello-static,startup.hello,tuned,cli,go,,True,7,19,0.9019130000000001,,,,,
20260925T083500Z-native-vm,startup.hello-static,startup.hello,tuned,cli,go,,True,7,20,0.9530230000000001,,,,,
20260925T083500Z-native-vm,startup.hello-static,startup.hello,tuned,cli,go,,True,7,21,0.910043,,,,,
20260925T083500Z-native-vm,startup.hello-static,startup.hello,tuned,cli,go,,True,7,22,0.866984,,,,,
20260925T083500Z-native-vm,startup.hello-static,startup.hello,tuned,cli,go,,True,7,23,0.845101,,,,,
20260925T083500Z-native-vm,startup.hello-static,startup.hello,tuned,cli,go,,True,7,24,0.889839,,,,,
20260925T083500Z-native-vm,startup.hello-static,startup.hello,tuned,cli,go,,True,7,25,1.025654,,,,,
20260925T083500Z-native-vm,startup.hello-static,startup.hello,tuned,cli,go,,True,7,26,0.8838280000000001,,,,,
20260925T083500Z-native-vm,startup.hello-static,startup.hello,tuned,cli,go,,True,7,27,0.8861650000000001,,,,,
20260925T083500Z-native-vm,startup.hello-static,startup.hello,tuned,cli,go,,True,7,28,0.9132840000000001,,,,,
20260925T083500Z-native-vm,startup.hello-static,startup.hello,tuned,cli,go,,True,7,29,0.8755140000000001,,,,,
20260925T083500Z-native-vm,startup.hello-static,startup.hello,tuned,cli,go,,True,7,30,0.9104060000000002,,,,,
20260925T083500Z-native-vm,startup.hello-static,startup.hello,tuned,cli,go,,True,7,31,0.8643430000000001,,,,,
20260925T083500Z-native-vm,startup.hello-static,startup.hello,tuned,cli,go,,True,7,32,0.9918220000000001,,,,,
20260925T083500Z-native-vm,startup.hello-static,startup.hello,tuned,cli,go,,True,7,33,0.883408,,,,,
20260925T083500Z-native-vm,startup.hello-static,startup.hello,tuned,cli,go,,True,7,34,1.190711,,,,,
20260925T083500Z-native-vm,startup.hello-static,startup.hello,tuned,cli,go,,True,7,35,0.9900800000000002,,,,,
20260925T083500Z-native-vm,startup.hello-static,startup.hello,tuned,cli,go,,True,7,36,0.8919750000000001,,,,,
20260925T083500Z-native-vm,startup.hello-static,startup.hello,tuned,cli,go,,True,7,37,0.9021410000000001,,,,,
20260925T083500Z-native-vm,startup.hello-static,startup.hello,tuned,cli,go,,True,7,38,0.9220400000000001,,,,,
20260925T083500Z-native-vm,startup.hello-static,startup.hello,tuned,cli,go,,True,7,39,0.9066190000000001,,,,,
20260925T083500Z-native-vm,startup.hello-static,startup.hello,tuned,cli,go,,True,7,40,0.861156,,,,,
20260925T083500Z-native-vm,startup.hello-static,startup.hello,tuned,cli,go,,True,7,41,0.888814,,,,,
20260925T083500Z-native-vm,startup.hello-static,startup.hello,tuned,cli,go,,True,7,42,1.28313,,,,,
20260925T083500Z-native-vm,startup.hello-static,startup.hello,tuned,cli,go,,True,7,43,0.8711820000000001,,,,,
20260925T083500Z-native-vm,startup.hello-static,startup.hello,tuned,cli,go,,True,7,44,0.894167,,,,,
20260925T083500Z-native-vm,startup.hello-static,startup.hello,tuned,cli,go,,True,7,45,0.8739070000000001,,,,,
20260925T083500Z-native-vm,startup.hello-static,startup.hello,tuned,cli,go,,True,7,46,0.910367,,,,,
20260925T083500Z-native-vm,startup.hello-static,startup.hello,tuned,cli,go,,True,7,47,0.907471,,,,,
20260925T083500Z-native-vm,startup.hello-static,startup.hello,tuned,cli,go,,True,7,48,0.8726500000000001,,,,,
20260925T083500Z-native-vm,startup.hello-static,startup.hello,tuned,cli,go,,True,7,49,0.8759420000000001,,,,,
20260925T083500Z-native-vm,startup.hello-static,startup.hello,tuned,cli,go,,True,7,50,0.879216,,,,,
20260925T083500Z-native-vm,startup.hello-static,startup.hello,tuned,cli,go,,True,7,51,1.1022390000000002,,,,,
20260925T083500Z-native-vm,startup.hello-static,startup.hello,tuned,cli,go,,True,7,52,0.8920060000000001,,,,,
20260925T083500Z-native-vm,startup.hello-static,startup.hello,tuned,cli,go,,True,7,53,0.8833880000000001,,,,,
20260925T083500Z-native-vm,startup.hello-static,startup.hello,tuned,cli,go,,True,7,54,0.8909250000000001,,,,,
20260925T083500Z-native-vm,startup.hello-static,startup.hello,tuned,cli,go,,True,7,55,0.915991,,,,,
20260925T083500Z-native-vm,startup.hello-static,startup.hello,tuned,cli,go,,True,7,56,0.886767,,,,,
20260925T083500Z-native-vm,startup.hello-static,startup.hello,tuned,cli,go,,True,7,57,0.8857510000000001,,,,,
20260925T083500Z-native-vm,startup.hello-static,startup.hello,tuned,cli,go,,True,7,58,0.867274,,,,,
20260925T083500Z-native-vm,startup.hello-static,startup.hello,tuned,cli,go,,True,7,59,0.882216,,,,,
20260925T083500Z-native-vm,startup.hello-static,startup.hello,tuned,cli,go,,True,7,60,1.079708,,,,,
20260925T083500Z-native-vm,startup.hello-static,startup.hello,tuned,cli,go,,True,7,61,0.8811190000000001,,,,,
20260925T083500Z-native-vm,startup.hello-static,startup.hello,tuned,cli,go,,True,7,62,0.8720990000000001,,,,,
20260925T083500Z-native-vm,startup.hello-static,startup.hello,tuned,cli,go,,True,7,63,0.8877720000000001,,,,,
20260925T083500Z-native-vm,startup.hello-static,startup.hello,tuned,cli,go,,True,7,64,0.9153970000000001,,,,,
20260925T083500Z-native-vm,startup.hello-static,startup.hello,tuned,cli,go,,True,7,65,0.8916060000000001,,,,,
20260925T083500Z-native-vm,startup.hello-static,startup.hello,tuned,cli,go,,True,7,66,0.944799,,,,,
20260925T083500Z-native-vm,startup.hello-static,startup.hello,tuned,cli,go,,True,7,67,0.8530460000000001,,,,,
20260925T083500Z-native-vm,startup.hello-static,startup.hello,tuned,cli,go,,True,7,68,0.9534690000000001,,,,,
20260925T083500Z-native-vm,startup.hello-static,startup.hello,tuned,cli,go,,True,7,69,0.892429,,,,,
20260925T083500Z-native-vm,startup.hello-static,startup.hello,tuned,cli,go,,True,7,70,0.8869790000000001,,,,,
20260925T083500Z-native-vm,startup.hello-static,startup.hello,tuned,cli,go,,True,7,71,0.965072,,,,,
20260925T083500Z-native-vm,startup.hello-static,startup.hello,tuned,cli,go,,True,7,72,1.1958650000000002,,,,,
20260925T083500Z-native-vm,startup.hello-static,startup.hello,tuned,cli,go,,True,7,73,0.9318540000000001,,,,,
20260925T083500Z-native-vm,startup.hello-static,startup.hello,tuned,cli,go,,True,7,74,0.935065,,,,,
20260925T083500Z-native-vm,startup.hello-static,startup.hello,tuned,cli,go,,True,7,75,0.904887,,,,,
20260925T083500Z-native-vm,startup.hello-static,startup.hello,tuned,cli,go,,True,7,76,0.945227,,,,,
20260925T083500Z-native-vm,startup.hello-static,startup.hello,tuned,cli,go,,True,7,77,0.904961,,,,,
20260925T083500Z-native-vm,startup.hello-static,startup.hello,tuned,cli,go,,True,7,78,1.049827,,,,,
20260925T083500Z-native-vm,startup.hello-static,startup.hello,tuned,cli,go,,True,7,79,0.9074230000000001,,,,,
20260925T083500Z-native-vm,startup.hello-static,startup.hello,tuned,cli,go,,True,7,80,0.889543,,,,,
20260925T083500Z-native-vm,startup.hello-static,startup.hello,tuned,cli,go,,True,7,81,0.935968,,,,,
20260925T083500Z-native-vm,startup.hello-static,startup.hello,tuned,cli,go,,True,7,82,0.8866930000000001,,,,,
20260925T083500Z-native-vm,startup.hello-static,startup.hello,tuned,cli,go,,True,7,83,0.884213,,,,,
20260925T083500Z-native-vm,startup.hello-static,startup.hello,tuned,cli,go,,True,7,84,0.8734060000000001,,,,,
20260925T083500Z-native-vm,startup.hello-static,startup.hello,tuned,cli,go,,True,7,85,1.101999,,,,,
20260925T083500Z-native-vm,startup.hello-static,startup.hello,tuned,cli,go,,True,7,86,0.9597950000000001,,,,,
20260925T083500Z-native-vm,startup.hello-static,startup.hello,tuned,cli,go,,True,7,87,0.858599,,,,,
20260925T083500Z-native-vm,startup.hello-static,startup.hello,tuned,cli,go,,True,7,88,0.8820490000000001,,,,,
20260925T083500Z-native-vm,startup.hello-static,startup.hello,tuned,cli,go,,True,7,89,0.943014,,,,,
20260925T083500Z-native-vm,startup.hello-static,startup.hello,tuned,cli,go,,True,7,90,0.912614,,,,,
20260925T083500Z-native-vm,startup.hello-static,startup.hello,tuned,cli,go,,True,7,91,0.918444,,,,,
20260925T083500Z-native-vm,startup.hello-static,startup.hello,tuned,cli,go,,True,7,92,1.000947,,,,,
20260925T083500Z-native-vm,startup.hello-static,startup.hello,tuned,cli,go,,True,7,93,1.1899140000000001,,,,,
20260925T083500Z-native-vm,startup.hello-static,startup.hello,tuned,cli,go,,True,7,94,0.9126460000000001,,,,,
20260925T083500Z-native-vm,startup.hello-static,startup.hello,tuned,cli,go,,True,7,95,0.9830770000000002,,,,,
20260925T083500Z-native-vm,startup.hello-static,startup.hello,tuned,cli,go,,True,7,96,0.9354250000000001,,,,,
20260925T083500Z-native-vm,startup.hello-static,startup.hello,tuned,cli,go,,True,7,97,0.9130500000000001,,,,,
20260925T083500Z-native-vm,startup.hello-static,startup.hello,tuned,cli,go,,True,7,98,0.969083,,,,,
20260925T083500Z-native-vm,startup.hello-static,startup.hello,tuned,cli,go,,True,7,99,1.0782110000000003,,,,,
20260925T083500Z-native-vm,startup.hello-static,startup.hello,tuned,cli,go,,True,8,0,0.92144,,,,,
20260925T083500Z-native-vm,startup.hello-static,startup.hello,tuned,cli,go,,True,8,1,0.8899590000000001,,,,,
20260925T083500Z-native-vm,startup.hello-static,startup.hello,tuned,cli,go,,True,8,2,0.870981,,,,,
20260925T083500Z-native-vm,startup.hello-static,startup.hello,tuned,cli,go,,True,8,3,0.8915000000000001,,,,,
20260925T083500Z-native-vm,startup.hello-static,startup.hello,tuned,cli,go,,True,8,4,1.117868,,,,,
20260925T083500Z-native-vm,startup.hello-static,startup.hello,tuned,cli,go,,True,8,5,0.932663,,,,,
20260925T083500Z-native-vm,startup.hello-static,startup.hello,tuned,cli,go,,True,8,6,0.951532,,,,,
20260925T083500Z-native-vm,startup.hello-static,startup.hello,tuned,cli,go,,True,8,7,0.886361,,,,,
20260925T083500Z-native-vm,startup.hello-static,startup.hello,tuned,cli,go,,True,8,8,0.90263,,,,,
20260925T083500Z-native-vm,startup.hello-static,startup.hello,tuned,cli,go,,True,8,9,0.879861,,,,,
20260925T083500Z-native-vm,startup.hello-static,startup.hello,tuned,cli,go,,True,8,10,0.88526,,,,,
20260925T083500Z-native-vm,startup.hello-static,startup.hello,tuned,cli,go,,True,8,11,0.884255,,,,,
20260925T083500Z-native-vm,startup.hello-static,startup.hello,tuned,cli,go,,True,8,12,0.8980790000000001,,,,,
20260925T083500Z-native-vm,startup.hello-static,startup.hello,tuned,cli,go,,True,8,13,1.2023940000000002,,,,,
20260925T083500Z-native-vm,startup.hello-static,startup.hello,tuned,cli,go,,True,8,14,1.007598,,,,,
20260925T083500Z-native-vm,startup.hello-static,startup.hello,tuned,cli,go,,True,8,15,0.904887,,,,,
20260925T083500Z-native-vm,startup.hello-static,startup.hello,tuned,cli,go,,True,8,16,0.9175920000000001,,,,,
20260925T083500Z-native-vm,startup.hello-static,startup.hello,tuned,cli,go,,True,8,17,0.8891110000000001,,,,,
20260925T083500Z-native-vm,startup.hello-static,startup.hello,tuned,cli,go,,True,8,18,0.9296110000000001,,,,,
20260925T083500Z-native-vm,startup.hello-static,startup.hello,tuned,cli,go,,True,8,19,0.973113,,,,,
20260925T083500Z-native-vm,startup.hello-static,startup.hello,tuned,cli,go,,True,8,20,0.9059410000000001,,,,,
20260925T083500Z-native-vm,startup.hello-static,startup.hello,tuned,cli,go,,True,8,21,2.0350810000000004,,,,,
20260925T083500Z-native-vm,startup.hello-static,startup.hello,tuned,cli,go,,True,8,22,0.917626,,,,,
20260925T083500Z-native-vm,startup.hello-static,startup.hello,tuned,cli,go,,True,8,23,0.9088060000000001,,,,,
20260925T083500Z-native-vm,startup.hello-static,startup.hello,tuned,cli,go,,True,8,24,0.95559,,,,,
20260925T083500Z-native-vm,startup.hello-static,startup.hello,tuned,cli,go,,True,8,25,0.8841640000000001,,,,,
20260925T083500Z-native-vm,startup.hello-static,startup.hello,tuned,cli,go,,True,8,26,0.8681380000000001,,,,,
20260925T083500Z-native-vm,startup.hello-static,startup.hello,tuned,cli,go,,True,8,27,0.8494370000000001,,,,,
20260925T083500Z-native-vm,startup.hello-static,startup.hello,tuned,cli,go,,True,8,28,0.8619970000000001,,,,,
20260925T083500Z-native-vm,startup.hello-static,startup.hello,tuned,cli,go,,True,8,29,0.8820010000000001,,,,,
20260925T083500Z-native-vm,startup.hello-static,startup.hello,tuned,cli,go,,True,8,30,0.867778,,,,,
20260925T083500Z-native-vm,startup.hello-static,startup.hello,tuned,cli,go,,True,8,31,0.8724010000000001,,,,,
20260925T083500Z-native-vm,startup.hello-static,startup.hello,tuned,cli,go,,True,8,32,0.9376320000000001,,,,,
20260925T083500Z-native-vm,startup.hello-static,startup.hello,tuned,cli,go,,True,8,33,0.9250040000000002,,,,,
20260925T083500Z-native-vm,startup.hello-static,startup.hello,tuned,cli,go,,True,8,34,0.8875280000000001,,,,,
20260925T083500Z-native-vm,startup.hello-static,startup.hello,tuned,cli,go,,True,8,35,0.874449,,,,,
20260925T083500Z-native-vm,startup.hello-static,startup.hello,tuned,cli,go,,True,8,36,0.856692,,,,,
20260925T083500Z-native-vm,startup.hello-static,startup.hello,tuned,cli,go,,True,8,37,1.04273,,,,,
20260925T083500Z-native-vm,startup.hello-static,startup.hello,tuned,cli,go,,True,8,38,0.875499,,,,,
20260925T083500Z-native-vm,startup.hello-static,startup.hello,tuned,cli,go,,True,8,39,0.870264,,,,,
20260925T083500Z-native-vm,startup.hello-static,startup.hello,tuned,cli,go,,True,8,40,0.8979760000000001,,,,,
20260925T083500Z-native-vm,startup.hello-static,startup.hello,tuned,cli,go,,True,8,41,0.9929350000000001,,,,,
20260925T083500Z-native-vm,startup.hello-static,startup.hello,tuned,cli,go,,True,8,42,0.8822420000000001,,,,,
20260925T083500Z-native-vm,startup.hello-static,startup.hello,tuned,cli,go,,True,8,43,0.878574,,,,,
20260925T083500Z-native-vm,startup.hello-static,startup.hello,tuned,cli,go,,True,8,44,0.869534,,,,,
20260925T083500Z-native-vm,startup.hello-static,startup.hello,tuned,cli,go,,True,8,45,0.8726360000000001,,,,,
20260925T083500Z-native-vm,startup.hello-static,startup.hello,tuned,cli,go,,True,8,46,1.1304850000000002,,,,,
20260925T083500Z-native-vm,startup.hello-static,startup.hello,tuned,cli,go,,True,8,47,0.877079,,,,,
20260925T083500Z-native-vm,startup.hello-static,startup.hello,tuned,cli,go,,True,8,48,0.872673,,,,,
20260925T083500Z-native-vm,startup.hello-static,startup.hello,tuned,cli,go,,True,8,49,0.8476670000000001,,,,,
20260925T083500Z-native-vm,startup.hello-static,startup.hello,tuned,cli,go,,True,8,50,0.942061,,,,,
20260925T083500Z-native-vm,startup.hello-static,startup.hello,tuned,cli,go,,True,8,51,0.865623,,,,,
20260925T083500Z-native-vm,startup.hello-static,startup.hello,tuned,cli,go,,True,8,52,0.86512,,,,,
20260925T083500Z-native-vm,startup.hello-static,startup.hello,tuned,cli,go,,True,8,53,0.8768090000000001,,,,,
20260925T083500Z-native-vm,startup.hello-static,startup.hello,tuned,cli,go,,True,8,54,0.885916,,,,,
20260925T083500Z-native-vm,startup.hello-static,startup.hello,tuned,cli,go,,True,8,55,1.256418,,,,,
20260925T083500Z-native-vm,startup.hello-static,startup.hello,tuned,cli,go,,True,8,56,0.882926,,,,,
20260925T083500Z-native-vm,startup.hello-static,startup.hello,tuned,cli,go,,True,8,57,0.874997,,,,,
20260925T083500Z-native-vm,startup.hello-static,startup.hello,tuned,cli,go,,True,8,58,0.914581,,,,,
20260925T083500Z-native-vm,startup.hello-static,startup.hello,tuned,cli,go,,True,8,59,0.960868,,,,,
20260925T083500Z-native-vm,startup.hello-static,startup.hello,tuned,cli,go,,True,8,60,0.8872550000000001,,,,,
20260925T083500Z-native-vm,startup.hello-static,startup.hello,tuned,cli,go,,True,8,61,0.899984,,,,,
20260925T083500Z-native-vm,startup.hello-static,startup.hello,tuned,cli,go,,True,8,62,0.8675400000000001,,,,,
20260925T083500Z-native-vm,startup.hello-static,startup.hello,tuned,cli,go,,True,8,63,1.115825,,,,,
20260925T083500Z-native-vm,startup.hello-static,startup.hello,tuned,cli,go,,True,8,64,0.938551,,,,,
20260925T083500Z-native-vm,startup.hello-static,startup.hello,tuned,cli,go,,True,8,65,0.9853490000000001,,,,,
20260925T083500Z-native-vm,startup.hello-static,startup.hello,tuned,cli,go,,True,8,66,0.8660150000000001,,,,,
20260925T083500Z-native-vm,startup.hello-static,startup.hello,tuned,cli,go,,True,8,67,0.9431860000000001,,,,,
20260925T083500Z-native-vm,startup.hello-static,startup.hello,tuned,cli,go,,True,8,68,0.9072490000000001,,,,,
20260925T083500Z-native-vm,startup.hello-static,startup.hello,tuned,cli,go,,True,8,69,0.9488810000000001,,,,,
20260925T083500Z-native-vm,startup.hello-static,startup.hello,tuned,cli,go,,True,8,70,0.9577470000000001,,,,,
20260925T083500Z-native-vm,startup.hello-static,startup.hello,tuned,cli,go,,True,8,71,1.1113430000000002,,,,,
20260925T083500Z-native-vm,startup.hello-static,startup.hello,tuned,cli,go,,True,8,72,0.9284910000000001,,,,,
20260925T083500Z-native-vm,startup.hello-static,startup.hello,tuned,cli,go,,True,8,73,0.893897,,,,,
20260925T083500Z-native-vm,startup.hello-static,startup.hello,tuned,cli,go,,True,8,74,0.8821800000000001,,,,,
20260925T083500Z-native-vm,startup.hello-static,startup.hello,tuned,cli,go,,True,8,75,0.8700180000000001,,,,,
20260925T083500Z-native-vm,startup.hello-static,startup.hello,tuned,cli,go,,True,8,76,2.473583,,,,,
20260925T083500Z-native-vm,startup.hello-static,startup.hello,tuned,cli,go,,True,8,77,4.430428,,,,,
20260925T083500Z-native-vm,startup.hello-static,startup.hello,tuned,cli,go,,True,8,78,3.455579,,,,,
20260925T083500Z-native-vm,startup.hello-static,startup.hello,tuned,cli,go,,True,8,79,1.402071,,,,,
20260925T083500Z-native-vm,startup.hello-static,startup.hello,tuned,cli,go,,True,8,80,3.322966,,,,,
20260925T083500Z-native-vm,startup.hello-static,startup.hello,tuned,cli,go,,True,8,81,1.119612,,,,,
20260925T083500Z-native-vm,startup.hello-static,startup.hello,tuned,cli,go,,True,8,82,1.0205710000000001,,,,,
20260925T083500Z-native-vm,startup.hello-static,startup.hello,tuned,cli,go,,True,8,83,0.9355660000000001,,,,,
20260925T083500Z-native-vm,startup.hello-static,startup.hello,tuned,cli,go,,True,8,84,0.9632120000000001,,,,,
20260925T083500Z-native-vm,startup.hello-static,startup.hello,tuned,cli,go,,True,8,85,1.1458640000000002,,,,,
20260925T083500Z-native-vm,startup.hello-static,startup.hello,tuned,cli,go,,True,8,86,0.8810070000000001,,,,,
20260925T083500Z-native-vm,startup.hello-static,startup.hello,tuned,cli,go,,True,8,87,0.8966670000000001,,,,,
20260925T083500Z-native-vm,startup.hello-static,startup.hello,tuned,cli,go,,True,8,88,1.6763370000000002,,,,,
20260925T083500Z-native-vm,startup.hello-static,startup.hello,tuned,cli,go,,True,8,89,0.9989079999999999,,,,,
20260925T083500Z-native-vm,startup.hello-static,startup.hello,tuned,cli,go,,True,8,90,1.060095,,,,,
20260925T083500Z-native-vm,startup.hello-static,startup.hello,tuned,cli,go,,True,8,91,0.9036390000000001,,,,,
20260925T083500Z-native-vm,startup.hello-static,startup.hello,tuned,cli,go,,True,8,92,0.912228,,,,,
20260925T083500Z-native-vm,startup.hello-static,startup.hello,tuned,cli,go,,True,8,93,1.051377,,,,,
20260925T083500Z-native-vm,startup.hello-static,startup.hello,tuned,cli,go,,True,8,94,0.9045070000000001,,,,,
20260925T083500Z-native-vm,startup.hello-static,startup.hello,tuned,cli,go,,True,8,95,0.931563,,,,,
20260925T083500Z-native-vm,startup.hello-static,startup.hello,tuned,cli,go,,True,8,96,0.9395990000000001,,,,,
20260925T083500Z-native-vm,startup.hello-static,startup.hello,tuned,cli,go,,True,8,97,0.964029,,,,,
20260925T083500Z-native-vm,startup.hello-static,startup.hello,tuned,cli,go,,True,8,98,0.892252,,,,,
20260925T083500Z-native-vm,startup.hello-static,startup.hello,tuned,cli,go,,True,8,99,0.9083570000000001,,,,,
20260925T083500Z-native-vm,startup.hello-static,startup.hello,tuned,cli,go,,True,9,0,0.918451,,,,,
20260925T083500Z-native-vm,startup.hello-static,startup.hello,tuned,cli,go,,True,9,1,0.9969310000000001,,,,,
20260925T083500Z-native-vm,startup.hello-static,startup.hello,tuned,cli,go,,True,9,2,0.9153420000000001,,,,,
20260925T083500Z-native-vm,startup.hello-static,startup.hello,tuned,cli,go,,True,9,3,0.975224,,,,,
20260925T083500Z-native-vm,startup.hello-static,startup.hello,tuned,cli,go,,True,9,4,0.915753,,,,,
20260925T083500Z-native-vm,startup.hello-static,startup.hello,tuned,cli,go,,True,9,5,1.0998450000000002,,,,,
20260925T083500Z-native-vm,startup.hello-static,startup.hello,tuned,cli,go,,True,9,6,0.9314970000000001,,,,,
20260925T083500Z-native-vm,startup.hello-static,startup.hello,tuned,cli,go,,True,9,7,1.144831,,,,,
20260925T083500Z-native-vm,startup.hello-static,startup.hello,tuned,cli,go,,True,9,8,0.8882190000000001,,,,,
20260925T083500Z-native-vm,startup.hello-static,startup.hello,tuned,cli,go,,True,9,9,1.19672,,,,,
20260925T083500Z-native-vm,startup.hello-static,startup.hello,tuned,cli,go,,True,9,10,1.438147,,,,,
20260925T083500Z-native-vm,startup.hello-static,startup.hello,tuned,cli,go,,True,9,11,1.158149,,,,,
20260925T083500Z-native-vm,startup.hello-static,startup.hello,tuned,cli,go,,True,9,12,1.009605,,,,,
20260925T083500Z-native-vm,startup.hello-static,startup.hello,tuned,cli,go,,True,9,13,0.9600950000000001,,,,,
20260925T083500Z-native-vm,startup.hello-static,startup.hello,tuned,cli,go,,True,9,14,1.1766130000000001,,,,,
20260925T083500Z-native-vm,startup.hello-static,startup.hello,tuned,cli,go,,True,9,15,0.9307030000000001,,,,,
20260925T083500Z-native-vm,startup.hello-static,startup.hello,tuned,cli,go,,True,9,16,1.0225520000000001,,,,,
20260925T083500Z-native-vm,startup.hello-static,startup.hello,tuned,cli,go,,True,9,17,0.965779,,,,,
20260925T083500Z-native-vm,startup.hello-static,startup.hello,tuned,cli,go,,True,9,18,0.9744100000000001,,,,,
20260925T083500Z-native-vm,startup.hello-static,startup.hello,tuned,cli,go,,True,9,19,1.0917590000000001,,,,,
20260925T083500Z-native-vm,startup.hello-static,startup.hello,tuned,cli,go,,True,9,20,1.125944,,,,,
20260925T083500Z-native-vm,startup.hello-static,startup.hello,tuned,cli,go,,True,9,21,0.9636270000000001,,,,,
20260925T083500Z-native-vm,startup.hello-static,startup.hello,tuned,cli,go,,True,9,22,1.1568800000000001,,,,,
20260925T083500Z-native-vm,startup.hello-static,startup.hello,tuned,cli,go,,True,9,23,1.101961,,,,,
20260925T083500Z-native-vm,startup.hello-static,startup.hello,tuned,cli,go,,True,9,24,1.2019110000000002,,,,,
20260925T083500Z-native-vm,startup.hello-static,startup.hello,tuned,cli,go,,True,9,25,1.066445,,,,,
20260925T083500Z-native-vm,startup.hello-static,startup.hello,tuned,cli,go,,True,9,26,0.955393,,,,,
20260925T083500Z-native-vm,startup.hello-static,startup.hello,tuned,cli,go,,True,9,27,1.2581080000000002,,,,,
20260925T083500Z-native-vm,startup.hello-static,startup.hello,tuned,cli,go,,True,9,28,1.60474,,,,,
20260925T083500Z-native-vm,startup.hello-static,startup.hello,tuned,cli,go,,True,9,29,1.3474650000000001,,,,,
20260925T083500Z-native-vm,startup.hello-static,startup.hello,tuned,cli,go,,True,9,30,1.320923,,,,,
20260925T083500Z-native-vm,startup.hello-static,startup.hello,tuned,cli,go,,True,9,31,1.410105,,,,,
20260925T083500Z-native-vm,startup.hello-static,startup.hello,tuned,cli,go,,True,9,32,1.134433,,,,,
20260925T083500Z-native-vm,startup.hello-static,startup.hello,tuned,cli,go,,True,9,33,0.9882740000000001,,,,,
20260925T083500Z-native-vm,startup.hello-static,startup.hello,tuned,cli,go,,True,9,34,0.988067,,,,,
20260925T083500Z-native-vm,startup.hello-static,startup.hello,tuned,cli,go,,True,9,35,0.9742870000000001,,,,,
20260925T083500Z-native-vm,startup.hello-static,startup.hello,tuned,cli,go,,True,9,36,1.1470550000000002,,,,,
20260925T083500Z-native-vm,startup.hello-static,startup.hello,tuned,cli,go,,True,9,37,1.0775230000000002,,,,,
20260925T083500Z-native-vm,startup.hello-static,startup.hello,tuned,cli,go,,True,9,38,0.941988,,,,,
20260925T083500Z-native-vm,startup.hello-static,startup.hello,tuned,cli,go,,True,9,39,1.1631850000000001,,,,,
20260925T083500Z-native-vm,startup.hello-static,startup.hello,tuned,cli,go,,True,9,40,0.917369,,,,,
20260925T083500Z-native-vm,startup.hello-static,startup.hello,tuned,cli,go,,True,9,41,0.964879,,,,,
20260925T083500Z-native-vm,startup.hello-static,startup.hello,tuned,cli,go,,True,9,42,0.917931,,,,,
20260925T083500Z-native-vm,startup.hello-static,startup.hello,tuned,cli,go,,True,9,43,0.9381120000000001,,,,,
20260925T083500Z-native-vm,startup.hello-static,startup.hello,tuned,cli,go,,True,9,44,0.9537570000000001,,,,,
20260925T083500Z-native-vm,startup.hello-static,startup.hello,tuned,cli,go,,True,9,45,0.9947340000000001,,,,,
20260925T083500Z-native-vm,startup.hello-static,startup.hello,tuned,cli,go,,True,9,46,0.9390360000000001,,,,,
20260925T083500Z-native-vm,startup.hello-static,startup.hello,tuned,cli,go,,True,9,47,1.180476,,,,,
20260925T083500Z-native-vm,startup.hello-static,startup.hello,tuned,cli,go,,True,9,48,0.8932670000000001,,,,,
20260925T083500Z-native-vm,startup.hello-static,startup.hello,tuned,cli,go,,True,9,49,0.967223,,,,,
20260925T083500Z-native-vm,startup.hello-static,startup.hello,tuned,cli,go,,True,9,50,1.04378,,,,,
20260925T083500Z-native-vm,startup.hello-static,startup.hello,tuned,cli,go,,True,9,51,0.9784820000000002,,,,,
20260925T083500Z-native-vm,startup.hello-static,startup.hello,tuned,cli,go,,True,9,52,0.9173870000000001,,,,,
20260925T083500Z-native-vm,startup.hello-static,startup.hello,tuned,cli,go,,True,9,53,0.9559730000000001,,,,,
20260925T083500Z-native-vm,startup.hello-static,startup.hello,tuned,cli,go,,True,9,54,1.179902,,,,,
20260925T083500Z-native-vm,startup.hello-static,startup.hello,tuned,cli,go,,True,9,55,1.2647300000000001,,,,,
20260925T083500Z-native-vm,startup.hello-static,startup.hello,tuned,cli,go,,True,9,56,0.920798,,,,,
20260925T083500Z-native-vm,startup.hello-static,startup.hello,tuned,cli,go,,True,9,57,0.9990890000000001,,,,,
20260925T083500Z-native-vm,startup.hello-static,startup.hello,tuned,cli,go,,True,9,58,0.9358110000000001,,,,,
20260925T083500Z-native-vm,startup.hello-static,startup.hello,tuned,cli,go,,True,9,59,0.90817,,,,,
20260925T083500Z-native-vm,startup.hello-static,startup.hello,tuned,cli,go,,True,9,60,0.9293520000000001,,,,,
20260925T083500Z-native-vm,startup.hello-static,startup.hello,tuned,cli,go,,True,9,61,1.001611,,,,,
20260925T083500Z-native-vm,startup.hello-static,startup.hello,tuned,cli,go,,True,9,62,1.306207,,,,,
20260925T083500Z-native-vm,startup.hello-static,startup.hello,tuned,cli,go,,True,9,63,0.979248,,,,,
20260925T083500Z-native-vm,startup.hello-static,startup.hello,tuned,cli,go,,True,9,64,0.953003,,,,,
20260925T083500Z-native-vm,startup.hello-static,startup.hello,tuned,cli,go,,True,9,65,0.957956,,,,,
20260925T083500Z-native-vm,startup.hello-static,startup.hello,tuned,cli,go,,True,9,66,0.99485,,,,,
20260925T083500Z-native-vm,startup.hello-static,startup.hello,tuned,cli,go,,True,9,67,0.9815900000000001,,,,,
20260925T083500Z-native-vm,startup.hello-static,startup.hello,tuned,cli,go,,True,9,68,0.9123890000000001,,,,,
20260925T083500Z-native-vm,startup.hello-static,startup.hello,tuned,cli,go,,True,9,69,0.968843,,,,,
20260925T083500Z-native-vm,startup.hello-static,startup.hello,tuned,cli,go,,True,9,70,1.167033,,,,,
20260925T083500Z-native-vm,startup.hello-static,startup.hello,tuned,cli,go,,True,9,71,0.8953940000000001,,,,,
20260925T083500Z-native-vm,startup.hello-static,startup.hello,tuned,cli,go,,True,9,72,0.901939,,,,,
20260925T083500Z-native-vm,startup.hello-static,startup.hello,tuned,cli,go,,True,9,73,0.9890420000000001,,,,,
20260925T083500Z-native-vm,startup.hello-static,startup.hello,tuned,cli,go,,True,9,74,0.9408270000000001,,,,,
20260925T083500Z-native-vm,startup.hello-static,startup.hello,tuned,cli,go,,True,9,75,0.8883190000000001,,,,,
20260925T083500Z-native-vm,startup.hello-static,startup.hello,tuned,cli,go,,True,9,76,0.8901270000000001,,,,,
20260925T083500Z-native-vm,startup.hello-static,startup.hello,tuned,cli,go,,True,9,77,0.975646,,,,,
20260925T083500Z-native-vm,startup.hello-static,startup.hello,tuned,cli,go,,True,9,78,0.9362010000000001,,,,,
20260925T083500Z-native-vm,startup.hello-static,startup.hello,tuned,cli,go,,True,9,79,0.9300120000000001,,,,,
20260925T083500Z-native-vm,startup.hello-static,startup.hello,tuned,cli,go,,True,9,80,0.9093150000000001,,,,,
20260925T083500Z-native-vm,startup.hello-static,startup.hello,tuned,cli,go,,True,9,81,0.9852910000000001,,,,,
20260925T083500Z-native-vm,startup.hello-static,startup.hello,tuned,cli,go,,True,9,82,0.95874,,,,,
20260925T083500Z-native-vm,startup.hello-static,startup.hello,tuned,cli,go,,True,9,83,1.166698,,,,,
20260925T083500Z-native-vm,startup.hello-static,startup.hello,tuned,cli,go,,True,9,84,1.016788,,,,,
20260925T083500Z-native-vm,startup.hello-static,startup.hello,tuned,cli,go,,True,9,85,0.9949260000000002,,,,,
20260925T083500Z-native-vm,startup.hello-static,startup.hello,tuned,cli,go,,True,9,86,0.908871,,,,,
20260925T083500Z-native-vm,startup.hello-static,startup.hello,tuned,cli,go,,True,9,87,0.925593,,,,,
20260925T083500Z-native-vm,startup.hello-static,startup.hello,tuned,cli,go,,True,9,88,0.921894,,,,,
20260925T083500Z-native-vm,startup.hello-static,startup.hello,tuned,cli,go,,True,9,89,0.9322940000000001,,,,,
20260925T083500Z-native-vm,startup.hello-static,startup.hello,tuned,cli,go,,True,9,90,0.920915,,,,,
20260925T083500Z-native-vm,startup.hello-static,startup.hello,tuned,cli,go,,True,9,91,1.17555,,,,,
20260925T083500Z-native-vm,startup.hello-static,startup.hello,tuned,cli,go,,True,9,92,0.8994880000000001,,,,,
20260925T083500Z-native-vm,startup.hello-static,startup.hello,tuned,cli,go,,True,9,93,0.9394150000000001,,,,,
20260925T083500Z-native-vm,startup.hello-static,startup.hello,tuned,cli,go,,True,9,94,0.8687100000000001,,,,,
20260925T083500Z-native-vm,startup.hello-static,startup.hello,tuned,cli,go,,True,9,95,0.945246,,,,,
20260925T083500Z-native-vm,startup.hello-static,startup.hello,tuned,cli,go,,True,9,96,0.9020480000000001,,,,,
20260925T083500Z-native-vm,startup.hello-static,startup.hello,tuned,cli,go,,True,9,97,0.938856,,,,,
20260925T083500Z-native-vm,startup.hello-static,startup.hello,tuned,cli,go,,True,9,98,1.051387,,,,,
20260925T083500Z-native-vm,startup.hello-static,startup.hello,tuned,cli,go,,True,9,99,1.2046960000000002,,,,,
20260925T083500Z-native-vm,startup.hello-static,startup.hello,tuned,cli,rust,static,True,0,0,1.007606,,,,,
20260925T083500Z-native-vm,startup.hello-static,startup.hello,tuned,cli,rust,static,True,0,1,1.7190450000000002,,,,,
20260925T083500Z-native-vm,startup.hello-static,startup.hello,tuned,cli,rust,static,True,0,2,1.02082,,,,,
20260925T083500Z-native-vm,startup.hello-static,startup.hello,tuned,cli,rust,static,True,0,3,1.02005,,,,,
20260925T083500Z-native-vm,startup.hello-static,startup.hello,tuned,cli,rust,static,True,0,4,1.0032770000000002,,,,,
20260925T083500Z-native-vm,startup.hello-static,startup.hello,tuned,cli,rust,static,True,0,5,1.073352,,,,,
20260925T083500Z-native-vm,startup.hello-static,startup.hello,tuned,cli,rust,static,True,0,6,1.009453,,,,,
20260925T083500Z-native-vm,startup.hello-static,startup.hello,tuned,cli,rust,static,True,0,7,0.999125,,,,,
20260925T083500Z-native-vm,startup.hello-static,startup.hello,tuned,cli,rust,static,True,0,8,0.999136,,,,,
20260925T083500Z-native-vm,startup.hello-static,startup.hello,tuned,cli,rust,static,True,0,9,1.071907,,,,,
20260925T083500Z-native-vm,startup.hello-static,startup.hello,tuned,cli,rust,static,True,0,10,0.995026,,,,,
20260925T083500Z-native-vm,startup.hello-static,startup.hello,tuned,cli,rust,static,True,0,11,0.996275,,,,,
20260925T083500Z-native-vm,startup.hello-static,startup.hello,tuned,cli,rust,static,True,0,12,1.325924,,,,,
20260925T083500Z-native-vm,startup.hello-static,startup.hello,tuned,cli,rust,static,True,0,13,1.0356,,,,,
20260925T083500Z-native-vm,startup.hello-static,startup.hello,tuned,cli,rust,static,True,0,14,1.012219,,,,,
20260925T083500Z-native-vm,startup.hello-static,startup.hello,tuned,cli,rust,static,True,0,15,0.9905840000000001,,,,,
20260925T083500Z-native-vm,startup.hello-static,startup.hello,tuned,cli,rust,static,True,0,16,1.3626250000000002,,,,,
20260925T083500Z-native-vm,startup.hello-static,startup.hello,tuned,cli,rust,static,True,0,17,1.0067730000000001,,,,,
20260925T083500Z-native-vm,startup.hello-static,startup.hello,tuned,cli,rust,static,True,0,18,0.9839920000000002,,,,,
20260925T083500Z-native-vm,startup.hello-static,startup.hello,tuned,cli,rust,static,True,0,19,0.9871580000000001,,,,,
20260925T083500Z-native-vm,startup.hello-static,startup.hello,tuned,cli,rust,static,True,0,20,1.049901,,,,,
20260925T083500Z-native-vm,startup.hello-static,startup.hello,tuned,cli,rust,static,True,0,21,1.005515,,,,,
20260925T083500Z-native-vm,startup.hello-static,startup.hello,tuned,cli,rust,static,True,0,22,0.983319,,,,,
20260925T083500Z-native-vm,startup.hello-static,startup.hello,tuned,cli,rust,static,True,0,23,1.0334160000000001,,,,,
20260925T083500Z-native-vm,startup.hello-static,startup.hello,tuned,cli,rust,static,True,0,24,1.308252,,,,,
20260925T083500Z-native-vm,startup.hello-static,startup.hello,tuned,cli,rust,static,True,0,25,1.081425,,,,,
20260925T083500Z-native-vm,startup.hello-static,startup.hello,tuned,cli,rust,static,True,0,26,1.5518990000000001,,,,,
20260925T083500Z-native-vm,startup.hello-static,startup.hello,tuned,cli,rust,static,True,0,27,1.0489540000000002,,,,,
20260925T083500Z-native-vm,startup.hello-static,startup.hello,tuned,cli,rust,static,True,0,28,1.008518,,,,,
20260925T083500Z-native-vm,startup.hello-static,startup.hello,tuned,cli,rust,static,True,0,29,1.001519,,,,,
20260925T083500Z-native-vm,startup.hello-static,startup.hello,tuned,cli,rust,static,True,0,30,1.0277800000000001,,,,,
20260925T083500Z-native-vm,startup.hello-static,startup.hello,tuned,cli,rust,static,True,0,31,1.823172,,,,,
20260925T083500Z-native-vm,startup.hello-static,startup.hello,tuned,cli,rust,static,True,0,32,0.9918910000000002,,,,,
20260925T083500Z-native-vm,startup.hello-static,startup.hello,tuned,cli,rust,static,True,0,33,1.2811910000000002,,,,,
20260925T083500Z-native-vm,startup.hello-static,startup.hello,tuned,cli,rust,static,True,0,34,1.177824,,,,,
20260925T083500Z-native-vm,startup.hello-static,startup.hello,tuned,cli,rust,static,True,0,35,1.960959,,,,,
20260925T083500Z-native-vm,startup.hello-static,startup.hello,tuned,cli,rust,static,True,0,36,1.403008,,,,,
20260925T083500Z-native-vm,startup.hello-static,startup.hello,tuned,cli,rust,static,True,0,37,1.098768,,,,,
20260925T083500Z-native-vm,startup.hello-static,startup.hello,tuned,cli,rust,static,True,0,38,1.0156260000000001,,,,,
20260925T083500Z-native-vm,startup.hello-static,startup.hello,tuned,cli,rust,static,True,0,39,1.0700200000000002,,,,,
20260925T083500Z-native-vm,startup.hello-static,startup.hello,tuned,cli,rust,static,True,0,40,1.072995,,,,,
20260925T083500Z-native-vm,startup.hello-static,startup.hello,tuned,cli,rust,static,True,0,41,0.997529,,,,,
20260925T083500Z-native-vm,startup.hello-static,startup.hello,tuned,cli,rust,static,True,0,42,1.037865,,,,,
20260925T083500Z-native-vm,startup.hello-static,startup.hello,tuned,cli,rust,static,True,0,43,1.001863,,,,,
20260925T083500Z-native-vm,startup.hello-static,startup.hello,tuned,cli,rust,static,True,0,44,1.2365960000000003,,,,,
20260925T083500Z-native-vm,startup.hello-static,startup.hello,tuned,cli,rust,static,True,0,45,1.209151,,,,,
20260925T083500Z-native-vm,startup.hello-static,startup.hello,tuned,cli,rust,static,True,0,46,1.5736,,,,,
20260925T083500Z-native-vm,startup.hello-static,startup.hello,tuned,cli,rust,static,True,0,47,1.1600670000000002,,,,,
20260925T083500Z-native-vm,startup.hello-static,startup.hello,tuned,cli,rust,static,True,0,48,1.005112,,,,,
20260925T083500Z-native-vm,startup.hello-static,startup.hello,tuned,cli,rust,static,True,0,49,0.9954620000000002,,,,,
20260925T083500Z-native-vm,startup.hello-static,startup.hello,tuned,cli,rust,static,True,0,50,1.097271,,,,,
20260925T083500Z-native-vm,startup.hello-static,startup.hello,tuned,cli,rust,static,True,0,51,1.031915,,,,,
20260925T083500Z-native-vm,startup.hello-static,startup.hello,tuned,cli,rust,static,True,0,52,0.997843,,,,,
20260925T083500Z-native-vm,startup.hello-static,startup.hello,tuned,cli,rust,static,True,0,53,0.997396,,,,,
20260925T083500Z-native-vm,startup.hello-static,startup.hello,tuned,cli,rust,static,True,0,54,1.04948,,,,,
20260925T083500Z-native-vm,startup.hello-static,startup.hello,tuned,cli,rust,static,True,0,55,1.0261460000000002,,,,,
20260925T083500Z-native-vm,startup.hello-static,startup.hello,tuned,cli,rust,static,True,0,56,1.148156,,,,,
20260925T083500Z-native-vm,startup.hello-static,startup.hello,tuned,cli,rust,static,True,0,57,1.125796,,,,,
20260925T083500Z-native-vm,startup.hello-static,startup.hello,tuned,cli,rust,static,True,0,58,1.175103,,,,,
20260925T083500Z-native-vm,startup.hello-static,startup.hello,tuned,cli,rust,static,True,0,59,1.015326,,,,,
20260925T083500Z-native-vm,startup.hello-static,startup.hello,tuned,cli,rust,static,True,0,60,1.0277040000000002,,,,,
20260925T083500Z-native-vm,startup.hello-static,startup.hello,tuned,cli,rust,static,True,0,61,0.996638,,,,,
20260925T083500Z-native-vm,startup.hello-static,startup.hello,tuned,cli,rust,static,True,0,62,1.0669190000000002,,,,,
20260925T083500Z-native-vm,startup.hello-static,startup.hello,tuned,cli,rust,static,True,0,63,1.014793,,,,,
20260925T083500Z-native-vm,startup.hello-static,startup.hello,tuned,cli,rust,static,True,0,64,1.004986,,,,,
20260925T083500Z-native-vm,startup.hello-static,startup.hello,tuned,cli,rust,static,True,0,65,1.144495,,,,,
20260925T083500Z-native-vm,startup.hello-static,startup.hello,tuned,cli,rust,static,True,0,66,0.9996620000000002,,,,,
20260925T083500Z-native-vm,startup.hello-static,startup.hello,tuned,cli,rust,static,True,0,67,0.9950690000000001,,,,,
20260925T083500Z-native-vm,startup.hello-static,startup.hello,tuned,cli,rust,static,True,0,68,1.05759,,,,,
20260925T083500Z-native-vm,startup.hello-static,startup.hello,tuned,cli,rust,static,True,0,69,1.079307,,,,,
20260925T083500Z-native-vm,startup.hello-static,startup.hello,tuned,cli,rust,static,True,0,70,1.062807,,,,,
20260925T083500Z-native-vm,startup.hello-static,startup.hello,tuned,cli,rust,static,True,0,71,1.0227530000000002,,,,,
20260925T083500Z-native-vm,startup.hello-static,startup.hello,tuned,cli,rust,static,True,0,72,1.00105,,,,,
20260925T083500Z-native-vm,startup.hello-static,startup.hello,tuned,cli,rust,static,True,0,73,1.051225,,,,,
20260925T083500Z-native-vm,startup.hello-static,startup.hello,tuned,cli,rust,static,True,0,74,1.0161080000000002,,,,,
20260925T083500Z-native-vm,startup.hello-static,startup.hello,tuned,cli,rust,static,True,0,75,1.0180449999999999,,,,,
20260925T083500Z-native-vm,startup.hello-static,startup.hello,tuned,cli,rust,static,True,0,76,1.141472,,,,,
20260925T083500Z-native-vm,startup.hello-static,startup.hello,tuned,cli,rust,static,True,0,77,1.0522070000000001,,,,,
20260925T083500Z-native-vm,startup.hello-static,startup.hello,tuned,cli,rust,static,True,0,78,1.013003,,,,,
20260925T083500Z-native-vm,startup.hello-static,startup.hello,tuned,cli,rust,static,True,0,79,1.040422,,,,,
20260925T083500Z-native-vm,startup.hello-static,startup.hello,tuned,cli,rust,static,True,0,80,1.03232,,,,,
20260925T083500Z-native-vm,startup.hello-static,startup.hello,tuned,cli,rust,static,True,0,81,1.2473,,,,,
20260925T083500Z-native-vm,startup.hello-static,startup.hello,tuned,cli,rust,static,True,0,82,1.092244,,,,,
20260925T083500Z-native-vm,startup.hello-static,startup.hello,tuned,cli,rust,static,True,0,83,1.0338910000000001,,,,,
20260925T083500Z-native-vm,startup.hello-static,startup.hello,tuned,cli,rust,static,True,0,84,1.1071,,,,,
20260925T083500Z-native-vm,startup.hello-static,startup.hello,tuned,cli,rust,static,True,0,85,1.014003,,,,,
20260925T083500Z-native-vm,startup.hello-static,startup.hello,tuned,cli,rust,static,True,0,86,1.022961,,,,,
20260925T083500Z-native-vm,startup.hello-static,startup.hello,tuned,cli,rust,static,True,0,87,1.0542070000000001,,,,,
20260925T083500Z-native-vm,startup.hello-static,startup.hello,tuned,cli,rust,static,True,0,88,1.08829,,,,,
20260925T083500Z-native-vm,startup.hello-static,startup.hello,tuned,cli,rust,static,True,0,89,1.003433,,,,,
20260925T083500Z-native-vm,startup.hello-static,startup.hello,tuned,cli,rust,static,True,0,90,1.004164,,,,,
20260925T083500Z-native-vm,startup.hello-static,startup.hello,tuned,cli,rust,static,True,0,91,1.0149430000000002,,,,,
20260925T083500Z-native-vm,startup.hello-static,startup.hello,tuned,cli,rust,static,True,0,92,1.056311,,,,,
20260925T083500Z-native-vm,startup.hello-static,startup.hello,tuned,cli,rust,static,True,0,93,1.0025760000000001,,,,,
20260925T083500Z-native-vm,startup.hello-static,startup.hello,tuned,cli,rust,static,True,0,94,1.014427,,,,,
20260925T083500Z-native-vm,startup.hello-static,startup.hello,tuned,cli,rust,static,True,0,95,1.4910160000000001,,,,,
20260925T083500Z-native-vm,startup.hello-static,startup.hello,tuned,cli,rust,static,True,0,96,1.060559,,,,,
20260925T083500Z-native-vm,startup.hello-static,startup.hello,tuned,cli,rust,static,True,0,97,1.119787,,,,,
20260925T083500Z-native-vm,startup.hello-static,startup.hello,tuned,cli,rust,static,True,0,98,1.050777,,,,,
20260925T083500Z-native-vm,startup.hello-static,startup.hello,tuned,cli,rust,static,True,0,99,1.070194,,,,,
20260925T083500Z-native-vm,startup.hello-static,startup.hello,tuned,cli,rust,static,True,1,0,1.0042270000000002,,,,,
20260925T083500Z-native-vm,startup.hello-static,startup.hello,tuned,cli,rust,static,True,1,1,1.04406,,,,,
20260925T083500Z-native-vm,startup.hello-static,startup.hello,tuned,cli,rust,static,True,1,2,1.078764,,,,,
20260925T083500Z-native-vm,startup.hello-static,startup.hello,tuned,cli,rust,static,True,1,3,1.0277610000000001,,,,,
20260925T083500Z-native-vm,startup.hello-static,startup.hello,tuned,cli,rust,static,True,1,4,1.097305,,,,,
20260925T083500Z-native-vm,startup.hello-static,startup.hello,tuned,cli,rust,static,True,1,5,1.014605,,,,,
20260925T083500Z-native-vm,startup.hello-static,startup.hello,tuned,cli,rust,static,True,1,6,1.0085000000000002,,,,,
20260925T083500Z-native-vm,startup.hello-static,startup.hello,tuned,cli,rust,static,True,1,7,1.002301,,,,,
20260925T083500Z-native-vm,startup.hello-static,startup.hello,tuned,cli,rust,static,True,1,8,1.096077,,,,,
20260925T083500Z-native-vm,startup.hello-static,startup.hello,tuned,cli,rust,static,True,1,9,1.022694,,,,,
20260925T083500Z-native-vm,startup.hello-static,startup.hello,tuned,cli,rust,static,True,1,10,1.0058250000000002,,,,,
20260925T083500Z-native-vm,startup.hello-static,startup.hello,tuned,cli,rust,static,True,1,11,1.0060890000000002,,,,,
20260925T083500Z-native-vm,startup.hello-static,startup.hello,tuned,cli,rust,static,True,1,12,1.164785,,,,,
20260925T083500Z-native-vm,startup.hello-static,startup.hello,tuned,cli,rust,static,True,1,13,0.9888690000000001,,,,,
20260925T083500Z-native-vm,startup.hello-static,startup.hello,tuned,cli,rust,static,True,1,14,1.0023270000000002,,,,,
20260925T083500Z-native-vm,startup.hello-static,startup.hello,tuned,cli,rust,static,True,1,15,1.002289,,,,,
20260925T083500Z-native-vm,startup.hello-static,startup.hello,tuned,cli,rust,static,True,1,16,1.029638,,,,,
20260925T083500Z-native-vm,startup.hello-static,startup.hello,tuned,cli,rust,static,True,1,17,1.2491990000000002,,,,,
20260925T083500Z-native-vm,startup.hello-static,startup.hello,tuned,cli,rust,static,True,1,18,1.0144360000000001,,,,,
20260925T083500Z-native-vm,startup.hello-static,startup.hello,tuned,cli,rust,static,True,1,19,1.1657030000000002,,,,,
20260925T083500Z-native-vm,startup.hello-static,startup.hello,tuned,cli,rust,static,True,1,20,1.0963120000000002,,,,,
20260925T083500Z-native-vm,startup.hello-static,startup.hello,tuned,cli,rust,static,True,1,21,1.0142270000000002,,,,,
20260925T083500Z-native-vm,startup.hello-static,startup.hello,tuned,cli,rust,static,True,1,22,1.009783,,,,,
20260925T083500Z-native-vm,startup.hello-static,startup.hello,tuned,cli,rust,static,True,1,23,1.060062,,,,,
20260925T083500Z-native-vm,startup.hello-static,startup.hello,tuned,cli,rust,static,True,1,24,1.047719,,,,,
20260925T083500Z-native-vm,startup.hello-static,startup.hello,tuned,cli,rust,static,True,1,25,1.026504,,,,,
20260925T083500Z-native-vm,startup.hello-static,startup.hello,tuned,cli,rust,static,True,1,26,1.0727920000000002,,,,,
20260925T083500Z-native-vm,startup.hello-static,startup.hello,tuned,cli,rust,static,True,1,27,1.238849,,,,,
20260925T083500Z-native-vm,startup.hello-static,startup.hello,tuned,cli,rust,static,True,1,28,1.034334,,,,,
20260925T083500Z-native-vm,startup.hello-static,startup.hello,tuned,cli,rust,static,True,1,29,1.091606,,,,,
20260925T083500Z-native-vm,startup.hello-static,startup.hello,tuned,cli,rust,static,True,1,30,1.1497460000000002,,,,,
20260925T083500Z-native-vm,startup.hello-static,startup.hello,tuned,cli,rust,static,True,1,31,1.034426,,,,,
20260925T083500Z-native-vm,startup.hello-static,startup.hello,tuned,cli,rust,static,True,1,32,1.012976,,,,,
20260925T083500Z-native-vm,startup.hello-static,startup.hello,tuned,cli,rust,static,True,1,33,1.001687,,,,,
20260925T083500Z-native-vm,startup.hello-static,startup.hello,tuned,cli,rust,static,True,1,34,1.245721,,,,,
20260925T083500Z-native-vm,startup.hello-static,startup.hello,tuned,cli,rust,static,True,1,35,1.016187,,,,,
20260925T083500Z-native-vm,startup.hello-static,startup.hello,tuned,cli,rust,static,True,1,36,0.998931,,,,,
20260925T083500Z-native-vm,startup.hello-static,startup.hello,tuned,cli,rust,static,True,1,37,1.08413,,,,,
20260925T083500Z-native-vm,startup.hello-static,startup.hello,tuned,cli,rust,static,True,1,38,1.061909,,,,,
20260925T083500Z-native-vm,startup.hello-static,startup.hello,tuned,cli,rust,static,True,1,39,0.992307,,,,,
20260925T083500Z-native-vm,startup.hello-static,startup.hello,tuned,cli,rust,static,True,1,40,1.05967,,,,,
20260925T083500Z-native-vm,startup.hello-static,startup.hello,tuned,cli,rust,static,True,1,41,1.017597,,,,,
20260925T083500Z-native-vm,startup.hello-static,startup.hello,tuned,cli,rust,static,True,1,42,1.164752,,,,,
20260925T083500Z-native-vm,startup.hello-static,startup.hello,tuned,cli,rust,static,True,1,43,1.0020660000000001,,,,,
20260925T083500Z-native-vm,startup.hello-static,startup.hello,tuned,cli,rust,static,True,1,44,1.326843,,,,,
20260925T083500Z-native-vm,startup.hello-static,startup.hello,tuned,cli,rust,static,True,1,45,1.5977010000000003,,,,,
20260925T083500Z-native-vm,startup.hello-static,startup.hello,tuned,cli,rust,static,True,1,46,1.540081,,,,,
20260925T083500Z-native-vm,startup.hello-static,startup.hello,tuned,cli,rust,static,True,1,47,1.2388120000000002,,,,,
20260925T083500Z-native-vm,startup.hello-static,startup.hello,tuned,cli,rust,static,True,1,48,1.180471,,,,,
20260925T083500Z-native-vm,startup.hello-static,startup.hello,tuned,cli,rust,static,True,1,49,1.002724,,,,,
20260925T083500Z-native-vm,startup.hello-static,startup.hello,tuned,cli,rust,static,True,1,50,0.996406,,,,,
20260925T083500Z-native-vm,startup.hello-static,startup.hello,tuned,cli,rust,static,True,1,51,0.9969790000000001,,,,,
20260925T083500Z-native-vm,startup.hello-static,startup.hello,tuned,cli,rust,static,True,1,52,1.137783,,,,,
20260925T083500Z-native-vm,startup.hello-static,startup.hello,tuned,cli,rust,static,True,1,53,1.0145460000000002,,,,,
20260925T083500Z-native-vm,startup.hello-static,startup.hello,tuned,cli,rust,static,True,1,54,0.9987140000000001,,,,,
20260925T083500Z-native-vm,startup.hello-static,startup.hello,tuned,cli,rust,static,True,1,55,1.1802260000000002,,,,,
20260925T083500Z-native-vm,startup.hello-static,startup.hello,tuned,cli,rust,static,True,1,56,0.9995220000000001,,,,,
20260925T083500Z-native-vm,startup.hello-static,startup.hello,tuned,cli,rust,static,True,1,57,0.9943130000000001,,,,,
20260925T083500Z-native-vm,startup.hello-static,startup.hello,tuned,cli,rust,static,True,1,58,0.9815590000000001,,,,,
20260925T083500Z-native-vm,startup.hello-static,startup.hello,tuned,cli,rust,static,True,1,59,1.054,,,,,
20260925T083500Z-native-vm,startup.hello-static,startup.hello,tuned,cli,rust,static,True,1,60,1.0047160000000002,,,,,
20260925T083500Z-native-vm,startup.hello-static,startup.hello,tuned,cli,rust,static,True,1,61,0.9899680000000002,,,,,
20260925T083500Z-native-vm,startup.hello-static,startup.hello,tuned,cli,rust,static,True,1,62,0.999558,,,,,
20260925T083500Z-native-vm,startup.hello-static,startup.hello,tuned,cli,rust,static,True,1,63,1.1492030000000002,,,,,
20260925T083500Z-native-vm,startup.hello-static,startup.hello,tuned,cli,rust,static,True,1,64,0.9901880000000002,,,,,
20260925T083500Z-native-vm,startup.hello-static,startup.hello,tuned,cli,rust,static,True,1,65,0.9953750000000001,,,,,
20260925T083500Z-native-vm,startup.hello-static,startup.hello,tuned,cli,rust,static,True,1,66,1.012205,,,,,
20260925T083500Z-native-vm,startup.hello-static,startup.hello,tuned,cli,rust,static,True,1,67,1.0878600000000003,,,,,
20260925T083500Z-native-vm,startup.hello-static,startup.hello,tuned,cli,rust,static,True,1,68,1.035932,,,,,
20260925T083500Z-native-vm,startup.hello-static,startup.hello,tuned,cli,rust,static,True,1,69,0.998912,,,,,
20260925T083500Z-native-vm,startup.hello-static,startup.hello,tuned,cli,rust,static,True,1,70,1.028148,,,,,
20260925T083500Z-native-vm,startup.hello-static,startup.hello,tuned,cli,rust,static,True,1,71,3.133474,,,,,
20260925T083500Z-native-vm,startup.hello-static,startup.hello,tuned,cli,rust,static,True,1,72,1.182633,,,,,
20260925T083500Z-native-vm,startup.hello-static,startup.hello,tuned,cli,rust,static,True,1,73,1.048728,,,,,
20260925T083500Z-native-vm,startup.hello-static,startup.hello,tuned,cli,rust,static,True,1,74,1.042292,,,,,
20260925T083500Z-native-vm,startup.hello-static,startup.hello,tuned,cli,rust,static,True,1,75,1.0207460000000002,,,,,
20260925T083500Z-native-vm,startup.hello-static,startup.hello,tuned,cli,rust,static,True,1,76,1.2115680000000002,,,,,
20260925T083500Z-native-vm,startup.hello-static,startup.hello,tuned,cli,rust,static,True,1,77,1.0131560000000002,,,,,
20260925T083500Z-native-vm,startup.hello-static,startup.hello,tuned,cli,rust,static,True,1,78,1.0224840000000002,,,,,
20260925T083500Z-native-vm,startup.hello-static,startup.hello,tuned,cli,rust,static,True,1,79,1.5636560000000002,,,,,
20260925T083500Z-native-vm,startup.hello-static,startup.hello,tuned,cli,rust,static,True,1,80,1.086005,,,,,
20260925T083500Z-native-vm,startup.hello-static,startup.hello,tuned,cli,rust,static,True,1,81,1.0030500000000002,,,,,
20260925T083500Z-native-vm,startup.hello-static,startup.hello,tuned,cli,rust,static,True,1,82,1.0053660000000002,,,,,
20260925T083500Z-native-vm,startup.hello-static,startup.hello,tuned,cli,rust,static,True,1,83,1.2296740000000002,,,,,
20260925T083500Z-native-vm,startup.hello-static,startup.hello,tuned,cli,rust,static,True,1,84,1.0051560000000002,,,,,
20260925T083500Z-native-vm,startup.hello-static,startup.hello,tuned,cli,rust,static,True,1,85,0.9988950000000001,,,,,
20260925T083500Z-native-vm,startup.hello-static,startup.hello,tuned,cli,rust,static,True,1,86,1.0190350000000001,,,,,
20260925T083500Z-native-vm,startup.hello-static,startup.hello,tuned,cli,rust,static,True,1,87,1.05062,,,,,
20260925T083500Z-native-vm,startup.hello-static,startup.hello,tuned,cli,rust,static,True,1,88,0.9997429999999999,,,,,
20260925T083500Z-native-vm,startup.hello-static,startup.hello,tuned,cli,rust,static,True,1,89,1.001666,,,,,
20260925T083500Z-native-vm,startup.hello-static,startup.hello,tuned,cli,rust,static,True,1,90,1.003249,,,,,
20260925T083500Z-native-vm,startup.hello-static,startup.hello,tuned,cli,rust,static,True,1,91,1.091962,,,,,
20260925T083500Z-native-vm,startup.hello-static,startup.hello,tuned,cli,rust,static,True,1,92,0.979971,,,,,
20260925T083500Z-native-vm,startup.hello-static,startup.hello,tuned,cli,rust,static,True,1,93,1.05939,,,,,
20260925T083500Z-native-vm,startup.hello-static,startup.hello,tuned,cli,rust,static,True,1,94,1.100466,,,,,
20260925T083500Z-native-vm,startup.hello-static,startup.hello,tuned,cli,rust,static,True,1,95,1.123265,,,,,
20260925T083500Z-native-vm,startup.hello-static,startup.hello,tuned,cli,rust,static,True,1,96,0.991834,,,,,
20260925T083500Z-native-vm,startup.hello-static,startup.hello,tuned,cli,rust,static,True,1,97,1.0827080000000002,,,,,
20260925T083500Z-native-vm,startup.hello-static,startup.hello,tuned,cli,rust,static,True,1,98,1.167621,,,,,
20260925T083500Z-native-vm,startup.hello-static,startup.hello,tuned,cli,rust,static,True,1,99,1.007948,,,,,
20260925T083500Z-native-vm,startup.hello-static,startup.hello,tuned,cli,rust,static,True,2,0,1.234937,,,,,
20260925T083500Z-native-vm,startup.hello-static,startup.hello,tuned,cli,rust,static,True,2,1,1.2841410000000002,,,,,
20260925T083500Z-native-vm,startup.hello-static,startup.hello,tuned,cli,rust,static,True,2,2,1.353318,,,,,
20260925T083500Z-native-vm,startup.hello-static,startup.hello,tuned,cli,rust,static,True,2,3,1.2633320000000001,,,,,
20260925T083500Z-native-vm,startup.hello-static,startup.hello,tuned,cli,rust,static,True,2,4,1.370048,,,,,
20260925T083500Z-native-vm,startup.hello-static,startup.hello,tuned,cli,rust,static,True,2,5,1.384586,,,,,
20260925T083500Z-native-vm,startup.hello-static,startup.hello,tuned,cli,rust,static,True,2,6,1.3098130000000001,,,,,
20260925T083500Z-native-vm,startup.hello-static,startup.hello,tuned,cli,rust,static,True,2,7,1.307365,,,,,
20260925T083500Z-native-vm,startup.hello-static,startup.hello,tuned,cli,rust,static,True,2,8,1.3468550000000001,,,,,
20260925T083500Z-native-vm,startup.hello-static,startup.hello,tuned,cli,rust,static,True,2,9,1.345045,,,,,
20260925T083500Z-native-vm,startup.hello-static,startup.hello,tuned,cli,rust,static,True,2,10,1.3700780000000001,,,,,
20260925T083500Z-native-vm,startup.hello-static,startup.hello,tuned,cli,rust,static,True,2,11,1.3156050000000001,,,,,
20260925T083500Z-native-vm,startup.hello-static,startup.hello,tuned,cli,rust,static,True,2,12,1.2709780000000002,,,,,
20260925T083500Z-native-vm,startup.hello-static,startup.hello,tuned,cli,rust,static,True,2,13,1.326617,,,,,
20260925T083500Z-native-vm,startup.hello-static,startup.hello,tuned,cli,rust,static,True,2,14,1.63955,,,,,
20260925T083500Z-native-vm,startup.hello-static,startup.hello,tuned,cli,rust,static,True,2,15,1.380383,,,,,
20260925T083500Z-native-vm,startup.hello-static,startup.hello,tuned,cli,rust,static,True,2,16,1.415187,,,,,
20260925T083500Z-native-vm,startup.hello-static,startup.hello,tuned,cli,rust,static,True,2,17,1.443996,,,,,
20260925T083500Z-native-vm,startup.hello-static,startup.hello,tuned,cli,rust,static,True,2,18,1.350294,,,,,
20260925T083500Z-native-vm,startup.hello-static,startup.hello,tuned,cli,rust,static,True,2,19,1.425148,,,,,
20260925T083500Z-native-vm,startup.hello-static,startup.hello,tuned,cli,rust,static,True,2,20,1.3614320000000002,,,,,
20260925T083500Z-native-vm,startup.hello-static,startup.hello,tuned,cli,rust,static,True,2,21,1.33592,,,,,
20260925T083500Z-native-vm,startup.hello-static,startup.hello,tuned,cli,rust,static,True,2,22,1.5596430000000001,,,,,
20260925T083500Z-native-vm,startup.hello-static,startup.hello,tuned,cli,rust,static,True,2,23,1.3718110000000001,,,,,
20260925T083500Z-native-vm,startup.hello-static,startup.hello,tuned,cli,rust,static,True,2,24,1.4273,,,,,
20260925T083500Z-native-vm,startup.hello-static,startup.hello,tuned,cli,rust,static,True,2,25,1.407262,,,,,
20260925T083500Z-native-vm,startup.hello-static,startup.hello,tuned,cli,rust,static,True,2,26,1.358327,,,,,
20260925T083500Z-native-vm,startup.hello-static,startup.hello,tuned,cli,rust,static,True,2,27,1.361371,,,,,
20260925T083500Z-native-vm,startup.hello-static,startup.hello,tuned,cli,rust,static,True,2,28,1.577171,,,,,
20260925T083500Z-native-vm,startup.hello-static,startup.hello,tuned,cli,rust,static,True,2,29,1.122182,,,,,
20260925T083500Z-native-vm,startup.hello-static,startup.hello,tuned,cli,rust,static,True,2,30,1.246385,,,,,
20260925T083500Z-native-vm,startup.hello-static,startup.hello,tuned,cli,rust,static,True,2,31,1.4097709999999999,,,,,
20260925T083500Z-native-vm,startup.hello-static,startup.hello,tuned,cli,rust,static,True,2,32,1.2025150000000002,,,,,
20260925T083500Z-native-vm,startup.hello-static,startup.hello,tuned,cli,rust,static,True,2,33,1.306476,,,,,
20260925T083500Z-native-vm,startup.hello-static,startup.hello,tuned,cli,rust,static,True,2,34,1.5863720000000001,,,,,
20260925T083500Z-native-vm,startup.hello-static,startup.hello,tuned,cli,rust,static,True,2,35,1.406074,,,,,
20260925T083500Z-native-vm,startup.hello-static,startup.hello,tuned,cli,rust,static,True,2,36,1.509171,,,,,
20260925T083500Z-native-vm,startup.hello-static,startup.hello,tuned,cli,rust,static,True,2,37,1.5091470000000002,,,,,
20260925T083500Z-native-vm,startup.hello-static,startup.hello,tuned,cli,rust,static,True,2,38,1.118939,,,,,
20260925T083500Z-native-vm,startup.hello-static,startup.hello,tuned,cli,rust,static,True,2,39,1.215745,,,,,
20260925T083500Z-native-vm,startup.hello-static,startup.hello,tuned,cli,rust,static,True,2,40,1.034613,,,,,
20260925T083500Z-native-vm,startup.hello-static,startup.hello,tuned,cli,rust,static,True,2,41,1.0304000000000002,,,,,
20260925T083500Z-native-vm,startup.hello-static,startup.hello,tuned,cli,rust,static,True,2,42,1.0087730000000001,,,,,
20260925T083500Z-native-vm,startup.hello-static,startup.hello,tuned,cli,rust,static,True,2,43,1.0434780000000001,,,,,
20260925T083500Z-native-vm,startup.hello-static,startup.hello,tuned,cli,rust,static,True,2,44,1.0359990000000001,,,,,
20260925T083500Z-native-vm,startup.hello-static,startup.hello,tuned,cli,rust,static,True,2,45,1.0094210000000001,,,,,
20260925T083500Z-native-vm,startup.hello-static,startup.hello,tuned,cli,rust,static,True,2,46,1.01583,,,,,
20260925T083500Z-native-vm,startup.hello-static,startup.hello,tuned,cli,rust,static,True,2,47,1.14603,,,,,
20260925T083500Z-native-vm,startup.hello-static,startup.hello,tuned,cli,rust,static,True,2,48,1.012584,,,,,
20260925T083500Z-native-vm,startup.hello-static,startup.hello,tuned,cli,rust,static,True,2,49,1.0275800000000002,,,,,
20260925T083500Z-native-vm,startup.hello-static,startup.hello,tuned,cli,rust,static,True,2,50,1.124473,,,,,
20260925T083500Z-native-vm,startup.hello-static,startup.hello,tuned,cli,rust,static,True,2,51,1.034606,,,,,
20260925T083500Z-native-vm,startup.hello-static,startup.hello,tuned,cli,rust,static,True,2,52,1.0179680000000002,,,,,
20260925T083500Z-native-vm,startup.hello-static,startup.hello,tuned,cli,rust,static,True,2,53,1.003861,,,,,
20260925T083500Z-native-vm,startup.hello-static,startup.hello,tuned,cli,rust,static,True,2,54,1.021112,,,,,
20260925T083500Z-native-vm,startup.hello-static,startup.hello,tuned,cli,rust,static,True,2,55,1.411782,,,,,
20260925T083500Z-native-vm,startup.hello-static,startup.hello,tuned,cli,rust,static,True,2,56,1.0476440000000002,,,,,
20260925T083500Z-native-vm,startup.hello-static,startup.hello,tuned,cli,rust,static,True,2,57,1.044512,,,,,
20260925T083500Z-native-vm,startup.hello-static,startup.hello,tuned,cli,rust,static,True,2,58,1.128322,,,,,
20260925T083500Z-native-vm,startup.hello-static,startup.hello,tuned,cli,rust,static,True,2,59,1.0549910000000002,,,,,
20260925T083500Z-native-vm,startup.hello-static,startup.hello,tuned,cli,rust,static,True,2,60,1.0215550000000002,,,,,
20260925T083500Z-native-vm,startup.hello-static,startup.hello,tuned,cli,rust,static,True,2,61,1.458988,,,,,
20260925T083500Z-native-vm,startup.hello-static,startup.hello,tuned,cli,rust,static,True,2,62,1.0056640000000001,,,,,
20260925T083500Z-native-vm,startup.hello-static,startup.hello,tuned,cli,rust,static,True,2,63,1.00689,,,,,
20260925T083500Z-native-vm,startup.hello-static,startup.hello,tuned,cli,rust,static,True,2,64,1.048225,,,,,
20260925T083500Z-native-vm,startup.hello-static,startup.hello,tuned,cli,rust,static,True,2,65,1.1311170000000002,,,,,
20260925T083500Z-native-vm,startup.hello-static,startup.hello,tuned,cli,rust,static,True,2,66,1.010682,,,,,
20260925T083500Z-native-vm,startup.hello-static,startup.hello,tuned,cli,rust,static,True,2,67,2.503617,,,,,
20260925T083500Z-native-vm,startup.hello-static,startup.hello,tuned,cli,rust,static,True,2,68,1.213721,,,,,
20260925T083500Z-native-vm,startup.hello-static,startup.hello,tuned,cli,rust,static,True,2,69,1.186795,,,,,
20260925T083500Z-native-vm,startup.hello-static,startup.hello,tuned,cli,rust,static,True,2,70,1.248942,,,,,
20260925T083500Z-native-vm,startup.hello-static,startup.hello,tuned,cli,rust,static,True,2,71,1.057233,,,,,
20260925T083500Z-native-vm,startup.hello-static,startup.hello,tuned,cli,rust,static,True,2,72,1.014307,,,,,
20260925T083500Z-native-vm,startup.hello-static,startup.hello,tuned,cli,rust,static,True,2,73,1.0551480000000002,,,,,
20260925T083500Z-native-vm,startup.hello-static,startup.hello,tuned,cli,rust,static,True,2,74,1.0826470000000001,,,,,
20260925T083500Z-native-vm,startup.hello-static,startup.hello,tuned,cli,rust,static,True,2,75,1.1586060000000002,,,,,
20260925T083500Z-native-vm,startup.hello-static,startup.hello,tuned,cli,rust,static,True,2,76,1.008261,,,,,
20260925T083500Z-native-vm,startup.hello-static,startup.hello,tuned,cli,rust,static,True,2,77,1.0560110000000003,,,,,
20260925T083500Z-native-vm,startup.hello-static,startup.hello,tuned,cli,rust,static,True,2,78,1.047697,,,,,
20260925T083500Z-native-vm,startup.hello-static,startup.hello,tuned,cli,rust,static,True,2,79,1.055774,,,,,
20260925T083500Z-native-vm,startup.hello-static,startup.hello,tuned,cli,rust,static,True,2,80,1.103456,,,,,
20260925T083500Z-native-vm,startup.hello-static,startup.hello,tuned,cli,rust,static,True,2,81,1.024162,,,,,
20260925T083500Z-native-vm,startup.hello-static,startup.hello,tuned,cli,rust,static,True,2,82,1.067268,,,,,
20260925T083500Z-native-vm,startup.hello-static,startup.hello,tuned,cli,rust,static,True,2,83,1.021071,,,,,
20260925T083500Z-native-vm,startup.hello-static,startup.hello,tuned,cli,rust,static,True,2,84,1.012739,,,,,
20260925T083500Z-native-vm,startup.hello-static,startup.hello,tuned,cli,rust,static,True,2,85,1.133953,,,,,
20260925T083500Z-native-vm,startup.hello-static,startup.hello,tuned,cli,rust,static,True,2,86,0.981176,,,,,
20260925T083500Z-native-vm,startup.hello-static,startup.hello,tuned,cli,rust,static,True,2,87,1.1245720000000001,,,,,
20260925T083500Z-native-vm,startup.hello-static,startup.hello,tuned,cli,rust,static,True,2,88,1.113001,,,,,
20260925T083500Z-native-vm,startup.hello-static,startup.hello,tuned,cli,rust,static,True,2,89,1.0566920000000002,,,,,
20260925T083500Z-native-vm,startup.hello-static,startup.hello,tuned,cli,rust,static,True,2,90,1.1502269999999999,,,,,
20260925T083500Z-native-vm,startup.hello-static,startup.hello,tuned,cli,rust,static,True,2,91,1.262024,,,,,
20260925T083500Z-native-vm,startup.hello-static,startup.hello,tuned,cli,rust,static,True,2,92,1.379334,,,,,
20260925T083500Z-native-vm,startup.hello-static,startup.hello,tuned,cli,rust,static,True,2,93,1.1089120000000001,,,,,
20260925T083500Z-native-vm,startup.hello-static,startup.hello,tuned,cli,rust,static,True,2,94,1.065688,,,,,
20260925T083500Z-native-vm,startup.hello-static,startup.hello,tuned,cli,rust,static,True,2,95,1.106476,,,,,
20260925T083500Z-native-vm,startup.hello-static,startup.hello,tuned,cli,rust,static,True,2,96,1.037022,,,,,
20260925T083500Z-native-vm,startup.hello-static,startup.hello,tuned,cli,rust,static,True,2,97,1.006957,,,,,
20260925T083500Z-native-vm,startup.hello-static,startup.hello,tuned,cli,rust,static,True,2,98,1.109857,,,,,
20260925T083500Z-native-vm,startup.hello-static,startup.hello,tuned,cli,rust,static,True,2,99,1.4535120000000001,,,,,
20260925T083500Z-native-vm,startup.hello-static,startup.hello,tuned,cli,rust,static,True,3,0,1.052035,,,,,
20260925T083500Z-native-vm,startup.hello-static,startup.hello,tuned,cli,rust,static,True,3,1,1.0236750000000001,,,,,
20260925T083500Z-native-vm,startup.hello-static,startup.hello,tuned,cli,rust,static,True,3,2,1.0509080000000002,,,,,
20260925T083500Z-native-vm,startup.hello-static,startup.hello,tuned,cli,rust,static,True,3,3,1.008329,,,,,
20260925T083500Z-native-vm,startup.hello-static,startup.hello,tuned,cli,rust,static,True,3,4,1.009029,,,,,
20260925T083500Z-native-vm,startup.hello-static,startup.hello,tuned,cli,rust,static,True,3,5,1.344931,,,,,
20260925T083500Z-native-vm,startup.hello-static,startup.hello,tuned,cli,rust,static,True,3,6,1.1020590000000001,,,,,
20260925T083500Z-native-vm,startup.hello-static,startup.hello,tuned,cli,rust,static,True,3,7,1.020656,,,,,
20260925T083500Z-native-vm,startup.hello-static,startup.hello,tuned,cli,rust,static,True,3,8,1.00553,,,,,
20260925T083500Z-native-vm,startup.hello-static,startup.hello,tuned,cli,rust,static,True,3,9,1.0669260000000003,,,,,
20260925T083500Z-native-vm,startup.hello-static,startup.hello,tuned,cli,rust,static,True,3,10,1.00997,,,,,
20260925T083500Z-native-vm,startup.hello-static,startup.hello,tuned,cli,rust,static,True,3,11,1.021959,,,,,
20260925T083500Z-native-vm,startup.hello-static,startup.hello,tuned,cli,rust,static,True,3,12,1.0079010000000002,,,,,
20260925T083500Z-native-vm,startup.hello-static,startup.hello,tuned,cli,rust,static,True,3,13,1.1356009999999999,,,,,
20260925T083500Z-native-vm,startup.hello-static,startup.hello,tuned,cli,rust,static,True,3,14,0.996439,,,,,
20260925T083500Z-native-vm,startup.hello-static,startup.hello,tuned,cli,rust,static,True,3,15,1.006023,,,,,
20260925T083500Z-native-vm,startup.hello-static,startup.hello,tuned,cli,rust,static,True,3,16,1.0147030000000001,,,,,
20260925T083500Z-native-vm,startup.hello-static,startup.hello,tuned,cli,rust,static,True,3,17,1.0746900000000001,,,,,
20260925T083500Z-native-vm,startup.hello-static,startup.hello,tuned,cli,rust,static,True,3,18,1.023776,,,,,
20260925T083500Z-native-vm,startup.hello-static,startup.hello,tuned,cli,rust,static,True,3,19,1.011544,,,,,
20260925T083500Z-native-vm,startup.hello-static,startup.hello,tuned,cli,rust,static,True,3,20,1.018893,,,,,
20260925T083500Z-native-vm,startup.hello-static,startup.hello,tuned,cli,rust,static,True,3,21,1.1417270000000002,,,,,
20260925T083500Z-native-vm,startup.hello-static,startup.hello,tuned,cli,rust,static,True,3,22,1.019825,,,,,
20260925T083500Z-native-vm,startup.hello-static,startup.hello,tuned,cli,rust,static,True,3,23,1.008219,,,,,
20260925T083500Z-native-vm,startup.hello-static,startup.hello,tuned,cli,rust,static,True,3,24,1.036646,,,,,
20260925T083500Z-native-vm,startup.hello-static,startup.hello,tuned,cli,rust,static,True,3,25,1.000225,,,,,
20260925T083500Z-native-vm,startup.hello-static,startup.hello,tuned,cli,rust,static,True,3,26,1.058604,,,,,
20260925T083500Z-native-vm,startup.hello-static,startup.hello,tuned,cli,rust,static,True,3,27,0.990388,,,,,
20260925T083500Z-native-vm,startup.hello-static,startup.hello,tuned,cli,rust,static,True,3,28,1.136234,,,,,
20260925T083500Z-native-vm,startup.hello-static,startup.hello,tuned,cli,rust,static,True,3,29,1.008975,,,,,
20260925T083500Z-native-vm,startup.hello-static,startup.hello,tuned,cli,rust,static,True,3,30,1.0912410000000001,,,,,
20260925T083500Z-native-vm,startup.hello-static,startup.hello,tuned,cli,rust,static,True,3,31,1.0165130000000002,,,,,
20260925T083500Z-native-vm,startup.hello-static,startup.hello,tuned,cli,rust,static,True,3,32,1.0341080000000002,,,,,
20260925T083500Z-native-vm,startup.hello-static,startup.hello,tuned,cli,rust,static,True,3,33,1.0019799999999999,,,,,
20260925T083500Z-native-vm,startup.hello-static,startup.hello,tuned,cli,rust,static,True,3,34,1.001257,,,,,
20260925T083500Z-native-vm,startup.hello-static,startup.hello,tuned,cli,rust,static,True,3,35,0.9949600000000001,,,,,
20260925T083500Z-native-vm,startup.hello-static,startup.hello,tuned,cli,rust,static,True,3,36,1.11073,,,,,
20260925T083500Z-native-vm,startup.hello-static,startup.hello,tuned,cli,rust,static,True,3,37,1.0101510000000002,,,,,
20260925T083500Z-native-vm,startup.hello-static,startup.hello,tuned,cli,rust,static,True,3,38,1.138018,,,,,
20260925T083500Z-native-vm,startup.hello-static,startup.hello,tuned,cli,rust,static,True,3,39,1.067838,,,,,
20260925T083500Z-native-vm,startup.hello-static,startup.hello,tuned,cli,rust,static,True,3,40,1.120177,,,,,
20260925T083500Z-native-vm,startup.hello-static,startup.hello,tuned,cli,rust,static,True,3,41,0.995854,,,,,
20260925T083500Z-native-vm,startup.hello-static,startup.hello,tuned,cli,rust,static,True,3,42,1.0050350000000001,,,,,
20260925T083500Z-native-vm,startup.hello-static,startup.hello,tuned,cli,rust,static,True,3,43,1.1168230000000001,,,,,
20260925T083500Z-native-vm,startup.hello-static,startup.hello,tuned,cli,rust,static,True,3,44,0.9930590000000001,,,,,
20260925T083500Z-native-vm,startup.hello-static,startup.hello,tuned,cli,rust,static,True,3,45,1.511211,,,,,
20260925T083500Z-native-vm,startup.hello-static,startup.hello,tuned,cli,rust,static,True,3,46,1.017448,,,,,
20260925T083500Z-native-vm,startup.hello-static,startup.hello,tuned,cli,rust,static,True,3,47,1.137531,,,,,
20260925T083500Z-native-vm,startup.hello-static,startup.hello,tuned,cli,rust,static,True,3,48,1.026294,,,,,
20260925T083500Z-native-vm,startup.hello-static,startup.hello,tuned,cli,rust,static,True,3,49,1.005374,,,,,
20260925T083500Z-native-vm,startup.hello-static,startup.hello,tuned,cli,rust,static,True,3,50,1.315846,,,,,
20260925T083500Z-native-vm,startup.hello-static,startup.hello,tuned,cli,rust,static,True,3,51,1.010034,,,,,
20260925T083500Z-native-vm,startup.hello-static,startup.hello,tuned,cli,rust,static,True,3,52,1.3333000000000002,,,,,
20260925T083500Z-native-vm,startup.hello-static,startup.hello,tuned,cli,rust,static,True,3,53,1.144293,,,,,
20260925T083500Z-native-vm,startup.hello-static,startup.hello,tuned,cli,rust,static,True,3,54,1.161198,,,,,
20260925T083500Z-native-vm,startup.hello-static,startup.hello,tuned,cli,rust,static,True,3,55,0.993692,,,,,
20260925T083500Z-native-vm,startup.hello-static,startup.hello,tuned,cli,rust,static,True,3,56,0.9977850000000001,,,,,
20260925T083500Z-native-vm,startup.hello-static,startup.hello,tuned,cli,rust,static,True,3,57,1.090945,,,,,
20260925T083500Z-native-vm,startup.hello-static,startup.hello,tuned,cli,rust,static,True,3,58,0.993161,,,,,
20260925T083500Z-native-vm,startup.hello-static,startup.hello,tuned,cli,rust,static,True,3,59,0.9946970000000002,,,,,
20260925T083500Z-native-vm,startup.hello-static,startup.hello,tuned,cli,rust,static,True,3,60,0.983151,,,,,
20260925T083500Z-native-vm,startup.hello-static,startup.hello,tuned,cli,rust,static,True,3,61,1.019783,,,,,
20260925T083500Z-native-vm,startup.hello-static,startup.hello,tuned,cli,rust,static,True,3,62,1.005046,,,,,
20260925T083500Z-native-vm,startup.hello-static,startup.hello,tuned,cli,rust,static,True,3,63,0.9926100000000001,,,,,
20260925T083500Z-native-vm,startup.hello-static,startup.hello,tuned,cli,rust,static,True,3,64,0.990503,,,,,
20260925T083500Z-native-vm,startup.hello-static,startup.hello,tuned,cli,rust,static,True,3,65,1.218778,,,,,
20260925T083500Z-native-vm,startup.hello-static,startup.hello,tuned,cli,rust,static,True,3,66,0.985294,,,,,
20260925T083500Z-native-vm,startup.hello-static,startup.hello,tuned,cli,rust,static,True,3,67,1.0813370000000002,,,,,
20260925T083500Z-native-vm,startup.hello-static,startup.hello,tuned,cli,rust,static,True,3,68,0.9993810000000002,,,,,
20260925T083500Z-native-vm,startup.hello-static,startup.hello,tuned,cli,rust,static,True,3,69,1.110979,,,,,
20260925T083500Z-native-vm,startup.hello-static,startup.hello,tuned,cli,rust,static,True,3,70,1.06164,,,,,
20260925T083500Z-native-vm,startup.hello-static,startup.hello,tuned,cli,rust,static,True,3,71,0.9904390000000001,,,,,
20260925T083500Z-native-vm,startup.hello-static,startup.hello,tuned,cli,rust,static,True,3,72,0.978001,,,,,
20260925T083500Z-native-vm,startup.hello-static,startup.hello,tuned,cli,rust,static,True,3,73,1.0205050000000002,,,,,
20260925T083500Z-native-vm,startup.hello-static,startup.hello,tuned,cli,rust,static,True,3,74,0.9969380000000002,,,,,
20260925T083500Z-native-vm,startup.hello-static,startup.hello,tuned,cli,rust,static,True,3,75,0.989417,,,,,
20260925T083500Z-native-vm,startup.hello-static,startup.hello,tuned,cli,rust,static,True,3,76,0.991218,,,,,
20260925T083500Z-native-vm,startup.hello-static,startup.hello,tuned,cli,rust,static,True,3,77,1.1256460000000001,,,,,
20260925T083500Z-native-vm,startup.hello-static,startup.hello,tuned,cli,rust,static,True,3,78,0.974194,,,,,
20260925T083500Z-native-vm,startup.hello-static,startup.hello,tuned,cli,rust,static,True,3,79,1.0251630000000003,,,,,
20260925T083500Z-native-vm,startup.hello-static,startup.hello,tuned,cli,rust,static,True,3,80,0.9937400000000001,,,,,
20260925T083500Z-native-vm,startup.hello-static,startup.hello,tuned,cli,rust,static,True,3,81,1.0118850000000001,,,,,
20260925T083500Z-native-vm,startup.hello-static,startup.hello,tuned,cli,rust,static,True,3,82,0.9833770000000002,,,,,
20260925T083500Z-native-vm,startup.hello-static,startup.hello,tuned,cli,rust,static,True,3,83,1.028311,,,,,
20260925T083500Z-native-vm,startup.hello-static,startup.hello,tuned,cli,rust,static,True,3,84,1.145227,,,,,
20260925T083500Z-native-vm,startup.hello-static,startup.hello,tuned,cli,rust,static,True,3,85,0.9882219999999999,,,,,
20260925T083500Z-native-vm,startup.hello-static,startup.hello,tuned,cli,rust,static,True,3,86,0.985844,,,,,
20260925T083500Z-native-vm,startup.hello-static,startup.hello,tuned,cli,rust,static,True,3,87,0.9739350000000001,,,,,
20260925T083500Z-native-vm,startup.hello-static,startup.hello,tuned,cli,rust,static,True,3,88,1.0855920000000001,,,,,
20260925T083500Z-native-vm,startup.hello-static,startup.hello,tuned,cli,rust,static,True,3,89,0.981039,,,,,
20260925T083500Z-native-vm,startup.hello-static,startup.hello,tuned,cli,rust,static,True,3,90,0.9854660000000002,,,,,
20260925T083500Z-native-vm,startup.hello-static,startup.hello,tuned,cli,rust,static,True,3,91,0.974018,,,,,
20260925T083500Z-native-vm,startup.hello-static,startup.hello,tuned,cli,rust,static,True,3,92,1.1350330000000002,,,,,
20260925T083500Z-native-vm,startup.hello-static,startup.hello,tuned,cli,rust,static,True,3,93,0.97123,,,,,
20260925T083500Z-native-vm,startup.hello-static,startup.hello,tuned,cli,rust,static,True,3,94,0.9804539999999999,,,,,
20260925T083500Z-native-vm,startup.hello-static,startup.hello,tuned,cli,rust,static,True,3,95,0.9871230000000001,,,,,
20260925T083500Z-native-vm,startup.hello-static,startup.hello,tuned,cli,rust,static,True,3,96,1.0263740000000001,,,,,
20260925T083500Z-native-vm,startup.hello-static,startup.hello,tuned,cli,rust,static,True,3,97,0.97664,,,,,
20260925T083500Z-native-vm,startup.hello-static,startup.hello,tuned,cli,rust,static,True,3,98,0.9899890000000001,,,,,
20260925T083500Z-native-vm,startup.hello-static,startup.hello,tuned,cli,rust,static,True,3,99,0.9804740000000001,,,,,
20260925T083500Z-native-vm,startup.hello-static,startup.hello,tuned,cli,rust,static,True,4,0,1.0080740000000001,,,,,
20260925T083500Z-native-vm,startup.hello-static,startup.hello,tuned,cli,rust,static,True,4,1,1.038235,,,,,
20260925T083500Z-native-vm,startup.hello-static,startup.hello,tuned,cli,rust,static,True,4,2,0.985813,,,,,
20260925T083500Z-native-vm,startup.hello-static,startup.hello,tuned,cli,rust,static,True,4,3,0.9869330000000002,,,,,
20260925T083500Z-native-vm,startup.hello-static,startup.hello,tuned,cli,rust,static,True,4,4,0.9913040000000002,,,,,
20260925T083500Z-native-vm,startup.hello-static,startup.hello,tuned,cli,rust,static,True,4,5,1.1050820000000001,,,,,
20260925T083500Z-native-vm,startup.hello-static,startup.hello,tuned,cli,rust,static,True,4,6,0.9863390000000002,,,,,
20260925T083500Z-native-vm,startup.hello-static,startup.hello,tuned,cli,rust,static,True,4,7,0.9792360000000001,,,,,
20260925T083500Z-native-vm,startup.hello-static,startup.hello,tuned,cli,rust,static,True,4,8,0.9912420000000001,,,,,
20260925T083500Z-native-vm,startup.hello-static,startup.hello,tuned,cli,rust,static,True,4,9,1.015698,,,,,
20260925T083500Z-native-vm,startup.hello-static,startup.hello,tuned,cli,rust,static,True,4,10,0.9709,,,,,
20260925T083500Z-native-vm,startup.hello-static,startup.hello,tuned,cli,rust,static,True,4,11,0.9912880000000001,,,,,
20260925T083500Z-native-vm,startup.hello-static,startup.hello,tuned,cli,rust,static,True,4,12,0.9764870000000001,,,,,
20260925T083500Z-native-vm,startup.hello-static,startup.hello,tuned,cli,rust,static,True,4,13,1.1431220000000002,,,,,
20260925T083500Z-native-vm,startup.hello-static,startup.hello,tuned,cli,rust,static,True,4,14,0.9955250000000001,,,,,
20260925T083500Z-native-vm,startup.hello-static,startup.hello,tuned,cli,rust,static,True,4,15,0.979403,,,,,
20260925T083500Z-native-vm,startup.hello-static,startup.hello,tuned,cli,rust,static,True,4,16,0.9898910000000001,,,,,
20260925T083500Z-native-vm,startup.hello-static,startup.hello,tuned,cli,rust,static,True,4,17,1.010361,,,,,
20260925T083500Z-native-vm,startup.hello-static,startup.hello,tuned,cli,rust,static,True,4,18,0.9884900000000001,,,,,
20260925T083500Z-native-vm,startup.hello-static,startup.hello,tuned,cli,rust,static,True,4,19,0.980203,,,,,
20260925T083500Z-native-vm,startup.hello-static,startup.hello,tuned,cli,rust,static,True,4,20,0.9877469999999999,,,,,
20260925T083500Z-native-vm,startup.hello-static,startup.hello,tuned,cli,rust,static,True,4,21,1.060037,,,,,
20260925T083500Z-native-vm,startup.hello-static,startup.hello,tuned,cli,rust,static,True,4,22,0.9931990000000002,,,,,
20260925T083500Z-native-vm,startup.hello-static,startup.hello,tuned,cli,rust,static,True,4,23,0.9976060000000001,,,,,
20260925T083500Z-native-vm,startup.hello-static,startup.hello,tuned,cli,rust,static,True,4,24,0.986314,,,,,
20260925T083500Z-native-vm,startup.hello-static,startup.hello,tuned,cli,rust,static,True,4,25,1.069944,,,,,
20260925T083500Z-native-vm,startup.hello-static,startup.hello,tuned,cli,rust,static,True,4,26,1.0816810000000001,,,,,
20260925T083500Z-native-vm,startup.hello-static,startup.hello,tuned,cli,rust,static,True,4,27,0.9947720000000001,,,,,
20260925T083500Z-native-vm,startup.hello-static,startup.hello,tuned,cli,rust,static,True,4,28,1.094654,,,,,
20260925T083500Z-native-vm,startup.hello-static,startup.hello,tuned,cli,rust,static,True,4,29,0.9757300000000001,,,,,
20260925T083500Z-native-vm,startup.hello-static,startup.hello,tuned,cli,rust,static,True,4,30,0.984831,,,,,
20260925T083500Z-native-vm,startup.hello-static,startup.hello,tuned,cli,rust,static,True,4,31,0.9862460000000001,,,,,
20260925T083500Z-native-vm,startup.hello-static,startup.hello,tuned,cli,rust,static,True,4,32,1.0113120000000002,,,,,
20260925T083500Z-native-vm,startup.hello-static,startup.hello,tuned,cli,rust,static,True,4,33,0.98097,,,,,
20260925T083500Z-native-vm,startup.hello-static,startup.hello,tuned,cli,rust,static,True,4,34,1.0040350000000002,,,,,
20260925T083500Z-native-vm,startup.hello-static,startup.hello,tuned,cli,rust,static,True,4,35,0.9776590000000001,,,,,
20260925T083500Z-native-vm,startup.hello-static,startup.hello,tuned,cli,rust,static,True,4,36,1.1796090000000001,,,,,
20260925T083500Z-native-vm,startup.hello-static,startup.hello,tuned,cli,rust,static,True,4,37,1.001668,,,,,
20260925T083500Z-native-vm,startup.hello-static,startup.hello,tuned,cli,rust,static,True,4,38,0.982807,,,,,
20260925T083500Z-native-vm,startup.hello-static,startup.hello,tuned,cli,rust,static,True,4,39,0.9900100000000002,,,,,
20260925T083500Z-native-vm,startup.hello-static,startup.hello,tuned,cli,rust,static,True,4,40,1.026273,,,,,
20260925T083500Z-native-vm,startup.hello-static,startup.hello,tuned,cli,rust,static,True,4,41,0.9843729999999999,,,,,
20260925T083500Z-native-vm,startup.hello-static,startup.hello,tuned,cli,rust,static,True,4,42,0.9856910000000001,,,,,
20260925T083500Z-native-vm,startup.hello-static,startup.hello,tuned,cli,rust,static,True,4,43,0.9833630000000001,,,,,
20260925T083500Z-native-vm,startup.hello-static,startup.hello,tuned,cli,rust,static,True,4,44,1.223983,,,,,
20260925T083500Z-native-vm,startup.hello-static,startup.hello,tuned,cli,rust,static,True,4,45,0.9885410000000001,,,,,
20260925T083500Z-native-vm,startup.hello-static,startup.hello,tuned,cli,rust,static,True,4,46,0.9979910000000002,,,,,
20260925T083500Z-native-vm,startup.hello-static,startup.hello,tuned,cli,rust,static,True,4,47,1.088624,,,,,
20260925T083500Z-native-vm,startup.hello-static,startup.hello,tuned,cli,rust,static,True,4,48,1.032075,,,,,
20260925T083500Z-native-vm,startup.hello-static,startup.hello,tuned,cli,rust,static,True,4,49,0.974076,,,,,
20260925T083500Z-native-vm,startup.hello-static,startup.hello,tuned,cli,rust,static,True,4,50,0.9764170000000001,,,,,
20260925T083500Z-native-vm,startup.hello-static,startup.hello,tuned,cli,rust,static,True,4,51,0.9870410000000002,,,,,
20260925T083500Z-native-vm,startup.hello-static,startup.hello,tuned,cli,rust,static,True,4,52,1.086534,,,,,
20260925T083500Z-native-vm,startup.hello-static,startup.hello,tuned,cli,rust,static,True,4,53,0.988376,,,,,
20260925T083500Z-native-vm,startup.hello-static,startup.hello,tuned,cli,rust,static,True,4,54,0.9752200000000001,,,,,
20260925T083500Z-native-vm,startup.hello-static,startup.hello,tuned,cli,rust,static,True,4,55,0.978764,,,,,
20260925T083500Z-native-vm,startup.hello-static,startup.hello,tuned,cli,rust,static,True,4,56,1.013723,,,,,
20260925T083500Z-native-vm,startup.hello-static,startup.hello,tuned,cli,rust,static,True,4,57,0.9916650000000001,,,,,
20260925T083500Z-native-vm,startup.hello-static,startup.hello,tuned,cli,rust,static,True,4,58,1.077225,,,,,
20260925T083500Z-native-vm,startup.hello-static,startup.hello,tuned,cli,rust,static,True,4,59,1.00474,,,,,
20260925T083500Z-native-vm,startup.hello-static,startup.hello,tuned,cli,rust,static,True,4,60,1.0135,,,,,
20260925T083500Z-native-vm,startup.hello-static,startup.hello,tuned,cli,rust,static,True,4,61,0.989324,,,,,
20260925T083500Z-native-vm,startup.hello-static,startup.hello,tuned,cli,rust,static,True,4,62,0.982959,,,,,
20260925T083500Z-native-vm,startup.hello-static,startup.hello,tuned,cli,rust,static,True,4,63,1.007702,,,,,
20260925T083500Z-native-vm,startup.hello-static,startup.hello,tuned,cli,rust,static,True,4,64,1.008604,,,,,
20260925T083500Z-native-vm,startup.hello-static,startup.hello,tuned,cli,rust,static,True,4,65,0.9827250000000001,,,,,
20260925T083500Z-native-vm,startup.hello-static,startup.hello,tuned,cli,rust,static,True,4,66,0.9886790000000001,,,,,
20260925T083500Z-native-vm,startup.hello-static,startup.hello,tuned,cli,rust,static,True,4,67,0.9780780000000001,,,,,
20260925T083500Z-native-vm,startup.hello-static,startup.hello,tuned,cli,rust,static,True,4,68,1.1209060000000002,,,,,
20260925T083500Z-native-vm,startup.hello-static,startup.hello,tuned,cli,rust,static,True,4,69,1.087042,,,,,
20260925T083500Z-native-vm,startup.hello-static,startup.hello,tuned,cli,rust,static,True,4,70,1.01833,,,,,
20260925T083500Z-native-vm,startup.hello-static,startup.hello,tuned,cli,rust,static,True,4,71,1.0329780000000002,,,,,
20260925T083500Z-native-vm,startup.hello-static,startup.hello,tuned,cli,rust,static,True,4,72,0.983186,,,,,
20260925T083500Z-native-vm,startup.hello-static,startup.hello,tuned,cli,rust,static,True,4,73,0.9698870000000002,,,,,
20260925T083500Z-native-vm,startup.hello-static,startup.hello,tuned,cli,rust,static,True,4,74,0.993285,,,,,
20260925T083500Z-native-vm,startup.hello-static,startup.hello,tuned,cli,rust,static,True,4,75,1.149496,,,,,
20260925T083500Z-native-vm,startup.hello-static,startup.hello,tuned,cli,rust,static,True,4,76,0.980421,,,,,
20260925T083500Z-native-vm,startup.hello-static,startup.hello,tuned,cli,rust,static,True,4,77,0.9973170000000001,,,,,
20260925T083500Z-native-vm,startup.hello-static,startup.hello,tuned,cli,rust,static,True,4,78,0.9742980000000001,,,,,
20260925T083500Z-native-vm,startup.hello-static,startup.hello,tuned,cli,rust,static,True,4,79,1.023078,,,,,
20260925T083500Z-native-vm,startup.hello-static,startup.hello,tuned,cli,rust,static,True,4,80,1.066178,,,,,
20260925T083500Z-native-vm,startup.hello-static,startup.hello,tuned,cli,rust,static,True,4,81,1.0005840000000001,,,,,
20260925T083500Z-native-vm,startup.hello-static,startup.hello,tuned,cli,rust,static,True,4,82,0.9942240000000001,,,,,
20260925T083500Z-native-vm,startup.hello-static,startup.hello,tuned,cli,rust,static,True,4,83,1.080308,,,,,
20260925T083500Z-native-vm,startup.hello-static,startup.hello,tuned,cli,rust,static,True,4,84,1.0453700000000001,,,,,
20260925T083500Z-native-vm,startup.hello-static,startup.hello,tuned,cli,rust,static,True,4,85,1.0079360000000002,,,,,
20260925T083500Z-native-vm,startup.hello-static,startup.hello,tuned,cli,rust,static,True,4,86,0.991507,,,,,
20260925T083500Z-native-vm,startup.hello-static,startup.hello,tuned,cli,rust,static,True,4,87,1.151299,,,,,
20260925T083500Z-native-vm,startup.hello-static,startup.hello,tuned,cli,rust,static,True,4,88,1.028913,,,,,
20260925T083500Z-native-vm,startup.hello-static,startup.hello,tuned,cli,rust,static,True,4,89,1.0009860000000002,,,,,
20260925T083500Z-native-vm,startup.hello-static,startup.hello,tuned,cli,rust,static,True,4,90,1.07266,,,,,
20260925T083500Z-native-vm,startup.hello-static,startup.hello,tuned,cli,rust,static,True,4,91,1.030775,,,,,
20260925T083500Z-native-vm,startup.hello-static,startup.hello,tuned,cli,rust,static,True,4,92,1.320938,,,,,
20260925T083500Z-native-vm,startup.hello-static,startup.hello,tuned,cli,rust,static,True,4,93,1.03359,,,,,
20260925T083500Z-native-vm,startup.hello-static,startup.hello,tuned,cli,rust,static,True,4,94,1.2623130000000002,,,,,
20260925T083500Z-native-vm,startup.hello-static,startup.hello,tuned,cli,rust,static,True,4,95,0.989317,,,,,
20260925T083500Z-native-vm,startup.hello-static,startup.hello,tuned,cli,rust,static,True,4,96,0.9993090000000001,,,,,
20260925T083500Z-native-vm,startup.hello-static,startup.hello,tuned,cli,rust,static,True,4,97,1.0069880000000002,,,,,
20260925T083500Z-native-vm,startup.hello-static,startup.hello,tuned,cli,rust,static,True,4,98,1.0234580000000002,,,,,
20260925T083500Z-native-vm,startup.hello-static,startup.hello,tuned,cli,rust,static,True,4,99,1.006391,,,,,
20260925T083500Z-native-vm,startup.hello-static,startup.hello,tuned,cli,rust,static,True,5,0,1.205597,,,,,
20260925T083500Z-native-vm,startup.hello-static,startup.hello,tuned,cli,rust,static,True,5,1,1.1140240000000001,,,,,
20260925T083500Z-native-vm,startup.hello-static,startup.hello,tuned,cli,rust,static,True,5,2,1.0425810000000002,,,,,
20260925T083500Z-native-vm,startup.hello-static,startup.hello,tuned,cli,rust,static,True,5,3,1.017594,,,,,
20260925T083500Z-native-vm,startup.hello-static,startup.hello,tuned,cli,rust,static,True,5,4,0.9929160000000001,,,,,
20260925T083500Z-native-vm,startup.hello-static,startup.hello,tuned,cli,rust,static,True,5,5,1.22988,,,,,
20260925T083500Z-native-vm,startup.hello-static,startup.hello,tuned,cli,rust,static,True,5,6,1.073436,,,,,
20260925T083500Z-native-vm,startup.hello-static,startup.hello,tuned,cli,rust,static,True,5,7,1.0208300000000001,,,,,
20260925T083500Z-native-vm,startup.hello-static,startup.hello,tuned,cli,rust,static,True,5,8,1.1915600000000002,,,,,
20260925T083500Z-native-vm,startup.hello-static,startup.hello,tuned,cli,rust,static,True,5,9,1.246955,,,,,
20260925T083500Z-native-vm,startup.hello-static,startup.hello,tuned,cli,rust,static,True,5,10,1.1057290000000002,,,,,
20260925T083500Z-native-vm,startup.hello-static,startup.hello,tuned,cli,rust,static,True,5,11,1.002007,,,,,
20260925T083500Z-native-vm,startup.hello-static,startup.hello,tuned,cli,rust,static,True,5,12,1.184417,,,,,
20260925T083500Z-native-vm,startup.hello-static,startup.hello,tuned,cli,rust,static,True,5,13,1.0060900000000002,,,,,
20260925T083500Z-native-vm,startup.hello-static,startup.hello,tuned,cli,rust,static,True,5,14,1.070517,,,,,
20260925T083500Z-native-vm,startup.hello-static,startup.hello,tuned,cli,rust,static,True,5,15,1.1303100000000001,,,,,
20260925T083500Z-native-vm,startup.hello-static,startup.hello,tuned,cli,rust,static,True,5,16,1.01874,,,,,
20260925T083500Z-native-vm,startup.hello-static,startup.hello,tuned,cli,rust,static,True,5,17,1.0042430000000002,,,,,
20260925T083500Z-native-vm,startup.hello-static,startup.hello,tuned,cli,rust,static,True,5,18,0.9923510000000001,,,,,
20260925T083500Z-native-vm,startup.hello-static,startup.hello,tuned,cli,rust,static,True,5,19,1.196632,,,,,
20260925T083500Z-native-vm,startup.hello-static,startup.hello,tuned,cli,rust,static,True,5,20,1.039063,,,,,
20260925T083500Z-native-vm,startup.hello-static,startup.hello,tuned,cli,rust,static,True,5,21,1.118944,,,,,
20260925T083500Z-native-vm,startup.hello-static,startup.hello,tuned,cli,rust,static,True,5,22,1.098864,,,,,
20260925T083500Z-native-vm,startup.hello-static,startup.hello,tuned,cli,rust,static,True,5,23,1.135083,,,,,
20260925T083500Z-native-vm,startup.hello-static,startup.hello,tuned,cli,rust,static,True,5,24,1.0491020000000002,,,,,
20260925T083500Z-native-vm,startup.hello-static,startup.hello,tuned,cli,rust,static,True,5,25,1.136366,,,,,
20260925T083500Z-native-vm,startup.hello-static,startup.hello,tuned,cli,rust,static,True,5,26,1.1216420000000002,,,,,
20260925T083500Z-native-vm,startup.hello-static,startup.hello,tuned,cli,rust,static,True,5,27,1.028588,,,,,
20260925T083500Z-native-vm,startup.hello-static,startup.hello,tuned,cli,rust,static,True,5,28,1.000444,,,,,
20260925T083500Z-native-vm,startup.hello-static,startup.hello,tuned,cli,rust,static,True,5,29,1.014466,,,,,
20260925T083500Z-native-vm,startup.hello-static,startup.hello,tuned,cli,rust,static,True,5,30,1.1336920000000001,,,,,
20260925T083500Z-native-vm,startup.hello-static,startup.hello,tuned,cli,rust,static,True,5,31,1.0060030000000002,,,,,
20260925T083500Z-native-vm,startup.hello-static,startup.hello,tuned,cli,rust,static,True,5,32,1.002858,,,,,
20260925T083500Z-native-vm,startup.hello-static,startup.hello,tuned,cli,rust,static,True,5,33,1.014013,,,,,
20260925T083500Z-native-vm,startup.hello-static,startup.hello,tuned,cli,rust,static,True,5,34,1.079226,,,,,
20260925T083500Z-native-vm,startup.hello-static,startup.hello,tuned,cli,rust,static,True,5,35,1.0447380000000002,,,,,
20260925T083500Z-native-vm,startup.hello-static,startup.hello,tuned,cli,rust,static,True,5,36,1.129655,,,,,
20260925T083500Z-native-vm,startup.hello-static,startup.hello,tuned,cli,rust,static,True,5,37,1.025593,,,,,
20260925T083500Z-native-vm,startup.hello-static,startup.hello,tuned,cli,rust,static,True,5,38,1.1864450000000002,,,,,
20260925T083500Z-native-vm,startup.hello-static,startup.hello,tuned,cli,rust,static,True,5,39,1.002878,,,,,
20260925T083500Z-native-vm,startup.hello-static,startup.hello,tuned,cli,rust,static,True,5,40,0.9805130000000001,,,,,
20260925T083500Z-native-vm,startup.hello-static,startup.hello,tuned,cli,rust,static,True,5,41,1.0174090000000002,,,,,
20260925T083500Z-native-vm,startup.hello-static,startup.hello,tuned,cli,rust,static,True,5,42,1.046789,,,,,
20260925T083500Z-native-vm,startup.hello-static,startup.hello,tuned,cli,rust,static,True,5,43,1.0552540000000001,,,,,
20260925T083500Z-native-vm,startup.hello-static,startup.hello,tuned,cli,rust,static,True,5,44,1.066665,,,,,
20260925T083500Z-native-vm,startup.hello-static,startup.hello,tuned,cli,rust,static,True,5,45,1.187345,,,,,
20260925T083500Z-native-vm,startup.hello-static,startup.hello,tuned,cli,rust,static,True,5,46,1.0028560000000002,,,,,
20260925T083500Z-native-vm,startup.hello-static,startup.hello,tuned,cli,rust,static,True,5,47,1.0303820000000001,,,,,
20260925T083500Z-native-vm,startup.hello-static,startup.hello,tuned,cli,rust,static,True,5,48,1.096926,,,,,
20260925T083500Z-native-vm,startup.hello-static,startup.hello,tuned,cli,rust,static,True,5,49,1.133194,,,,,
20260925T083500Z-native-vm,startup.hello-static,startup.hello,tuned,cli,rust,static,True,5,50,1.125178,,,,,
20260925T083500Z-native-vm,startup.hello-static,startup.hello,tuned,cli,rust,static,True,5,51,1.0716900000000003,,,,,
20260925T083500Z-native-vm,startup.hello-static,startup.hello,tuned,cli,rust,static,True,5,52,1.398245,,,,,
20260925T083500Z-native-vm,startup.hello-static,startup.hello,tuned,cli,rust,static,True,5,53,1.07683,,,,,
20260925T083500Z-native-vm,startup.hello-static,startup.hello,tuned,cli,rust,static,True,5,54,1.042308,,,,,
20260925T083500Z-native-vm,startup.hello-static,startup.hello,tuned,cli,rust,static,True,5,55,1.0886330000000002,,,,,
20260925T083500Z-native-vm,startup.hello-static,startup.hello,tuned,cli,rust,static,True,5,56,1.064092,,,,,
20260925T083500Z-native-vm,startup.hello-static,startup.hello,tuned,cli,rust,static,True,5,57,1.004393,,,,,
20260925T083500Z-native-vm,startup.hello-static,startup.hello,tuned,cli,rust,static,True,5,58,1.0476040000000002,,,,,
20260925T083500Z-native-vm,startup.hello-static,startup.hello,tuned,cli,rust,static,True,5,59,1.063327,,,,,
20260925T083500Z-native-vm,startup.hello-static,startup.hello,tuned,cli,rust,static,True,5,60,1.140753,,,,,
20260925T083500Z-native-vm,startup.hello-static,startup.hello,tuned,cli,rust,static,True,5,61,1.011348,,,,,
20260925T083500Z-native-vm,startup.hello-static,startup.hello,tuned,cli,rust,static,True,5,62,1.001271,,,,,
20260925T083500Z-native-vm,startup.hello-static,startup.hello,tuned,cli,rust,static,True,5,63,1.0805660000000001,,,,,
20260925T083500Z-native-vm,startup.hello-static,startup.hello,tuned,cli,rust,static,True,5,64,1.060233,,,,,
20260925T083500Z-native-vm,startup.hello-static,startup.hello,tuned,cli,rust,static,True,5,65,1.0293780000000001,,,,,
20260925T083500Z-native-vm,startup.hello-static,startup.hello,tuned,cli,rust,static,True,5,66,1.015482,,,,,
20260925T083500Z-native-vm,startup.hello-static,startup.hello,tuned,cli,rust,static,True,5,67,1.2058000000000002,,,,,
20260925T083500Z-native-vm,startup.hello-static,startup.hello,tuned,cli,rust,static,True,5,68,1.0372540000000001,,,,,
20260925T083500Z-native-vm,startup.hello-static,startup.hello,tuned,cli,rust,static,True,5,69,1.0058580000000001,,,,,
20260925T083500Z-native-vm,startup.hello-static,startup.hello,tuned,cli,rust,static,True,5,70,1.017151,,,,,
20260925T083500Z-native-vm,startup.hello-static,startup.hello,tuned,cli,rust,static,True,5,71,1.0961710000000002,,,,,
20260925T083500Z-native-vm,startup.hello-static,startup.hello,tuned,cli,rust,static,True,5,72,1.0086890000000002,,,,,
20260925T083500Z-native-vm,startup.hello-static,startup.hello,tuned,cli,rust,static,True,5,73,1.074857,,,,,
20260925T083500Z-native-vm,startup.hello-static,startup.hello,tuned,cli,rust,static,True,5,74,0.997148,,,,,
20260925T083500Z-native-vm,startup.hello-static,startup.hello,tuned,cli,rust,static,True,5,75,1.041445,,,,,
20260925T083500Z-native-vm,startup.hello-static,startup.hello,tuned,cli,rust,static,True,5,76,1.0024160000000002,,,,,
20260925T083500Z-native-vm,startup.hello-static,startup.hello,tuned,cli,rust,static,True,5,77,1.0059300000000002,,,,,
20260925T083500Z-native-vm,startup.hello-static,startup.hello,tuned,cli,rust,static,True,5,78,1.0403580000000001,,,,,
20260925T083500Z-native-vm,startup.hello-static,startup.hello,tuned,cli,rust,static,True,5,79,1.150476,,,,,
20260925T083500Z-native-vm,startup.hello-static,startup.hello,tuned,cli,rust,static,True,5,80,0.9892489999999999,,,,,
20260925T083500Z-native-vm,startup.hello-static,startup.hello,tuned,cli,rust,static,True,5,81,0.99332,,,,,
20260925T083500Z-native-vm,startup.hello-static,startup.hello,tuned,cli,rust,static,True,5,82,1.1497970000000002,,,,,
20260925T083500Z-native-vm,startup.hello-static,startup.hello,tuned,cli,rust,static,True,5,83,1.004951,,,,,
20260925T083500Z-native-vm,startup.hello-static,startup.hello,tuned,cli,rust,static,True,5,84,1.011446,,,,,
20260925T083500Z-native-vm,startup.hello-static,startup.hello,tuned,cli,rust,static,True,5,85,1.0645490000000002,,,,,
20260925T083500Z-native-vm,startup.hello-static,startup.hello,tuned,cli,rust,static,True,5,86,1.143621,,,,,
20260925T083500Z-native-vm,startup.hello-static,startup.hello,tuned,cli,rust,static,True,5,87,1.0061790000000002,,,,,
20260925T083500Z-native-vm,startup.hello-static,startup.hello,tuned,cli,rust,static,True,5,88,1.0107920000000001,,,,,
20260925T083500Z-native-vm,startup.hello-static,startup.hello,tuned,cli,rust,static,True,5,89,1.0732860000000002,,,,,
20260925T083500Z-native-vm,startup.hello-static,startup.hello,tuned,cli,rust,static,True,5,90,1.101647,,,,,
20260925T083500Z-native-vm,startup.hello-static,startup.hello,tuned,cli,rust,static,True,5,91,1.018685,,,,,
20260925T083500Z-native-vm,startup.hello-static,startup.hello,tuned,cli,rust,static,True,5,92,1.0038310000000001,,,,,
20260925T083500Z-native-vm,startup.hello-static,startup.hello,tuned,cli,rust,static,True,5,93,1.0456040000000002,,,,,
20260925T083500Z-native-vm,startup.hello-static,startup.hello,tuned,cli,rust,static,True,5,94,1.1869020000000001,,,,,
20260925T083500Z-native-vm,startup.hello-static,startup.hello,tuned,cli,rust,static,True,5,95,1.001406,,,,,
20260925T083500Z-native-vm,startup.hello-static,startup.hello,tuned,cli,rust,static,True,5,96,1.019481,,,,,
20260925T083500Z-native-vm,startup.hello-static,startup.hello,tuned,cli,rust,static,True,5,97,1.040003,,,,,
20260925T083500Z-native-vm,startup.hello-static,startup.hello,tuned,cli,rust,static,True,5,98,1.042194,,,,,
20260925T083500Z-native-vm,startup.hello-static,startup.hello,tuned,cli,rust,static,True,5,99,0.998575,,,,,
20260925T083500Z-native-vm,startup.hello-static,startup.hello,tuned,cli,rust,static,True,6,0,1.0294800000000002,,,,,
20260925T083500Z-native-vm,startup.hello-static,startup.hello,tuned,cli,rust,static,True,6,1,1.0392700000000001,,,,,
20260925T083500Z-native-vm,startup.hello-static,startup.hello,tuned,cli,rust,static,True,6,2,1.11951,,,,,
20260925T083500Z-native-vm,startup.hello-static,startup.hello,tuned,cli,rust,static,True,6,3,1.01803,,,,,
20260925T083500Z-native-vm,startup.hello-static,startup.hello,tuned,cli,rust,static,True,6,4,1.135593,,,,,
20260925T083500Z-native-vm,startup.hello-static,startup.hello,tuned,cli,rust,static,True,6,5,1.2165700000000002,,,,,
20260925T083500Z-native-vm,startup.hello-static,startup.hello,tuned,cli,rust,static,True,6,6,1.03367,,,,,
20260925T083500Z-native-vm,startup.hello-static,startup.hello,tuned,cli,rust,static,True,6,7,1.149724,,,,,
20260925T083500Z-native-vm,startup.hello-static,startup.hello,tuned,cli,rust,static,True,6,8,1.0782180000000001,,,,,
20260925T083500Z-native-vm,startup.hello-static,startup.hello,tuned,cli,rust,static,True,6,9,1.058777,,,,,
20260925T083500Z-native-vm,startup.hello-static,startup.hello,tuned,cli,rust,static,True,6,10,1.1572380000000002,,,,,
20260925T083500Z-native-vm,startup.hello-static,startup.hello,tuned,cli,rust,static,True,6,11,1.147232,,,,,
20260925T083500Z-native-vm,startup.hello-static,startup.hello,tuned,cli,rust,static,True,6,12,1.3162230000000001,,,,,
20260925T083500Z-native-vm,startup.hello-static,startup.hello,tuned,cli,rust,static,True,6,13,1.075693,,,,,
20260925T083500Z-native-vm,startup.hello-static,startup.hello,tuned,cli,rust,static,True,6,14,1.088461,,,,,
20260925T083500Z-native-vm,startup.hello-static,startup.hello,tuned,cli,rust,static,True,6,15,1.0311180000000002,,,,,
20260925T083500Z-native-vm,startup.hello-static,startup.hello,tuned,cli,rust,static,True,6,16,1.068937,,,,,
20260925T083500Z-native-vm,startup.hello-static,startup.hello,tuned,cli,rust,static,True,6,17,1.0290080000000001,,,,,
20260925T083500Z-native-vm,startup.hello-static,startup.hello,tuned,cli,rust,static,True,6,18,1.090027,,,,,
20260925T083500Z-native-vm,startup.hello-static,startup.hello,tuned,cli,rust,static,True,6,19,1.0424,,,,,
20260925T083500Z-native-vm,startup.hello-static,startup.hello,tuned,cli,rust,static,True,6,20,1.064876,,,,,
20260925T083500Z-native-vm,startup.hello-static,startup.hello,tuned,cli,rust,static,True,6,21,1.003304,,,,,
20260925T083500Z-native-vm,startup.hello-static,startup.hello,tuned,cli,rust,static,True,6,22,1.0020110000000002,,,,,
20260925T083500Z-native-vm,startup.hello-static,startup.hello,tuned,cli,rust,static,True,6,23,1.003023,,,,,
20260925T083500Z-native-vm,startup.hello-static,startup.hello,tuned,cli,rust,static,True,6,24,1.05328,,,,,
20260925T083500Z-native-vm,startup.hello-static,startup.hello,tuned,cli,rust,static,True,6,25,1.009351,,,,,
20260925T083500Z-native-vm,startup.hello-static,startup.hello,tuned,cli,rust,static,True,6,26,1.004656,,,,,
20260925T083500Z-native-vm,startup.hello-static,startup.hello,tuned,cli,rust,static,True,6,27,1.133345,,,,,
20260925T083500Z-native-vm,startup.hello-static,startup.hello,tuned,cli,rust,static,True,6,28,1.0052610000000002,,,,,
20260925T083500Z-native-vm,startup.hello-static,startup.hello,tuned,cli,rust,static,True,6,29,0.9845140000000001,,,,,
20260925T083500Z-native-vm,startup.hello-static,startup.hello,tuned,cli,rust,static,True,6,30,0.9906820000000001,,,,,
20260925T083500Z-native-vm,startup.hello-static,startup.hello,tuned,cli,rust,static,True,6,31,1.0181090000000002,,,,,
20260925T083500Z-native-vm,startup.hello-static,startup.hello,tuned,cli,rust,static,True,6,32,0.9913409999999999,,,,,
20260925T083500Z-native-vm,startup.hello-static,startup.hello,tuned,cli,rust,static,True,6,33,0.9944820000000001,,,,,
20260925T083500Z-native-vm,startup.hello-static,startup.hello,tuned,cli,rust,static,True,6,34,0.993724,,,,,
20260925T083500Z-native-vm,startup.hello-static,startup.hello,tuned,cli,rust,static,True,6,35,1.1464930000000002,,,,,
20260925T083500Z-native-vm,startup.hello-static,startup.hello,tuned,cli,rust,static,True,6,36,1.007871,,,,,
20260925T083500Z-native-vm,startup.hello-static,startup.hello,tuned,cli,rust,static,True,6,37,1.00485,,,,,
20260925T083500Z-native-vm,startup.hello-static,startup.hello,tuned,cli,rust,static,True,6,38,1.021285,,,,,
20260925T083500Z-native-vm,startup.hello-static,startup.hello,tuned,cli,rust,static,True,6,39,1.071887,,,,,
20260925T083500Z-native-vm,startup.hello-static,startup.hello,tuned,cli,rust,static,True,6,40,1.0025680000000001,,,,,
20260925T083500Z-native-vm,startup.hello-static,startup.hello,tuned,cli,rust,static,True,6,41,1.013862,,,,,
20260925T083500Z-native-vm,startup.hello-static,startup.hello,tuned,cli,rust,static,True,6,42,1.1062790000000002,,,,,
20260925T083500Z-native-vm,startup.hello-static,startup.hello,tuned,cli,rust,static,True,6,43,1.147152,,,,,
20260925T083500Z-native-vm,startup.hello-static,startup.hello,tuned,cli,rust,static,True,6,44,0.9979380000000001,,,,,
20260925T083500Z-native-vm,startup.hello-static,startup.hello,tuned,cli,rust,static,True,6,45,1.0402220000000002,,,,,
20260925T083500Z-native-vm,startup.hello-static,startup.hello,tuned,cli,rust,static,True,6,46,1.017995,,,,,
20260925T083500Z-native-vm,startup.hello-static,startup.hello,tuned,cli,rust,static,True,6,47,1.0828790000000001,,,,,
20260925T083500Z-native-vm,startup.hello-static,startup.hello,tuned,cli,rust,static,True,6,48,0.997847,,,,,
20260925T083500Z-native-vm,startup.hello-static,startup.hello,tuned,cli,rust,static,True,6,49,0.994078,,,,,
20260925T083500Z-native-vm,startup.hello-static,startup.hello,tuned,cli,rust,static,True,6,50,1.153971,,,,,
20260925T083500Z-native-vm,startup.hello-static,startup.hello,tuned,cli,rust,static,True,6,51,1.002566,,,,,
20260925T083500Z-native-vm,startup.hello-static,startup.hello,tuned,cli,rust,static,True,6,52,0.9881240000000001,,,,,
20260925T083500Z-native-vm,startup.hello-static,startup.hello,tuned,cli,rust,static,True,6,53,0.9908760000000001,,,,,
20260925T083500Z-native-vm,startup.hello-static,startup.hello,tuned,cli,rust,static,True,6,54,1.035763,,,,,
20260925T083500Z-native-vm,startup.hello-static,startup.hello,tuned,cli,rust,static,True,6,55,0.9956730000000001,,,,,
20260925T083500Z-native-vm,startup.hello-static,startup.hello,tuned,cli,rust,static,True,6,56,1.007323,,,,,
20260925T083500Z-native-vm,startup.hello-static,startup.hello,tuned,cli,rust,static,True,6,57,0.9943569999999999,,,,,
20260925T083500Z-native-vm,startup.hello-static,startup.hello,tuned,cli,rust,static,True,6,58,1.074057,,,,,
20260925T083500Z-native-vm,startup.hello-static,startup.hello,tuned,cli,rust,static,True,6,59,1.008563,,,,,
20260925T083500Z-native-vm,startup.hello-static,startup.hello,tuned,cli,rust,static,True,6,60,0.998894,,,,,
20260925T083500Z-native-vm,startup.hello-static,startup.hello,tuned,cli,rust,static,True,6,61,1.017855,,,,,
20260925T083500Z-native-vm,startup.hello-static,startup.hello,tuned,cli,rust,static,True,6,62,1.068975,,,,,
20260925T083500Z-native-vm,startup.hello-static,startup.hello,tuned,cli,rust,static,True,6,63,0.9944660000000001,,,,,
20260925T083500Z-native-vm,startup.hello-static,startup.hello,tuned,cli,rust,static,True,6,64,1.014717,,,,,
20260925T083500Z-native-vm,startup.hello-static,startup.hello,tuned,cli,rust,static,True,6,65,3.3698110000000003,,,,,
20260925T083500Z-native-vm,startup.hello-static,startup.hello,tuned,cli,rust,static,True,6,66,1.018777,,,,,
20260925T083500Z-native-vm,startup.hello-static,startup.hello,tuned,cli,rust,static,True,6,67,1.0399980000000002,,,,,
20260925T083500Z-native-vm,startup.hello-static,startup.hello,tuned,cli,rust,static,True,6,68,1.041812,,,,,
20260925T083500Z-native-vm,startup.hello-static,startup.hello,tuned,cli,rust,static,True,6,69,1.000571,,,,,
20260925T083500Z-native-vm,startup.hello-static,startup.hello,tuned,cli,rust,static,True,6,70,1.0556750000000001,,,,,
20260925T083500Z-native-vm,startup.hello-static,startup.hello,tuned,cli,rust,static,True,6,71,1.0469789999999999,,,,,
20260925T083500Z-native-vm,startup.hello-static,startup.hello,tuned,cli,rust,static,True,6,72,0.9844310000000001,,,,,
20260925T083500Z-native-vm,startup.hello-static,startup.hello,tuned,cli,rust,static,True,6,73,1.0143840000000002,,,,,
20260925T083500Z-native-vm,startup.hello-static,startup.hello,tuned,cli,rust,static,True,6,74,1.011585,,,,,
20260925T083500Z-native-vm,startup.hello-static,startup.hello,tuned,cli,rust,static,True,6,75,1.110209,,,,,
20260925T083500Z-native-vm,startup.hello-static,startup.hello,tuned,cli,rust,static,True,6,76,1.167527,,,,,
20260925T083500Z-native-vm,startup.hello-static,startup.hello,tuned,cli,rust,static,True,6,77,1.681488,,,,,
20260925T083500Z-native-vm,startup.hello-static,startup.hello,tuned,cli,rust,static,True,6,78,1.4140930000000003,,,,,
20260925T083500Z-native-vm,startup.hello-static,startup.hello,tuned,cli,rust,static,True,6,79,1.320362,,,,,
20260925T083500Z-native-vm,startup.hello-static,startup.hello,tuned,cli,rust,static,True,6,80,1.235764,,,,,
20260925T083500Z-native-vm,startup.hello-static,startup.hello,tuned,cli,rust,static,True,6,81,1.21235,,,,,
20260925T083500Z-native-vm,startup.hello-static,startup.hello,tuned,cli,rust,static,True,6,82,1.009191,,,,,
20260925T083500Z-native-vm,startup.hello-static,startup.hello,tuned,cli,rust,static,True,6,83,1.001821,,,,,
20260925T083500Z-native-vm,startup.hello-static,startup.hello,tuned,cli,rust,static,True,6,84,0.9931500000000002,,,,,
20260925T083500Z-native-vm,startup.hello-static,startup.hello,tuned,cli,rust,static,True,6,85,1.062025,,,,,
20260925T083500Z-native-vm,startup.hello-static,startup.hello,tuned,cli,rust,static,True,6,86,0.9898260000000001,,,,,
20260925T083500Z-native-vm,startup.hello-static,startup.hello,tuned,cli,rust,static,True,6,87,1.000187,,,,,
20260925T083500Z-native-vm,startup.hello-static,startup.hello,tuned,cli,rust,static,True,6,88,1.066141,,,,,
20260925T083500Z-native-vm,startup.hello-static,startup.hello,tuned,cli,rust,static,True,6,89,1.233506,,,,,
20260925T083500Z-native-vm,startup.hello-static,startup.hello,tuned,cli,rust,static,True,6,90,1.031268,,,,,
20260925T083500Z-native-vm,startup.hello-static,startup.hello,tuned,cli,rust,static,True,6,91,1.099025,,,,,
20260925T083500Z-native-vm,startup.hello-static,startup.hello,tuned,cli,rust,static,True,6,92,1.0701230000000002,,,,,
20260925T083500Z-native-vm,startup.hello-static,startup.hello,tuned,cli,rust,static,True,6,93,1.000141,,,,,
20260925T083500Z-native-vm,startup.hello-static,startup.hello,tuned,cli,rust,static,True,6,94,0.997519,,,,,
20260925T083500Z-native-vm,startup.hello-static,startup.hello,tuned,cli,rust,static,True,6,95,0.9861330000000001,,,,,
20260925T083500Z-native-vm,startup.hello-static,startup.hello,tuned,cli,rust,static,True,6,96,1.16051,,,,,
20260925T083500Z-native-vm,startup.hello-static,startup.hello,tuned,cli,rust,static,True,6,97,1.0007730000000001,,,,,
20260925T083500Z-native-vm,startup.hello-static,startup.hello,tuned,cli,rust,static,True,6,98,1.261978,,,,,
20260925T083500Z-native-vm,startup.hello-static,startup.hello,tuned,cli,rust,static,True,6,99,1.1295950000000001,,,,,
20260925T083500Z-native-vm,startup.hello-static,startup.hello,tuned,cli,rust,static,True,7,0,1.0741630000000002,,,,,
20260925T083500Z-native-vm,startup.hello-static,startup.hello,tuned,cli,rust,static,True,7,1,1.057128,,,,,
20260925T083500Z-native-vm,startup.hello-static,startup.hello,tuned,cli,rust,static,True,7,2,0.9966950000000001,,,,,
20260925T083500Z-native-vm,startup.hello-static,startup.hello,tuned,cli,rust,static,True,7,3,1.038108,,,,,
20260925T083500Z-native-vm,startup.hello-static,startup.hello,tuned,cli,rust,static,True,7,4,0.9966560000000001,,,,,
20260925T083500Z-native-vm,startup.hello-static,startup.hello,tuned,cli,rust,static,True,7,5,0.989792,,,,,
20260925T083500Z-native-vm,startup.hello-static,startup.hello,tuned,cli,rust,static,True,7,6,0.9990290000000001,,,,,
20260925T083500Z-native-vm,startup.hello-static,startup.hello,tuned,cli,rust,static,True,7,7,1.3459070000000002,,,,,
20260925T083500Z-native-vm,startup.hello-static,startup.hello,tuned,cli,rust,static,True,7,8,1.3004210000000003,,,,,
20260925T083500Z-native-vm,startup.hello-static,startup.hello,tuned,cli,rust,static,True,7,9,1.182871,,,,,
20260925T083500Z-native-vm,startup.hello-static,startup.hello,tuned,cli,rust,static,True,7,10,1.1027200000000001,,,,,
20260925T083500Z-native-vm,startup.hello-static,startup.hello,tuned,cli,rust,static,True,7,11,1.034666,,,,,
20260925T083500Z-native-vm,startup.hello-static,startup.hello,tuned,cli,rust,static,True,7,12,1.0520710000000002,,,,,
20260925T083500Z-native-vm,startup.hello-static,startup.hello,tuned,cli,rust,static,True,7,13,1.0279380000000002,,,,,
20260925T083500Z-native-vm,startup.hello-static,startup.hello,tuned,cli,rust,static,True,7,14,1.182511,,,,,
20260925T083500Z-native-vm,startup.hello-static,startup.hello,tuned,cli,rust,static,True,7,15,1.0496159999999999,,,,,
20260925T083500Z-native-vm,startup.hello-static,startup.hello,tuned,cli,rust,static,True,7,16,1.025598,,,,,
20260925T083500Z-native-vm,startup.hello-static,startup.hello,tuned,cli,rust,static,True,7,17,0.9985370000000001,,,,,
20260925T083500Z-native-vm,startup.hello-static,startup.hello,tuned,cli,rust,static,True,7,18,1.040799,,,,,
20260925T083500Z-native-vm,startup.hello-static,startup.hello,tuned,cli,rust,static,True,7,19,0.9941780000000001,,,,,
20260925T083500Z-native-vm,startup.hello-static,startup.hello,tuned,cli,rust,static,True,7,20,1.02468,,,,,
20260925T083500Z-native-vm,startup.hello-static,startup.hello,tuned,cli,rust,static,True,7,21,1.0468790000000001,,,,,
20260925T083500Z-native-vm,startup.hello-static,startup.hello,tuned,cli,rust,static,True,7,22,0.9891179999999999,,,,,
20260925T083500Z-native-vm,startup.hello-static,startup.hello,tuned,cli,rust,static,True,7,23,1.021846,,,,,
20260925T083500Z-native-vm,startup.hello-static,startup.hello,tuned,cli,rust,static,True,7,24,0.9896800000000001,,,,,
20260925T083500Z-native-vm,startup.hello-static,startup.hello,tuned,cli,rust,static,True,7,25,1.108622,,,,,
20260925T083500Z-native-vm,startup.hello-static,startup.hello,tuned,cli,rust,static,True,7,26,1.036585,,,,,
20260925T083500Z-native-vm,startup.hello-static,startup.hello,tuned,cli,rust,static,True,7,27,1.023618,,,,,
20260925T083500Z-native-vm,startup.hello-static,startup.hello,tuned,cli,rust,static,True,7,28,0.9937540000000001,,,,,
20260925T083500Z-native-vm,startup.hello-static,startup.hello,tuned,cli,rust,static,True,7,29,1.0403,,,,,
20260925T083500Z-native-vm,startup.hello-static,startup.hello,tuned,cli,rust,static,True,7,30,1.000534,,,,,
20260925T083500Z-native-vm,startup.hello-static,startup.hello,tuned,cli,rust,static,True,7,31,1.0022540000000002,,,,,
20260925T083500Z-native-vm,startup.hello-static,startup.hello,tuned,cli,rust,static,True,7,32,1.002915,,,,,
20260925T083500Z-native-vm,startup.hello-static,startup.hello,tuned,cli,rust,static,True,7,33,1.1584510000000001,,,,,
20260925T083500Z-native-vm,startup.hello-static,startup.hello,tuned,cli,rust,static,True,7,34,0.9966910000000001,,,,,
20260925T083500Z-native-vm,startup.hello-static,startup.hello,tuned,cli,rust,static,True,7,35,1.006256,,,,,
20260925T083500Z-native-vm,startup.hello-static,startup.hello,tuned,cli,rust,static,True,7,36,1.003018,,,,,
20260925T083500Z-native-vm,startup.hello-static,startup.hello,tuned,cli,rust,static,True,7,37,1.017648,,,,,
20260925T083500Z-native-vm,startup.hello-static,startup.hello,tuned,cli,rust,static,True,7,38,0.9941170000000001,,,,,
20260925T083500Z-native-vm,startup.hello-static,startup.hello,tuned,cli,rust,static,True,7,39,0.980947,,,,,
20260925T083500Z-native-vm,startup.hello-static,startup.hello,tuned,cli,rust,static,True,7,40,1.0059529999999999,,,,,
20260925T083500Z-native-vm,startup.hello-static,startup.hello,tuned,cli,rust,static,True,7,41,1.1329760000000002,,,,,
20260925T083500Z-native-vm,startup.hello-static,startup.hello,tuned,cli,rust,static,True,7,42,0.980682,,,,,
20260925T083500Z-native-vm,startup.hello-static,startup.hello,tuned,cli,rust,static,True,7,43,1.0027480000000002,,,,,
20260925T083500Z-native-vm,startup.hello-static,startup.hello,tuned,cli,rust,static,True,7,44,0.9873040000000001,,,,,
20260925T083500Z-native-vm,startup.hello-static,startup.hello,tuned,cli,rust,static,True,7,45,1.021966,,,,,
20260925T083500Z-native-vm,startup.hello-static,startup.hello,tuned,cli,rust,static,True,7,46,0.9816980000000001,,,,,
20260925T083500Z-native-vm,startup.hello-static,startup.hello,tuned,cli,rust,static,True,7,47,0.9862990000000001,,,,,
20260925T083500Z-native-vm,startup.hello-static,startup.hello,tuned,cli,rust,static,True,7,48,1.0070020000000002,,,,,
20260925T083500Z-native-vm,startup.hello-static,startup.hello,tuned,cli,rust,static,True,7,49,1.487936,,,,,
20260925T083500Z-native-vm,startup.hello-static,startup.hello,tuned,cli,rust,static,True,7,50,1.2668650000000001,,,,,
20260925T083500Z-native-vm,startup.hello-static,startup.hello,tuned,cli,rust,static,True,7,51,1.0177200000000002,,,,,
20260925T083500Z-native-vm,startup.hello-static,startup.hello,tuned,cli,rust,static,True,7,52,1.0317870000000002,,,,,
20260925T083500Z-native-vm,startup.hello-static,startup.hello,tuned,cli,rust,static,True,7,53,0.9840670000000001,,,,,
20260925T083500Z-native-vm,startup.hello-static,startup.hello,tuned,cli,rust,static,True,7,54,1.013988,,,,,
20260925T083500Z-native-vm,startup.hello-static,startup.hello,tuned,cli,rust,static,True,7,55,1.029477,,,,,
20260925T083500Z-native-vm,startup.hello-static,startup.hello,tuned,cli,rust,static,True,7,56,1.118786,,,,,
20260925T083500Z-native-vm,startup.hello-static,startup.hello,tuned,cli,rust,static,True,7,57,0.9967809999999999,,,,,
20260925T083500Z-native-vm,startup.hello-static,startup.hello,tuned,cli,rust,static,True,7,58,1.0140350000000002,,,,,
20260925T083500Z-native-vm,startup.hello-static,startup.hello,tuned,cli,rust,static,True,7,59,1.2323950000000001,,,,,
20260925T083500Z-native-vm,startup.hello-static,startup.hello,tuned,cli,rust,static,True,7,60,1.0486360000000001,,,,,
20260925T083500Z-native-vm,startup.hello-static,startup.hello,tuned,cli,rust,static,True,7,61,1.035743,,,,,
20260925T083500Z-native-vm,startup.hello-static,startup.hello,tuned,cli,rust,static,True,7,62,1.002243,,,,,
20260925T083500Z-native-vm,startup.hello-static,startup.hello,tuned,cli,rust,static,True,7,63,1.147273,,,,,
20260925T083500Z-native-vm,startup.hello-static,startup.hello,tuned,cli,rust,static,True,7,64,1.006437,,,,,
20260925T083500Z-native-vm,startup.hello-static,startup.hello,tuned,cli,rust,static,True,7,65,1.0011870000000003,,,,,
20260925T083500Z-native-vm,startup.hello-static,startup.hello,tuned,cli,rust,static,True,7,66,1.007791,,,,,
20260925T083500Z-native-vm,startup.hello-static,startup.hello,tuned,cli,rust,static,True,7,67,1.0491370000000002,,,,,
20260925T083500Z-native-vm,startup.hello-static,startup.hello,tuned,cli,rust,static,True,7,68,1.0088080000000001,,,,,
20260925T083500Z-native-vm,startup.hello-static,startup.hello,tuned,cli,rust,static,True,7,69,0.991444,,,,,
20260925T083500Z-native-vm,startup.hello-static,startup.hello,tuned,cli,rust,static,True,7,70,0.9888629999999999,,,,,
20260925T083500Z-native-vm,startup.hello-static,startup.hello,tuned,cli,rust,static,True,7,71,1.1626120000000002,,,,,
20260925T083500Z-native-vm,startup.hello-static,startup.hello,tuned,cli,rust,static,True,7,72,0.9934260000000001,,,,,
20260925T083500Z-native-vm,startup.hello-static,startup.hello,tuned,cli,rust,static,True,7,73,0.990966,,,,,
20260925T083500Z-native-vm,startup.hello-static,startup.hello,tuned,cli,rust,static,True,7,74,0.9915830000000001,,,,,
20260925T083500Z-native-vm,startup.hello-static,startup.hello,tuned,cli,rust,static,True,7,75,1.015782,,,,,
20260925T083500Z-native-vm,startup.hello-static,startup.hello,tuned,cli,rust,static,True,7,76,1.0571460000000001,,,,,
20260925T083500Z-native-vm,startup.hello-static,startup.hello,tuned,cli,rust,static,True,7,77,1.011154,,,,,
20260925T083500Z-native-vm,startup.hello-static,startup.hello,tuned,cli,rust,static,True,7,78,0.9882370000000001,,,,,
20260925T083500Z-native-vm,startup.hello-static,startup.hello,tuned,cli,rust,static,True,7,79,1.033045,,,,,
20260925T083500Z-native-vm,startup.hello-static,startup.hello,tuned,cli,rust,static,True,7,80,1.007794,,,,,
20260925T083500Z-native-vm,startup.hello-static,startup.hello,tuned,cli,rust,static,True,7,81,1.116091,,,,,
20260925T083500Z-native-vm,startup.hello-static,startup.hello,tuned,cli,rust,static,True,7,82,0.9944050000000001,,,,,
20260925T083500Z-native-vm,startup.hello-static,startup.hello,tuned,cli,rust,static,True,7,83,1.123915,,,,,
20260925T083500Z-native-vm,startup.hello-static,startup.hello,tuned,cli,rust,static,True,7,84,0.980135,,,,,
20260925T083500Z-native-vm,startup.hello-static,startup.hello,tuned,cli,rust,static,True,7,85,0.9828169999999999,,,,,
20260925T083500Z-native-vm,startup.hello-static,startup.hello,tuned,cli,rust,static,True,7,86,1.018155,,,,,
20260925T083500Z-native-vm,startup.hello-static,startup.hello,tuned,cli,rust,static,True,7,87,0.9818000000000001,,,,,
20260925T083500Z-native-vm,startup.hello-static,startup.hello,tuned,cli,rust,static,True,7,88,1.0257550000000002,,,,,
20260925T083500Z-native-vm,startup.hello-static,startup.hello,tuned,cli,rust,static,True,7,89,0.9835250000000001,,,,,
20260925T083500Z-native-vm,startup.hello-static,startup.hello,tuned,cli,rust,static,True,7,90,1.109147,,,,,
20260925T083500Z-native-vm,startup.hello-static,startup.hello,tuned,cli,rust,static,True,7,91,1.0121330000000002,,,,,
20260925T083500Z-native-vm,startup.hello-static,startup.hello,tuned,cli,rust,static,True,7,92,0.9839140000000001,,,,,
20260925T083500Z-native-vm,startup.hello-static,startup.hello,tuned,cli,rust,static,True,7,93,1.0018470000000002,,,,,
20260925T083500Z-native-vm,startup.hello-static,startup.hello,tuned,cli,rust,static,True,7,94,1.018391,,,,,
20260925T083500Z-native-vm,startup.hello-static,startup.hello,tuned,cli,rust,static,True,7,95,0.9866500000000001,,,,,
20260925T083500Z-native-vm,startup.hello-static,startup.hello,tuned,cli,rust,static,True,7,96,0.9920490000000001,,,,,
20260925T083500Z-native-vm,startup.hello-static,startup.hello,tuned,cli,rust,static,True,7,97,1.133707,,,,,
20260925T083500Z-native-vm,startup.hello-static,startup.hello,tuned,cli,rust,static,True,7,98,1.2019680000000001,,,,,
20260925T083500Z-native-vm,startup.hello-static,startup.hello,tuned,cli,rust,static,True,7,99,1.003282,,,,,
20260925T083500Z-native-vm,startup.hello-static,startup.hello,tuned,cli,rust,static,True,8,0,1.0061240000000002,,,,,
20260925T083500Z-native-vm,startup.hello-static,startup.hello,tuned,cli,rust,static,True,8,1,1.009694,,,,,
20260925T083500Z-native-vm,startup.hello-static,startup.hello,tuned,cli,rust,static,True,8,2,1.052755,,,,,
20260925T083500Z-native-vm,startup.hello-static,startup.hello,tuned,cli,rust,static,True,8,3,1.010043,,,,,
20260925T083500Z-native-vm,startup.hello-static,startup.hello,tuned,cli,rust,static,True,8,4,1.009446,,,,,
20260925T083500Z-native-vm,startup.hello-static,startup.hello,tuned,cli,rust,static,True,8,5,1.0017140000000002,,,,,
20260925T083500Z-native-vm,startup.hello-static,startup.hello,tuned,cli,rust,static,True,8,6,1.1798890000000002,,,,,
20260925T083500Z-native-vm,startup.hello-static,startup.hello,tuned,cli,rust,static,True,8,7,0.994333,,,,,
20260925T083500Z-native-vm,startup.hello-static,startup.hello,tuned,cli,rust,static,True,8,8,0.9877020000000001,,,,,
20260925T083500Z-native-vm,startup.hello-static,startup.hello,tuned,cli,rust,static,True,8,9,0.9836200000000002,,,,,
20260925T083500Z-native-vm,startup.hello-static,startup.hello,tuned,cli,rust,static,True,8,10,1.0364650000000002,,,,,
20260925T083500Z-native-vm,startup.hello-static,startup.hello,tuned,cli,rust,static,True,8,11,1.016894,,,,,
20260925T083500Z-native-vm,startup.hello-static,startup.hello,tuned,cli,rust,static,True,8,12,1.011589,,,,,
20260925T083500Z-native-vm,startup.hello-static,startup.hello,tuned,cli,rust,static,True,8,13,1.007679,,,,,
20260925T083500Z-native-vm,startup.hello-static,startup.hello,tuned,cli,rust,static,True,8,14,1.0158040000000002,,,,,
20260925T083500Z-native-vm,startup.hello-static,startup.hello,tuned,cli,rust,static,True,8,15,0.9915850000000002,,,,,
20260925T083500Z-native-vm,startup.hello-static,startup.hello,tuned,cli,rust,static,True,8,16,1.000652,,,,,
20260925T083500Z-native-vm,startup.hello-static,startup.hello,tuned,cli,rust,static,True,8,17,1.0524390000000001,,,,,
20260925T083500Z-native-vm,startup.hello-static,startup.hello,tuned,cli,rust,static,True,8,18,0.995414,,,,,
20260925T083500Z-native-vm,startup.hello-static,startup.hello,tuned,cli,rust,static,True,8,19,1.002183,,,,,
20260925T083500Z-native-vm,startup.hello-static,startup.hello,tuned,cli,rust,static,True,8,20,1.009816,,,,,
20260925T083500Z-native-vm,startup.hello-static,startup.hello,tuned,cli,rust,static,True,8,21,1.182787,,,,,
20260925T083500Z-native-vm,startup.hello-static,startup.hello,tuned,cli,rust,static,True,8,22,1.0105540000000002,,,,,
20260925T083500Z-native-vm,startup.hello-static,startup.hello,tuned,cli,rust,static,True,8,23,1.0086000000000002,,,,,
20260925T083500Z-native-vm,startup.hello-static,startup.hello,tuned,cli,rust,static,True,8,24,1.0171130000000002,,,,,
20260925T083500Z-native-vm,startup.hello-static,startup.hello,tuned,cli,rust,static,True,8,25,1.036309,,,,,
20260925T083500Z-native-vm,startup.hello-static,startup.hello,tuned,cli,rust,static,True,8,26,0.9983210000000001,,,,,
20260925T083500Z-native-vm,startup.hello-static,startup.hello,tuned,cli,rust,static,True,8,27,1.002251,,,,,
20260925T083500Z-native-vm,startup.hello-static,startup.hello,tuned,cli,rust,static,True,8,28,0.997012,,,,,
20260925T083500Z-native-vm,startup.hello-static,startup.hello,tuned,cli,rust,static,True,8,29,1.1129,,,,,
20260925T083500Z-native-vm,startup.hello-static,startup.hello,tuned,cli,rust,static,True,8,30,0.995507,,,,,
20260925T083500Z-native-vm,startup.hello-static,startup.hello,tuned,cli,rust,static,True,8,31,0.996238,,,,,
20260925T083500Z-native-vm,startup.hello-static,startup.hello,tuned,cli,rust,static,True,8,32,0.991437,,,,,
20260925T083500Z-native-vm,startup.hello-static,startup.hello,tuned,cli,rust,static,True,8,33,1.045419,,,,,
20260925T083500Z-native-vm,startup.hello-static,startup.hello,tuned,cli,rust,static,True,8,34,1.055338,,,,,
20260925T083500Z-native-vm,startup.hello-static,startup.hello,tuned,cli,rust,static,True,8,35,0.995386,,,,,
20260925T083500Z-native-vm,startup.hello-static,startup.hello,tuned,cli,rust,static,True,8,36,0.9895420000000001,,,,,
20260925T083500Z-native-vm,startup.hello-static,startup.hello,tuned,cli,rust,static,True,8,37,1.0770080000000002,,,,,
20260925T083500Z-native-vm,startup.hello-static,startup.hello,tuned,cli,rust,static,True,8,38,1.0075990000000001,,,,,
20260925T083500Z-native-vm,startup.hello-static,startup.hello,tuned,cli,rust,static,True,8,39,0.981984,,,,,
20260925T083500Z-native-vm,startup.hello-static,startup.hello,tuned,cli,rust,static,True,8,40,1.020368,,,,,
20260925T083500Z-native-vm,startup.hello-static,startup.hello,tuned,cli,rust,static,True,8,41,1.180216,,,,,
20260925T083500Z-native-vm,startup.hello-static,startup.hello,tuned,cli,rust,static,True,8,42,1.065968,,,,,
20260925T083500Z-native-vm,startup.hello-static,startup.hello,tuned,cli,rust,static,True,8,43,0.999993,,,,,
20260925T083500Z-native-vm,startup.hello-static,startup.hello,tuned,cli,rust,static,True,8,44,1.0467080000000002,,,,,
20260925T083500Z-native-vm,startup.hello-static,startup.hello,tuned,cli,rust,static,True,8,45,1.012176,,,,,
20260925T083500Z-native-vm,startup.hello-static,startup.hello,tuned,cli,rust,static,True,8,46,0.9891179999999999,,,,,
20260925T083500Z-native-vm,startup.hello-static,startup.hello,tuned,cli,rust,static,True,8,47,1.0000200000000001,,,,,
20260925T083500Z-native-vm,startup.hello-static,startup.hello,tuned,cli,rust,static,True,8,48,1.1241040000000002,,,,,
20260925T083500Z-native-vm,startup.hello-static,startup.hello,tuned,cli,rust,static,True,8,49,1.002299,,,,,
20260925T083500Z-native-vm,startup.hello-static,startup.hello,tuned,cli,rust,static,True,8,50,1.003781,,,,,
20260925T083500Z-native-vm,startup.hello-static,startup.hello,tuned,cli,rust,static,True,8,51,1.013092,,,,,
20260925T083500Z-native-vm,startup.hello-static,startup.hello,tuned,cli,rust,static,True,8,52,1.0332130000000002,,,,,
20260925T083500Z-native-vm,startup.hello-static,startup.hello,tuned,cli,rust,static,True,8,53,1.0065060000000001,,,,,
20260925T083500Z-native-vm,startup.hello-static,startup.hello,tuned,cli,rust,static,True,8,54,1.0152430000000001,,,,,
20260925T083500Z-native-vm,startup.hello-static,startup.hello,tuned,cli,rust,static,True,8,55,1.005328,,,,,
20260925T083500Z-native-vm,startup.hello-static,startup.hello,tuned,cli,rust,static,True,8,56,1.1788220000000003,,,,,
20260925T083500Z-native-vm,startup.hello-static,startup.hello,tuned,cli,rust,static,True,8,57,0.996492,,,,,
20260925T083500Z-native-vm,startup.hello-static,startup.hello,tuned,cli,rust,static,True,8,58,0.993519,,,,,
20260925T083500Z-native-vm,startup.hello-static,startup.hello,tuned,cli,rust,static,True,8,59,1.012556,,,,,
20260925T083500Z-native-vm,startup.hello-static,startup.hello,tuned,cli,rust,static,True,8,60,1.043859,,,,,
20260925T083500Z-native-vm,startup.hello-static,startup.hello,tuned,cli,rust,static,True,8,61,1.076678,,,,,
20260925T083500Z-native-vm,startup.hello-static,startup.hello,tuned,cli,rust,static,True,8,62,1.033463,,,,,
20260925T083500Z-native-vm,startup.hello-static,startup.hello,tuned,cli,rust,static,True,8,63,0.9803800000000001,,,,,
20260925T083500Z-native-vm,startup.hello-static,startup.hello,tuned,cli,rust,static,True,8,64,1.129949,,,,,
20260925T083500Z-native-vm,startup.hello-static,startup.hello,tuned,cli,rust,static,True,8,65,1.0157500000000002,,,,,
20260925T083500Z-native-vm,startup.hello-static,startup.hello,tuned,cli,rust,static,True,8,66,1.1884919999999999,,,,,
20260925T083500Z-native-vm,startup.hello-static,startup.hello,tuned,cli,rust,static,True,8,67,1.051301,,,,,
20260925T083500Z-native-vm,startup.hello-static,startup.hello,tuned,cli,rust,static,True,8,68,1.0117490000000002,,,,,
20260925T083500Z-native-vm,startup.hello-static,startup.hello,tuned,cli,rust,static,True,8,69,1.0109770000000002,,,,,
20260925T083500Z-native-vm,startup.hello-static,startup.hello,tuned,cli,rust,static,True,8,70,1.017389,,,,,
20260925T083500Z-native-vm,startup.hello-static,startup.hello,tuned,cli,rust,static,True,8,71,1.1504290000000001,,,,,
20260925T083500Z-native-vm,startup.hello-static,startup.hello,tuned,cli,rust,static,True,8,72,0.996224,,,,,
20260925T083500Z-native-vm,startup.hello-static,startup.hello,tuned,cli,rust,static,True,8,73,1.001902,,,,,
20260925T083500Z-native-vm,startup.hello-static,startup.hello,tuned,cli,rust,static,True,8,74,0.972404,,,,,
20260925T083500Z-native-vm,startup.hello-static,startup.hello,tuned,cli,rust,static,True,8,75,1.018771,,,,,
20260925T083500Z-native-vm,startup.hello-static,startup.hello,tuned,cli,rust,static,True,8,76,0.995906,,,,,
20260925T083500Z-native-vm,startup.hello-static,startup.hello,tuned,cli,rust,static,True,8,77,0.9958239999999999,,,,,
20260925T083500Z-native-vm,startup.hello-static,startup.hello,tuned,cli,rust,static,True,8,78,1.001386,,,,,
20260925T083500Z-native-vm,startup.hello-static,startup.hello,tuned,cli,rust,static,True,8,79,1.142106,,,,,
20260925T083500Z-native-vm,startup.hello-static,startup.hello,tuned,cli,rust,static,True,8,80,1.0046670000000002,,,,,
20260925T083500Z-native-vm,startup.hello-static,startup.hello,tuned,cli,rust,static,True,8,81,1.0021280000000001,,,,,
20260925T083500Z-native-vm,startup.hello-static,startup.hello,tuned,cli,rust,static,True,8,82,1.000366,,,,,
20260925T083500Z-native-vm,startup.hello-static,startup.hello,tuned,cli,rust,static,True,8,83,1.018107,,,,,
20260925T083500Z-native-vm,startup.hello-static,startup.hello,tuned,cli,rust,static,True,8,84,1.027409,,,,,
20260925T083500Z-native-vm,startup.hello-static,startup.hello,tuned,cli,rust,static,True,8,85,1.0122950000000002,,,,,
20260925T083500Z-native-vm,startup.hello-static,startup.hello,tuned,cli,rust,static,True,8,86,0.987941,,,,,
20260925T083500Z-native-vm,startup.hello-static,startup.hello,tuned,cli,rust,static,True,8,87,1.139415,,,,,
20260925T083500Z-native-vm,startup.hello-static,startup.hello,tuned,cli,rust,static,True,8,88,0.999923,,,,,
20260925T083500Z-native-vm,startup.hello-static,startup.hello,tuned,cli,rust,static,True,8,89,0.9987030000000001,,,,,
20260925T083500Z-native-vm,startup.hello-static,startup.hello,tuned,cli,rust,static,True,8,90,1.0379060000000002,,,,,
20260925T083500Z-native-vm,startup.hello-static,startup.hello,tuned,cli,rust,static,True,8,91,1.0038390000000001,,,,,
20260925T083500Z-native-vm,startup.hello-static,startup.hello,tuned,cli,rust,static,True,8,92,0.9933690000000001,,,,,
20260925T083500Z-native-vm,startup.hello-static,startup.hello,tuned,cli,rust,static,True,8,93,1.0001300000000002,,,,,
20260925T083500Z-native-vm,startup.hello-static,startup.hello,tuned,cli,rust,static,True,8,94,1.1211630000000001,,,,,
20260925T083500Z-native-vm,startup.hello-static,startup.hello,tuned,cli,rust,static,True,8,95,0.9979870000000001,,,,,
20260925T083500Z-native-vm,startup.hello-static,startup.hello,tuned,cli,rust,static,True,8,96,1.00085,,,,,
20260925T083500Z-native-vm,startup.hello-static,startup.hello,tuned,cli,rust,static,True,8,97,0.9921230000000001,,,,,
20260925T083500Z-native-vm,startup.hello-static,startup.hello,tuned,cli,rust,static,True,8,98,1.032284,,,,,
20260925T083500Z-native-vm,startup.hello-static,startup.hello,tuned,cli,rust,static,True,8,99,1.0020280000000001,,,,,
20260925T083500Z-native-vm,startup.hello-static,startup.hello,tuned,cli,rust,static,True,9,0,1.000227,,,,,
20260925T083500Z-native-vm,startup.hello-static,startup.hello,tuned,cli,rust,static,True,9,1,1.011017,,,,,
20260925T083500Z-native-vm,startup.hello-static,startup.hello,tuned,cli,rust,static,True,9,2,1.041395,,,,,
20260925T083500Z-native-vm,startup.hello-static,startup.hello,tuned,cli,rust,static,True,9,3,1.009184,,,,,
20260925T083500Z-native-vm,startup.hello-static,startup.hello,tuned,cli,rust,static,True,9,4,0.9977110000000001,,,,,
20260925T083500Z-native-vm,startup.hello-static,startup.hello,tuned,cli,rust,static,True,9,5,1.00169,,,,,
20260925T083500Z-native-vm,startup.hello-static,startup.hello,tuned,cli,rust,static,True,9,6,1.490191,,,,,
20260925T083500Z-native-vm,startup.hello-static,startup.hello,tuned,cli,rust,static,True,9,7,0.9900200000000001,,,,,
20260925T083500Z-native-vm,startup.hello-static,startup.hello,tuned,cli,rust,static,True,9,8,0.993704,,,,,
20260925T083500Z-native-vm,startup.hello-static,startup.hello,tuned,cli,rust,static,True,9,9,1.428741,,,,,
20260925T083500Z-native-vm,startup.hello-static,startup.hello,tuned,cli,rust,static,True,9,10,1.070253,,,,,
20260925T083500Z-native-vm,startup.hello-static,startup.hello,tuned,cli,rust,static,True,9,11,1.0436880000000002,,,,,
20260925T083500Z-native-vm,startup.hello-static,startup.hello,tuned,cli,rust,static,True,9,12,0.9979610000000001,,,,,
20260925T083500Z-native-vm,startup.hello-static,startup.hello,tuned,cli,rust,static,True,9,13,1.135013,,,,,
20260925T083500Z-native-vm,startup.hello-static,startup.hello,tuned,cli,rust,static,True,9,14,1.0053530000000002,,,,,
20260925T083500Z-native-vm,startup.hello-static,startup.hello,tuned,cli,rust,static,True,9,15,1.060743,,,,,
20260925T083500Z-native-vm,startup.hello-static,startup.hello,tuned,cli,rust,static,True,9,16,1.017687,,,,,
20260925T083500Z-native-vm,startup.hello-static,startup.hello,tuned,cli,rust,static,True,9,17,1.034847,,,,,
20260925T083500Z-native-vm,startup.hello-static,startup.hello,tuned,cli,rust,static,True,9,18,1.003057,,,,,
20260925T083500Z-native-vm,startup.hello-static,startup.hello,tuned,cli,rust,static,True,9,19,0.9962420000000001,,,,,
20260925T083500Z-native-vm,startup.hello-static,startup.hello,tuned,cli,rust,static,True,9,20,1.002071,,,,,
20260925T083500Z-native-vm,startup.hello-static,startup.hello,tuned,cli,rust,static,True,9,21,1.0179200000000002,,,,,
20260925T083500Z-native-vm,startup.hello-static,startup.hello,tuned,cli,rust,static,True,9,22,0.984296,,,,,
20260925T083500Z-native-vm,startup.hello-static,startup.hello,tuned,cli,rust,static,True,9,23,1.074,,,,,
20260925T083500Z-native-vm,startup.hello-static,startup.hello,tuned,cli,rust,static,True,9,24,0.990201,,,,,
20260925T083500Z-native-vm,startup.hello-static,startup.hello,tuned,cli,rust,static,True,9,25,1.020002,,,,,
20260925T083500Z-native-vm,startup.hello-static,startup.hello,tuned,cli,rust,static,True,9,26,1.01848,,,,,
20260925T083500Z-native-vm,startup.hello-static,startup.hello,tuned,cli,rust,static,True,9,27,0.9906440000000002,,,,,
20260925T083500Z-native-vm,startup.hello-static,startup.hello,tuned,cli,rust,static,True,9,28,1.000154,,,,,
20260925T083500Z-native-vm,startup.hello-static,startup.hello,tuned,cli,rust,static,True,9,29,1.148864,,,,,
20260925T083500Z-native-vm,startup.hello-static,startup.hello,tuned,cli,rust,static,True,9,30,0.9812780000000001,,,,,
20260925T083500Z-native-vm,startup.hello-static,startup.hello,tuned,cli,rust,static,True,9,31,1.120876,,,,,
20260925T083500Z-native-vm,startup.hello-static,startup.hello,tuned,cli,rust,static,True,9,32,1.041849,,,,,
20260925T083500Z-native-vm,startup.hello-static,startup.hello,tuned,cli,rust,static,True,9,33,1.001877,,,,,
20260925T083500Z-native-vm,startup.hello-static,startup.hello,tuned,cli,rust,static,True,9,34,1.0500700000000003,,,,,
20260925T083500Z-native-vm,startup.hello-static,startup.hello,tuned,cli,rust,static,True,9,35,1.096227,,,,,
20260925T083500Z-native-vm,startup.hello-static,startup.hello,tuned,cli,rust,static,True,9,36,1.265518,,,,,
20260925T083500Z-native-vm,startup.hello-static,startup.hello,tuned,cli,rust,static,True,9,37,1.010302,,,,,
20260925T083500Z-native-vm,startup.hello-static,startup.hello,tuned,cli,rust,static,True,9,38,1.000542,,,,,
20260925T083500Z-native-vm,startup.hello-static,startup.hello,tuned,cli,rust,static,True,9,39,0.978411,,,,,
20260925T083500Z-native-vm,startup.hello-static,startup.hello,tuned,cli,rust,static,True,9,40,1.053533,,,,,
20260925T083500Z-native-vm,startup.hello-static,startup.hello,tuned,cli,rust,static,True,9,41,1.005667,,,,,
20260925T083500Z-native-vm,startup.hello-static,startup.hello,tuned,cli,rust,static,True,9,42,0.994822,,,,,
20260925T083500Z-native-vm,startup.hello-static,startup.hello,tuned,cli,rust,static,True,9,43,0.9942710000000001,,,,,
20260925T083500Z-native-vm,startup.hello-static,startup.hello,tuned,cli,rust,static,True,9,44,1.7217740000000001,,,,,
20260925T083500Z-native-vm,startup.hello-static,startup.hello,tuned,cli,rust,static,True,9,45,1.344614,,,,,
20260925T083500Z-native-vm,startup.hello-static,startup.hello,tuned,cli,rust,static,True,9,46,1.382011,,,,,
20260925T083500Z-native-vm,startup.hello-static,startup.hello,tuned,cli,rust,static,True,9,47,1.353753,,,,,
20260925T083500Z-native-vm,startup.hello-static,startup.hello,tuned,cli,rust,static,True,9,48,1.414412,,,,,
20260925T083500Z-native-vm,startup.hello-static,startup.hello,tuned,cli,rust,static,True,9,49,1.545805,,,,,
20260925T083500Z-native-vm,startup.hello-static,startup.hello,tuned,cli,rust,static,True,9,50,1.325943,,,,,
20260925T083500Z-native-vm,startup.hello-static,startup.hello,tuned,cli,rust,static,True,9,51,1.3311270000000002,,,,,
20260925T083500Z-native-vm,startup.hello-static,startup.hello,tuned,cli,rust,static,True,9,52,1.387931,,,,,
20260925T083500Z-native-vm,startup.hello-static,startup.hello,tuned,cli,rust,static,True,9,53,1.246975,,,,,
20260925T083500Z-native-vm,startup.hello-static,startup.hello,tuned,cli,rust,static,True,9,54,1.14339,,,,,
20260925T083500Z-native-vm,startup.hello-static,startup.hello,tuned,cli,rust,static,True,9,55,1.1982030000000001,,,,,
20260925T083500Z-native-vm,startup.hello-static,startup.hello,tuned,cli,rust,static,True,9,56,1.00416,,,,,
20260925T083500Z-native-vm,startup.hello-static,startup.hello,tuned,cli,rust,static,True,9,57,1.0569570000000001,,,,,
20260925T083500Z-native-vm,startup.hello-static,startup.hello,tuned,cli,rust,static,True,9,58,1.025276,,,,,
20260925T083500Z-native-vm,startup.hello-static,startup.hello,tuned,cli,rust,static,True,9,59,1.039901,,,,,
20260925T083500Z-native-vm,startup.hello-static,startup.hello,tuned,cli,rust,static,True,9,60,0.9913700000000001,,,,,
20260925T083500Z-native-vm,startup.hello-static,startup.hello,tuned,cli,rust,static,True,9,61,1.0643920000000002,,,,,
20260925T083500Z-native-vm,startup.hello-static,startup.hello,tuned,cli,rust,static,True,9,62,1.013238,,,,,
20260925T083500Z-native-vm,startup.hello-static,startup.hello,tuned,cli,rust,static,True,9,63,1.199731,,,,,
20260925T083500Z-native-vm,startup.hello-static,startup.hello,tuned,cli,rust,static,True,9,64,1.004361,,,,,
20260925T083500Z-native-vm,startup.hello-static,startup.hello,tuned,cli,rust,static,True,9,65,1.14265,,,,,
20260925T083500Z-native-vm,startup.hello-static,startup.hello,tuned,cli,rust,static,True,9,66,1.296985,,,,,
20260925T083500Z-native-vm,startup.hello-static,startup.hello,tuned,cli,rust,static,True,9,67,1.2118680000000002,,,,,
20260925T083500Z-native-vm,startup.hello-static,startup.hello,tuned,cli,rust,static,True,9,68,1.06626,,,,,
20260925T083500Z-native-vm,startup.hello-static,startup.hello,tuned,cli,rust,static,True,9,69,1.063719,,,,,
20260925T083500Z-native-vm,startup.hello-static,startup.hello,tuned,cli,rust,static,True,9,70,1.1330110000000002,,,,,
20260925T083500Z-native-vm,startup.hello-static,startup.hello,tuned,cli,rust,static,True,9,71,1.042221,,,,,
20260925T083500Z-native-vm,startup.hello-static,startup.hello,tuned,cli,rust,static,True,9,72,1.056194,,,,,
20260925T083500Z-native-vm,startup.hello-static,startup.hello,tuned,cli,rust,static,True,9,73,1.34748,,,,,
20260925T083500Z-native-vm,startup.hello-static,startup.hello,tuned,cli,rust,static,True,9,74,1.3120720000000001,,,,,
20260925T083500Z-native-vm,startup.hello-static,startup.hello,tuned,cli,rust,static,True,9,75,1.19581,,,,,
20260925T083500Z-native-vm,startup.hello-static,startup.hello,tuned,cli,rust,static,True,9,76,1.309031,,,,,
20260925T083500Z-native-vm,startup.hello-static,startup.hello,tuned,cli,rust,static,True,9,77,1.321551,,,,,
20260925T083500Z-native-vm,startup.hello-static,startup.hello,tuned,cli,rust,static,True,9,78,1.2933480000000002,,,,,
20260925T083500Z-native-vm,startup.hello-static,startup.hello,tuned,cli,rust,static,True,9,79,1.491516,,,,,
20260925T083500Z-native-vm,startup.hello-static,startup.hello,tuned,cli,rust,static,True,9,80,1.3128810000000002,,,,,
20260925T083500Z-native-vm,startup.hello-static,startup.hello,tuned,cli,rust,static,True,9,81,1.278381,,,,,
20260925T083500Z-native-vm,startup.hello-static,startup.hello,tuned,cli,rust,static,True,9,82,1.314274,,,,,
20260925T083500Z-native-vm,startup.hello-static,startup.hello,tuned,cli,rust,static,True,9,83,1.3130300000000001,,,,,
20260925T083500Z-native-vm,startup.hello-static,startup.hello,tuned,cli,rust,static,True,9,84,1.2951990000000002,,,,,
20260925T083500Z-native-vm,startup.hello-static,startup.hello,tuned,cli,rust,static,True,9,85,1.6432250000000002,,,,,
20260925T083500Z-native-vm,startup.hello-static,startup.hello,tuned,cli,rust,static,True,9,86,1.2770620000000001,,,,,
20260925T083500Z-native-vm,startup.hello-static,startup.hello,tuned,cli,rust,static,True,9,87,1.294002,,,,,
20260925T083500Z-native-vm,startup.hello-static,startup.hello,tuned,cli,rust,static,True,9,88,1.349466,,,,,
20260925T083500Z-native-vm,startup.hello-static,startup.hello,tuned,cli,rust,static,True,9,89,1.3143010000000002,,,,,
20260925T083500Z-native-vm,startup.hello-static,startup.hello,tuned,cli,rust,static,True,9,90,1.284613,,,,,
20260925T083500Z-native-vm,startup.hello-static,startup.hello,tuned,cli,rust,static,True,9,91,1.463437,,,,,
20260925T083500Z-native-vm,startup.hello-static,startup.hello,tuned,cli,rust,static,True,9,92,1.243318,,,,,
20260925T083500Z-native-vm,startup.hello-static,startup.hello,tuned,cli,rust,static,True,9,93,1.2168040000000002,,,,,
20260925T083500Z-native-vm,startup.hello-static,startup.hello,tuned,cli,rust,static,True,9,94,1.320483,,,,,
20260925T083500Z-native-vm,startup.hello-static,startup.hello,tuned,cli,rust,static,True,9,95,1.239284,,,,,
20260925T083500Z-native-vm,startup.hello-static,startup.hello,tuned,cli,rust,static,True,9,96,1.154464,,,,,
20260925T083500Z-native-vm,startup.hello-static,startup.hello,tuned,cli,rust,static,True,9,97,1.028419,,,,,
20260925T083500Z-native-vm,startup.hello-static,startup.hello,tuned,cli,rust,static,True,9,98,1.174623,,,,,
20260925T083500Z-native-vm,startup.hello-static,startup.hello,tuned,cli,rust,static,True,9,99,1.013041,,,,,
20260925T083500Z-native-vm,startup.http-ttfr,,baseline,ttfr,go,,True,0,0,,True,2.629473,3.3182,6384.0,5.0
20260925T083500Z-native-vm,startup.http-ttfr,,baseline,ttfr,go,,True,1,1,,True,2.537168,3.26927,6368.0,4.0
20260925T083500Z-native-vm,startup.http-ttfr,,baseline,ttfr,go,,True,2,2,,True,2.461948,3.167537,6384.0,5.0
20260925T083500Z-native-vm,startup.http-ttfr,,baseline,ttfr,go,,True,3,3,,True,2.578167,3.181828,6360.0,4.0
20260925T083500Z-native-vm,startup.http-ttfr,,baseline,ttfr,go,,True,4,4,,True,2.110241,2.636714,6260.0,4.0
20260925T083500Z-native-vm,startup.http-ttfr,,baseline,ttfr,go,,True,5,5,,True,2.679164,3.309989,6384.0,5.0
20260925T083500Z-native-vm,startup.http-ttfr,,baseline,ttfr,go,,True,6,6,,True,2.822824,3.660949,6376.0,4.0
20260925T083500Z-native-vm,startup.http-ttfr,,baseline,ttfr,go,,True,7,7,,True,2.348891,3.016843,6284.0,5.0
20260925T083500Z-native-vm,startup.http-ttfr,,baseline,ttfr,go,,True,8,8,,True,3.428619,4.078089,6380.0,4.0
20260925T083500Z-native-vm,startup.http-ttfr,,baseline,ttfr,go,,True,9,9,,True,2.628826,3.221555,6272.0,5.0
20260925T083500Z-native-vm,startup.http-ttfr,,baseline,ttfr,go,,True,10,10,,True,2.546023,3.239038,6388.0,5.0
20260925T083500Z-native-vm,startup.http-ttfr,,baseline,ttfr,go,,True,11,11,,True,2.851478,3.435572,6356.0,4.0
20260925T083500Z-native-vm,startup.http-ttfr,,baseline,ttfr,go,,True,12,12,,True,2.311734,2.828717,6264.0,5.0
20260925T083500Z-native-vm,startup.http-ttfr,,baseline,ttfr,go,,True,13,13,,True,2.631715,3.204845,6264.0,5.0
20260925T083500Z-native-vm,startup.http-ttfr,,baseline,ttfr,go,,True,14,14,,True,2.303255,2.851811,6244.0,5.0
20260925T083500Z-native-vm,startup.http-ttfr,,baseline,ttfr,go,,True,15,15,,True,2.210528,2.749699,6264.0,4.0
20260925T083500Z-native-vm,startup.http-ttfr,,baseline,ttfr,go,,True,16,16,,True,3.56674,4.248326,6272.0,4.0
20260925T083500Z-native-vm,startup.http-ttfr,,baseline,ttfr,go,,True,17,17,,True,2.817657,3.690228,6372.0,4.0
20260925T083500Z-native-vm,startup.http-ttfr,,baseline,ttfr,go,,True,18,18,,True,2.40286,3.046648,6260.0,4.0
20260925T083500Z-native-vm,startup.http-ttfr,,baseline,ttfr,go,,True,19,19,,True,3.326384,4.018239,6380.0,5.0
20260925T083500Z-native-vm,startup.http-ttfr,,baseline,ttfr,go,,True,20,20,,True,2.499783,3.368487,6368.0,4.0
20260925T083500Z-native-vm,startup.http-ttfr,,baseline,ttfr,go,,True,21,21,,True,2.738785,3.399096,6384.0,4.0
20260925T083500Z-native-vm,startup.http-ttfr,,baseline,ttfr,go,,True,22,22,,True,2.494212,3.051117,6268.0,4.0
20260925T083500Z-native-vm,startup.http-ttfr,,baseline,ttfr,go,,True,23,23,,True,2.375839,2.992432,6260.0,4.0
20260925T083500Z-native-vm,startup.http-ttfr,,baseline,ttfr,go,,True,24,24,,True,2.517929,3.389065,6372.0,4.0
20260925T083500Z-native-vm,startup.http-ttfr,,baseline,ttfr,go,,True,25,25,,True,3.361775,4.154249,6372.0,4.0
20260925T083500Z-native-vm,startup.http-ttfr,,baseline,ttfr,go,,True,26,26,,True,2.561871,3.339359,6372.0,4.0
20260925T083500Z-native-vm,startup.http-ttfr,,baseline,ttfr,go,,True,27,27,,True,2.907615,3.662209,6296.0,5.0
20260925T083500Z-native-vm,startup.http-ttfr,,baseline,ttfr,go,,True,28,28,,True,3.307729,4.039518,6392.0,5.0
20260925T083500Z-native-vm,startup.http-ttfr,,baseline,ttfr,go,,True,29,29,,True,2.679328,3.263599,6348.0,4.0
20260925T083500Z-native-vm,startup.http-ttfr,,baseline,ttfr,go,,True,30,30,,True,2.596049,3.349353,6256.0,4.0
20260925T083500Z-native-vm,startup.http-ttfr,,baseline,ttfr,go,,True,31,31,,True,2.729019,3.383034,6372.0,4.0
20260925T083500Z-native-vm,startup.http-ttfr,,baseline,ttfr,go,,True,32,32,,True,2.481343,3.156347,6260.0,4.0
20260925T083500Z-native-vm,startup.http-ttfr,,baseline,ttfr,go,,True,33,33,,True,3.692226,4.778591,6368.0,4.0
20260925T083500Z-native-vm,startup.http-ttfr,,baseline,ttfr,go,,True,34,34,,True,2.751361,3.446051,6248.0,5.0
20260925T083500Z-native-vm,startup.http-ttfr,,baseline,ttfr,go,,True,35,35,,True,2.668281,3.390881,6276.0,5.0
20260925T083500Z-native-vm,startup.http-ttfr,,baseline,ttfr,go,,True,36,36,,True,2.733064,3.487678,6268.0,5.0
20260925T083500Z-native-vm,startup.http-ttfr,,baseline,ttfr,go,,True,37,37,,True,2.840003,3.741936,6384.0,5.0
20260925T083500Z-native-vm,startup.http-ttfr,,baseline,ttfr,go,,True,38,38,,True,3.296926,4.125764,6380.0,4.0
20260925T083500Z-native-vm,startup.http-ttfr,,baseline,ttfr,go,,True,39,39,,True,2.563558,3.231158,6384.0,5.0
20260925T083500Z-native-vm,startup.http-ttfr,,baseline,ttfr,go,,True,40,40,,True,3.206456,3.775761,6256.0,4.0
20260925T083500Z-native-vm,startup.http-ttfr,,baseline,ttfr,go,,True,41,41,,True,2.85858,3.502801,6268.0,4.0
20260925T083500Z-native-vm,startup.http-ttfr,,baseline,ttfr,go,,True,42,42,,True,2.681821,3.244769,6176.0,4.0
20260925T083500Z-native-vm,startup.http-ttfr,,baseline,ttfr,go,,True,43,43,,True,2.504391,3.081137,6268.0,5.0
20260925T083500Z-native-vm,startup.http-ttfr,,baseline,ttfr,go,,True,44,44,,True,4.774118,5.5062,6384.0,5.0
20260925T083500Z-native-vm,startup.http-ttfr,,baseline,ttfr,go,,True,45,45,,True,4.675099,5.509107,6376.0,4.0
20260925T083500Z-native-vm,startup.http-ttfr,,baseline,ttfr,go,,True,46,46,,True,2.525618,3.397693,6368.0,4.0
20260925T083500Z-native-vm,startup.http-ttfr,,baseline,ttfr,go,,True,47,47,,True,2.555963,3.330812,6372.0,4.0
20260925T083500Z-native-vm,startup.http-ttfr,,baseline,ttfr,go,,True,48,48,,True,2.816404,3.496551,6264.0,4.0
20260925T083500Z-native-vm,startup.http-ttfr,,baseline,ttfr,go,,True,49,49,,True,2.430204,3.235371,6388.0,5.0
20260925T083500Z-native-vm,startup.http-ttfr,,baseline,ttfr,go,,True,50,50,,True,2.394826,2.940549,6256.0,4.0
20260925T083500Z-native-vm,startup.http-ttfr,,baseline,ttfr,go,,True,51,51,,True,3.216832,3.805368,6180.0,4.0
20260925T083500Z-native-vm,startup.http-ttfr,,baseline,ttfr,go,,True,52,52,,True,2.49707,4.448508,6268.0,5.0
20260925T083500Z-native-vm,startup.http-ttfr,,baseline,ttfr,go,,True,53,53,,True,5.071161,5.659865,6252.0,5.0
20260925T083500Z-native-vm,startup.http-ttfr,,baseline,ttfr,go,,True,54,54,,True,3.27551,4.321915,6376.0,4.0
20260925T083500Z-native-vm,startup.http-ttfr,,baseline,ttfr,go,,True,55,55,,True,3.685918,4.488945,6236.0,4.0
20260925T083500Z-native-vm,startup.http-ttfr,,baseline,ttfr,go,,True,56,56,,True,2.605379,3.294647,6372.0,4.0
20260925T083500Z-native-vm,startup.http-ttfr,,baseline,ttfr,go,,True,57,57,,True,2.788731,3.493193,6360.0,4.0
20260925T083500Z-native-vm,startup.http-ttfr,,baseline,ttfr,go,,True,58,58,,True,2.546867,3.242959,6380.0,4.0
20260925T083500Z-native-vm,startup.http-ttfr,,baseline,ttfr,go,,True,59,59,,True,2.684108,3.770304,6380.0,5.0
20260925T083500Z-native-vm,startup.http-ttfr,,baseline,ttfr,go,,True,60,60,,True,2.689564,3.466148,6260.0,4.0
20260925T083500Z-native-vm,startup.http-ttfr,,baseline,ttfr,go,,True,61,61,,True,3.139655,3.855411,6364.0,4.0
20260925T083500Z-native-vm,startup.http-ttfr,,baseline,ttfr,go,,True,62,62,,True,3.869646,4.576566,6256.0,4.0
20260925T083500Z-native-vm,startup.http-ttfr,,baseline,ttfr,go,,True,63,63,,True,3.002373,3.639451,6364.0,4.0
20260925T083500Z-native-vm,startup.http-ttfr,,baseline,ttfr,go,,True,64,64,,True,2.724501,3.439605,6268.0,4.0
20260925T083500Z-native-vm,startup.http-ttfr,,baseline,ttfr,go,,True,65,65,,True,2.596089,3.271373,6364.0,4.0
20260925T083500Z-native-vm,startup.http-ttfr,,baseline,ttfr,go,,True,66,66,,True,2.726213,3.501953,6380.0,4.0
20260925T083500Z-native-vm,startup.http-ttfr,,baseline,ttfr,go,,True,67,67,,True,3.000597,3.60091,6348.0,4.0
20260925T083500Z-native-vm,startup.http-ttfr,,baseline,ttfr,go,,True,68,68,,True,4.026633,5.039137,6380.0,5.0
20260925T083500Z-native-vm,startup.http-ttfr,,baseline,ttfr,go,,True,69,69,,True,2.671264,3.391275,6360.0,4.0
20260925T083500Z-native-vm,startup.http-ttfr,,baseline,ttfr,go,,True,70,70,,True,2.729135,3.599719,6384.0,5.0
20260925T083500Z-native-vm,startup.http-ttfr,,baseline,ttfr,go,,True,71,71,,True,3.144953,4.043021,6368.0,4.0
20260925T083500Z-native-vm,startup.http-ttfr,,baseline,ttfr,go,,True,72,72,,True,2.797954,3.366956,6184.0,4.0
20260925T083500Z-native-vm,startup.http-ttfr,,baseline,ttfr,go,,True,73,73,,True,3.111611,3.964581,6380.0,5.0
20260925T083500Z-native-vm,startup.http-ttfr,,baseline,ttfr,go,,True,74,74,,True,4.004575,4.648789,6360.0,5.0
20260925T083500Z-native-vm,startup.http-ttfr,,baseline,ttfr,go,,True,75,75,,True,2.696329,3.353482,6376.0,4.0
20260925T083500Z-native-vm,startup.http-ttfr,,baseline,ttfr,go,,True,76,76,,True,2.610442,3.29224,6380.0,5.0
20260925T083500Z-native-vm,startup.http-ttfr,,baseline,ttfr,go,,True,77,77,,True,2.954197,3.784542,6388.0,5.0
20260925T083500Z-native-vm,startup.http-ttfr,,baseline,ttfr,go,,True,78,78,,True,2.919905,3.759902,6268.0,5.0
20260925T083500Z-native-vm,startup.http-ttfr,,baseline,ttfr,go,,True,79,79,,True,2.599533,3.286328,6256.0,4.0
20260925T083500Z-native-vm,startup.http-ttfr,,baseline,ttfr,go,,True,80,80,,True,2.441255,3.288295,6384.0,4.0
20260925T083500Z-native-vm,startup.http-ttfr,,baseline,ttfr,go,,True,81,81,,True,3.301104,4.105342,6376.0,4.0
20260925T083500Z-native-vm,startup.http-ttfr,,baseline,ttfr,go,,True,82,82,,True,3.389357,4.497435,6392.0,5.0
20260925T083500Z-native-vm,startup.http-ttfr,,baseline,ttfr,go,,True,83,83,,True,2.68207,3.480721,6376.0,4.0
20260925T083500Z-native-vm,startup.http-ttfr,,baseline,ttfr,go,,True,84,84,,True,2.636921,3.602777,6220.0,4.0
20260925T083500Z-native-vm,startup.http-ttfr,,baseline,ttfr,go,,True,85,85,,True,2.802411,3.51578,6372.0,4.0
20260925T083500Z-native-vm,startup.http-ttfr,,baseline,ttfr,go,,True,86,86,,True,3.538918,4.255888,6180.0,4.0
20260925T083500Z-native-vm,startup.http-ttfr,,baseline,ttfr,go,,True,87,87,,True,2.890857,3.564679,6360.0,4.0
20260925T083500Z-native-vm,startup.http-ttfr,,baseline,ttfr,go,,True,88,88,,True,2.583051,3.361714,6372.0,4.0
20260925T083500Z-native-vm,startup.http-ttfr,,baseline,ttfr,go,,True,89,89,,True,2.6757,3.411024,6372.0,4.0
20260925T083500Z-native-vm,startup.http-ttfr,,baseline,ttfr,go,,True,90,90,,True,2.454371,3.060054,6380.0,5.0
20260925T083500Z-native-vm,startup.http-ttfr,,baseline,ttfr,go,,True,91,91,,True,3.553877,4.112409,6376.0,5.0
20260925T083500Z-native-vm,startup.http-ttfr,,baseline,ttfr,go,,True,92,92,,True,3.153015,3.718428,6348.0,4.0
20260925T083500Z-native-vm,startup.http-ttfr,,baseline,ttfr,go,,True,93,93,,True,3.020336,3.69106,6388.0,5.0
20260925T083500Z-native-vm,startup.http-ttfr,,baseline,ttfr,go,,True,94,94,,True,2.371776,3.233416,6384.0,5.0
20260925T083500Z-native-vm,startup.http-ttfr,,baseline,ttfr,go,,True,95,95,,True,2.935278,3.586323,6372.0,5.0
20260925T083500Z-native-vm,startup.http-ttfr,,baseline,ttfr,go,,True,96,96,,True,3.01844,3.778305,6380.0,5.0
20260925T083500Z-native-vm,startup.http-ttfr,,baseline,ttfr,go,,True,97,97,,True,2.460369,3.089362,6388.0,5.0
20260925T083500Z-native-vm,startup.http-ttfr,,baseline,ttfr,go,,True,98,98,,True,2.561862,3.262923,6372.0,4.0
20260925T083500Z-native-vm,startup.http-ttfr,,baseline,ttfr,go,,True,99,99,,True,2.40982,2.961666,6252.0,5.0
20260925T083500Z-native-vm,startup.http-ttfr,,baseline,ttfr,go,,True,100,100,,True,2.483611,3.054952,6244.0,4.0
20260925T083500Z-native-vm,startup.http-ttfr,,baseline,ttfr,go,,True,101,101,,True,2.690278,3.383839,6380.0,5.0
20260925T083500Z-native-vm,startup.http-ttfr,,baseline,ttfr,go,,True,102,102,,True,2.723948,3.297291,6184.0,4.0
20260925T083500Z-native-vm,startup.http-ttfr,,baseline,ttfr,go,,True,103,103,,True,3.431372,4.057306,6356.0,4.0
20260925T083500Z-native-vm,startup.http-ttfr,,baseline,ttfr,go,,True,104,104,,True,2.718847,3.48259,6260.0,4.0
20260925T083500Z-native-vm,startup.http-ttfr,,baseline,ttfr,go,,True,105,105,,True,2.614009,3.392079,6372.0,4.0
20260925T083500Z-native-vm,startup.http-ttfr,,baseline,ttfr,go,,True,106,106,,True,2.538461,3.19643,6388.0,5.0
20260925T083500Z-native-vm,startup.http-ttfr,,baseline,ttfr,go,,True,107,107,,True,2.629971,3.29801,6256.0,4.0
20260925T083500Z-native-vm,startup.http-ttfr,,baseline,ttfr,go,,True,108,108,,True,2.779598,3.431365,6372.0,4.0
20260925T083500Z-native-vm,startup.http-ttfr,,baseline,ttfr,go,,True,109,109,,True,3.57454,4.297957,6388.0,4.0
20260925T083500Z-native-vm,startup.http-ttfr,,baseline,ttfr,go,,True,110,110,,True,2.863853,3.823152,6384.0,5.0
20260925T083500Z-native-vm,startup.http-ttfr,,baseline,ttfr,go,,True,111,111,,True,2.470628,3.112655,6260.0,4.0
20260925T083500Z-native-vm,startup.http-ttfr,,baseline,ttfr,go,,True,112,112,,True,2.892577,3.477707,6260.0,4.0
20260925T083500Z-native-vm,startup.http-ttfr,,baseline,ttfr,go,,True,113,113,,True,2.53865,3.197036,6372.0,4.0
20260925T083500Z-native-vm,startup.http-ttfr,,baseline,ttfr,go,,True,114,114,,True,2.553316,3.319766,6376.0,5.0
20260925T083500Z-native-vm,startup.http-ttfr,,baseline,ttfr,go,,True,115,115,,True,2.190577,2.853803,6380.0,5.0
20260925T083500Z-native-vm,startup.http-ttfr,,baseline,ttfr,go,,True,116,116,,True,2.503314,3.246199,6260.0,4.0
20260925T083500Z-native-vm,startup.http-ttfr,,baseline,ttfr,go,,True,117,117,,True,2.469637,3.150914,6372.0,4.0
20260925T083500Z-native-vm,startup.http-ttfr,,baseline,ttfr,go,,True,118,118,,True,3.030351,3.902488,6372.0,4.0
20260925T083500Z-native-vm,startup.http-ttfr,,baseline,ttfr,go,,True,119,119,,True,2.667109,3.259369,6272.0,5.0
20260925T083500Z-native-vm,startup.http-ttfr,,baseline,ttfr,go,,True,120,120,,True,2.458868,3.1476,6372.0,4.0
20260925T083500Z-native-vm,startup.http-ttfr,,baseline,ttfr,go,,True,121,121,,True,2.512638,3.098431,6372.0,4.0
20260925T083500Z-native-vm,startup.http-ttfr,,baseline,ttfr,go,,True,122,122,,True,2.643622,3.186118,6364.0,4.0
20260925T083500Z-native-vm,startup.http-ttfr,,baseline,ttfr,go,,True,123,123,,True,2.480523,3.211675,6372.0,4.0
20260925T083500Z-native-vm,startup.http-ttfr,,baseline,ttfr,go,,True,124,124,,True,2.665432,3.219029,6268.0,5.0
20260925T083500Z-native-vm,startup.http-ttfr,,baseline,ttfr,go,,True,125,125,,True,2.498508,3.261747,6376.0,5.0
20260925T083500Z-native-vm,startup.http-ttfr,,baseline,ttfr,go,,True,126,126,,True,2.690245,3.284869,6260.0,4.0
20260925T083500Z-native-vm,startup.http-ttfr,,baseline,ttfr,go,,True,127,127,,True,2.687391,3.459939,6372.0,4.0
20260925T083500Z-native-vm,startup.http-ttfr,,baseline,ttfr,go,,True,128,128,,True,2.753071,3.355676,6180.0,4.0
20260925T083500Z-native-vm,startup.http-ttfr,,baseline,ttfr,go,,True,129,129,,True,2.494169,3.188227,6368.0,4.0
20260925T083500Z-native-vm,startup.http-ttfr,,baseline,ttfr,go,,True,130,130,,True,2.497054,3.147005,6372.0,4.0
20260925T083500Z-native-vm,startup.http-ttfr,,baseline,ttfr,go,,True,131,131,,True,2.826647,3.464895,6372.0,4.0
20260925T083500Z-native-vm,startup.http-ttfr,,baseline,ttfr,go,,True,132,132,,True,2.631116,3.341105,6348.0,4.0
20260925T083500Z-native-vm,startup.http-ttfr,,baseline,ttfr,go,,True,133,133,,True,2.403337,2.946478,6260.0,4.0
20260925T083500Z-native-vm,startup.http-ttfr,,baseline,ttfr,go,,True,134,134,,True,2.394778,3.125694,6264.0,4.0
20260925T083500Z-native-vm,startup.http-ttfr,,baseline,ttfr,go,,True,135,135,,True,2.664422,3.402368,6368.0,4.0
20260925T083500Z-native-vm,startup.http-ttfr,,baseline,ttfr,go,,True,136,136,,True,2.62782,3.829169,6392.0,5.0
20260925T083500Z-native-vm,startup.http-ttfr,,baseline,ttfr,go,,True,137,137,,True,2.843469,3.403696,6184.0,4.0
20260925T083500Z-native-vm,startup.http-ttfr,,baseline,ttfr,go,,True,138,138,,True,2.291269,3.064122,6376.0,4.0
20260925T083500Z-native-vm,startup.http-ttfr,,baseline,ttfr,go,,True,139,139,,True,3.358742,4.072746,6364.0,4.0
20260925T083500Z-native-vm,startup.http-ttfr,,baseline,ttfr,go,,True,140,140,,True,2.668523,3.375657,6280.0,4.0
20260925T083500Z-native-vm,startup.http-ttfr,,baseline,ttfr,go,,True,141,141,,True,3.3792,4.020644,6340.0,5.0
20260925T083500Z-native-vm,startup.http-ttfr,,baseline,ttfr,go,,True,142,142,,True,1.768181,2.594937,6360.0,4.0
20260925T083500Z-native-vm,startup.http-ttfr,,baseline,ttfr,go,,True,143,143,,True,3.032551,3.771777,6240.0,4.0
20260925T083500Z-native-vm,startup.http-ttfr,,baseline,ttfr,go,,True,144,144,,True,3.156973,3.878646,6356.0,4.0
20260925T083500Z-native-vm,startup.http-ttfr,,baseline,ttfr,go,,True,145,145,,True,2.45699,3.087928,6372.0,4.0
20260925T083500Z-native-vm,startup.http-ttfr,,baseline,ttfr,go,,True,146,146,,True,2.239081,2.924057,6256.0,4.0
20260925T083500Z-native-vm,startup.http-ttfr,,baseline,ttfr,go,,True,147,147,,True,2.529708,3.310411,6368.0,4.0
20260925T083500Z-native-vm,startup.http-ttfr,,baseline,ttfr,go,,True,148,148,,True,2.800368,3.472292,6372.0,4.0
20260925T083500Z-native-vm,startup.http-ttfr,,baseline,ttfr,go,,True,149,149,,True,2.769274,3.44418,6344.0,4.0
20260925T083500Z-native-vm,startup.http-ttfr,,baseline,ttfr,go,,True,150,150,,True,2.931926,3.740841,6364.0,4.0
20260925T083500Z-native-vm,startup.http-ttfr,,baseline,ttfr,go,,True,151,151,,True,2.400851,3.173309,6256.0,4.0
20260925T083500Z-native-vm,startup.http-ttfr,,baseline,ttfr,go,,True,152,152,,True,3.05975,3.890514,6264.0,4.0
20260925T083500Z-native-vm,startup.http-ttfr,,baseline,ttfr,go,,True,153,153,,True,2.530648,3.166132,6264.0,4.0
20260925T083500Z-native-vm,startup.http-ttfr,,baseline,ttfr,go,,True,154,154,,True,2.825564,3.401328,6272.0,5.0
20260925T083500Z-native-vm,startup.http-ttfr,,baseline,ttfr,go,,True,155,155,,True,2.587628,3.221005,6172.0,4.0
20260925T083500Z-native-vm,startup.http-ttfr,,baseline,ttfr,go,,True,156,156,,True,2.634071,3.558704,6376.0,4.0
20260925T083500Z-native-vm,startup.http-ttfr,,baseline,ttfr,go,,True,157,157,,True,2.600537,3.656818,6216.0,5.0
20260925T083500Z-native-vm,startup.http-ttfr,,baseline,ttfr,go,,True,158,158,,True,2.583611,3.367241,6260.0,4.0
20260925T083500Z-native-vm,startup.http-ttfr,,baseline,ttfr,go,,True,159,159,,True,2.446494,3.148906,6248.0,5.0
20260925T083500Z-native-vm,startup.http-ttfr,,baseline,ttfr,go,,True,160,160,,True,2.188161,3.033578,6376.0,4.0
20260925T083500Z-native-vm,startup.http-ttfr,,baseline,ttfr,go,,True,161,161,,True,2.462449,3.080765,6264.0,4.0
20260925T083500Z-native-vm,startup.http-ttfr,,baseline,ttfr,go,,True,162,162,,True,2.675521,4.037241,6372.0,4.0
20260925T083500Z-native-vm,startup.http-ttfr,,baseline,ttfr,go,,True,163,163,,True,2.73708,3.664789,6372.0,4.0
20260925T083500Z-native-vm,startup.http-ttfr,,baseline,ttfr,go,,True,164,164,,True,3.014299,3.81373,6384.0,4.0
20260925T083500Z-native-vm,startup.http-ttfr,,baseline,ttfr,go,,True,165,165,,True,4.482922,5.100139,6256.0,5.0
20260925T083500Z-native-vm,startup.http-ttfr,,baseline,ttfr,go,,True,166,166,,True,4.38455,5.269606,6388.0,5.0
20260925T083500Z-native-vm,startup.http-ttfr,,baseline,ttfr,go,,True,167,167,,True,3.316079,4.058785,6352.0,4.0
20260925T083500Z-native-vm,startup.http-ttfr,,baseline,ttfr,go,,True,168,168,,True,3.423873,4.151311,6260.0,4.0
20260925T083500Z-native-vm,startup.http-ttfr,,baseline,ttfr,go,,True,169,169,,True,3.228354,3.865155,6264.0,4.0
20260925T083500Z-native-vm,startup.http-ttfr,,baseline,ttfr,go,,True,170,170,,True,3.478269,4.193601,6352.0,4.0
20260925T083500Z-native-vm,startup.http-ttfr,,baseline,ttfr,go,,True,171,171,,True,2.817656,3.730352,6372.0,4.0
20260925T083500Z-native-vm,startup.http-ttfr,,baseline,ttfr,go,,True,172,172,,True,2.700815,3.714205,6384.0,5.0
20260925T083500Z-native-vm,startup.http-ttfr,,baseline,ttfr,go,,True,173,173,,True,2.648073,3.297449,6260.0,4.0
20260925T083500Z-native-vm,startup.http-ttfr,,baseline,ttfr,go,,True,174,174,,True,2.742846,3.38307,6372.0,4.0
20260925T083500Z-native-vm,startup.http-ttfr,,baseline,ttfr,go,,True,175,175,,True,2.370301,3.174031,6372.0,4.0
20260925T083500Z-native-vm,startup.http-ttfr,,baseline,ttfr,go,,True,176,176,,True,3.241588,3.896854,6388.0,5.0
20260925T083500Z-native-vm,startup.http-ttfr,,baseline,ttfr,go,,True,177,177,,True,2.383795,3.203922,6372.0,4.0
20260925T083500Z-native-vm,startup.http-ttfr,,baseline,ttfr,go,,True,178,178,,True,2.10348,2.671276,6380.0,5.0
20260925T083500Z-native-vm,startup.http-ttfr,,baseline,ttfr,go,,True,179,179,,True,3.472991,4.863979,6292.0,4.0
20260925T083500Z-native-vm,startup.http-ttfr,,baseline,ttfr,go,,True,180,180,,True,2.979926,3.784154,6248.0,4.0
20260925T083500Z-native-vm,startup.http-ttfr,,baseline,ttfr,go,,True,181,181,,True,3.294023,4.230872,6264.0,4.0
20260925T083500Z-native-vm,startup.http-ttfr,,baseline,ttfr,go,,True,182,182,,True,2.554226,3.374269,6256.0,4.0
20260925T083500Z-native-vm,startup.http-ttfr,,baseline,ttfr,go,,True,183,183,,True,3.030888,3.798087,6380.0,5.0
20260925T083500Z-native-vm,startup.http-ttfr,,baseline,ttfr,go,,True,184,184,,True,3.043888,3.731153,6264.0,4.0
20260925T083500Z-native-vm,startup.http-ttfr,,baseline,ttfr,go,,True,185,185,,True,2.639598,3.374646,6368.0,4.0
20260925T083500Z-native-vm,startup.http-ttfr,,baseline,ttfr,go,,True,186,186,,True,3.851978,4.549139,6352.0,4.0
20260925T083500Z-native-vm,startup.http-ttfr,,baseline,ttfr,go,,True,187,187,,True,1.991872,2.679393,6372.0,4.0
20260925T083500Z-native-vm,startup.http-ttfr,,baseline,ttfr,go,,True,188,188,,True,3.273459,4.036822,6384.0,5.0
20260925T083500Z-native-vm,startup.http-ttfr,,baseline,ttfr,go,,True,189,189,,True,3.242859,4.224548,6292.0,5.0
20260925T083500Z-native-vm,startup.http-ttfr,,baseline,ttfr,go,,True,190,190,,True,3.630006,4.290339,6352.0,4.0
20260925T083500Z-native-vm,startup.http-ttfr,,baseline,ttfr,go,,True,191,191,,True,2.21584,2.767173,6256.0,5.0
20260925T083500Z-native-vm,startup.http-ttfr,,baseline,ttfr,go,,True,192,192,,True,2.182229,2.836869,6372.0,4.0
20260925T083500Z-native-vm,startup.http-ttfr,,baseline,ttfr,go,,True,193,193,,True,2.341119,3.103614,6380.0,4.0
20260925T083500Z-native-vm,startup.http-ttfr,,baseline,ttfr,go,,True,194,194,,True,2.499234,3.269384,6384.0,5.0
20260925T083500Z-native-vm,startup.http-ttfr,,baseline,ttfr,go,,True,195,195,,True,2.179842,2.85962,6368.0,4.0
20260925T083500Z-native-vm,startup.http-ttfr,,baseline,ttfr,go,,True,196,196,,True,3.954712,4.911872,6376.0,5.0
20260925T083500Z-native-vm,startup.http-ttfr,,baseline,ttfr,go,,True,197,197,,True,2.737469,3.364858,6260.0,4.0
20260925T083500Z-native-vm,startup.http-ttfr,,baseline,ttfr,go,,True,198,198,,True,2.60943,3.946998,6252.0,5.0
20260925T083500Z-native-vm,startup.http-ttfr,,baseline,ttfr,go,,True,199,199,,True,2.58187,3.43263,6372.0,4.0
20260925T083500Z-native-vm,startup.http-ttfr,,baseline,ttfr,go,,True,200,200,,True,2.511451,3.18383,6360.0,4.0
20260925T083500Z-native-vm,startup.http-ttfr,,baseline,ttfr,go,,True,201,201,,True,2.67494,3.71985,6376.0,5.0
20260925T083500Z-native-vm,startup.http-ttfr,,baseline,ttfr,go,,True,202,202,,True,2.600453,3.21316,6260.0,4.0
20260925T083500Z-native-vm,startup.http-ttfr,,baseline,ttfr,go,,True,203,203,,True,2.7624,3.45019,6376.0,4.0
20260925T083500Z-native-vm,startup.http-ttfr,,baseline,ttfr,go,,True,204,204,,True,2.128469,2.638856,6356.0,4.0
20260925T083500Z-native-vm,startup.http-ttfr,,baseline,ttfr,go,,True,205,205,,True,3.196433,3.799814,6344.0,4.0
20260925T083500Z-native-vm,startup.http-ttfr,,baseline,ttfr,go,,True,206,206,,True,2.383556,2.961917,6264.0,4.0
20260925T083500Z-native-vm,startup.http-ttfr,,baseline,ttfr,go,,True,207,207,,True,2.204703,2.739997,6240.0,4.0
20260925T083500Z-native-vm,startup.http-ttfr,,baseline,ttfr,go,,True,208,208,,True,2.328985,2.941964,6176.0,4.0
20260925T083500Z-native-vm,startup.http-ttfr,,baseline,ttfr,go,,True,209,209,,True,2.512783,3.034235,6344.0,4.0
20260925T083500Z-native-vm,startup.http-ttfr,,baseline,ttfr,go,,True,210,210,,True,2.966201,3.574175,6268.0,5.0
20260925T083500Z-native-vm,startup.http-ttfr,,baseline,ttfr,go,,True,211,211,,True,3.35467,3.991581,6356.0,4.0
20260925T083500Z-native-vm,startup.http-ttfr,,baseline,ttfr,go,,True,212,212,,True,3.335995,4.085647,6396.0,5.0
20260925T083500Z-native-vm,startup.http-ttfr,,baseline,ttfr,go,,True,213,213,,True,2.998408,3.508717,6224.0,6.0
20260925T083500Z-native-vm,startup.http-ttfr,,baseline,ttfr,go,,True,214,214,,True,3.273007,3.769359,6360.0,4.0
20260925T083500Z-native-vm,startup.http-ttfr,,baseline,ttfr,go,,True,215,215,,True,2.486687,3.103219,6396.0,4.0
20260925T083500Z-native-vm,startup.http-ttfr,,baseline,ttfr,go,,True,216,216,,True,2.416281,3.084209,6280.0,4.0
20260925T083500Z-native-vm,startup.http-ttfr,,baseline,ttfr,go,,True,217,217,,True,3.401411,4.000307,6368.0,5.0
20260925T083500Z-native-vm,startup.http-ttfr,,baseline,ttfr,go,,True,218,218,,True,2.59332,3.419155,6376.0,4.0
20260925T083500Z-native-vm,startup.http-ttfr,,baseline,ttfr,go,,True,219,219,,True,3.141274,3.699961,6356.0,4.0
20260925T083500Z-native-vm,startup.http-ttfr,,baseline,ttfr,go,,True,220,220,,True,2.431517,3.159427,6376.0,4.0
20260925T083500Z-native-vm,startup.http-ttfr,,baseline,ttfr,go,,True,221,221,,True,2.330053,2.898819,6260.0,4.0
20260925T083500Z-native-vm,startup.http-ttfr,,baseline,ttfr,go,,True,222,222,,True,2.607597,3.167403,6360.0,4.0
20260925T083500Z-native-vm,startup.http-ttfr,,baseline,ttfr,go,,True,223,223,,True,2.784881,3.441602,6372.0,4.0
20260925T083500Z-native-vm,startup.http-ttfr,,baseline,ttfr,go,,True,224,224,,True,2.481627,3.224796,6368.0,4.0
20260925T083500Z-native-vm,startup.http-ttfr,,baseline,ttfr,go,,True,225,225,,True,2.403411,3.252608,6376.0,5.0
20260925T083500Z-native-vm,startup.http-ttfr,,baseline,ttfr,go,,True,226,226,,True,2.497324,3.128826,6372.0,4.0
20260925T083500Z-native-vm,startup.http-ttfr,,baseline,ttfr,go,,True,227,227,,True,2.355886,2.920988,6384.0,5.0
20260925T083500Z-native-vm,startup.http-ttfr,,baseline,ttfr,go,,True,228,228,,True,2.550621,3.240147,6372.0,4.0
20260925T083500Z-native-vm,startup.http-ttfr,,baseline,ttfr,go,,True,229,229,,True,2.368141,2.914187,6356.0,4.0
20260925T083500Z-native-vm,startup.http-ttfr,,baseline,ttfr,go,,True,230,230,,True,2.419035,3.014165,6380.0,5.0
20260925T083500Z-native-vm,startup.http-ttfr,,baseline,ttfr,go,,True,231,231,,True,2.574898,12.698292,6252.0,5.0
20260925T083500Z-native-vm,startup.http-ttfr,,baseline,ttfr,go,,True,232,232,,True,2.421066,3.163509,6376.0,5.0
20260925T083500Z-native-vm,startup.http-ttfr,,baseline,ttfr,go,,True,233,233,,True,2.563269,3.10245,6256.0,4.0
20260925T083500Z-native-vm,startup.http-ttfr,,baseline,ttfr,go,,True,234,234,,True,2.286795,2.827155,6264.0,4.0
20260925T083500Z-native-vm,startup.http-ttfr,,baseline,ttfr,go,,True,235,235,,True,2.451013,3.13882,6372.0,4.0
20260925T083500Z-native-vm,startup.http-ttfr,,baseline,ttfr,go,,True,236,236,,True,2.552723,3.324812,6368.0,4.0
20260925T083500Z-native-vm,startup.http-ttfr,,baseline,ttfr,go,,True,237,237,,True,2.56204,3.38843,6372.0,4.0
20260925T083500Z-native-vm,startup.http-ttfr,,baseline,ttfr,go,,True,238,238,,True,2.982984,3.515611,6260.0,4.0
20260925T083500Z-native-vm,startup.http-ttfr,,baseline,ttfr,go,,True,239,239,,True,2.458262,3.09683,6268.0,5.0
20260925T083500Z-native-vm,startup.http-ttfr,,baseline,ttfr,go,,True,240,240,,True,2.66337,3.478959,6380.0,4.0
20260925T083500Z-native-vm,startup.http-ttfr,,baseline,ttfr,go,,True,241,241,,True,2.704628,3.464095,6360.0,4.0
20260925T083500Z-native-vm,startup.http-ttfr,,baseline,ttfr,go,,True,242,242,,True,2.45272,3.378514,6368.0,4.0
20260925T083500Z-native-vm,startup.http-ttfr,,baseline,ttfr,go,,True,243,243,,True,2.460197,3.094383,6260.0,4.0
20260925T083500Z-native-vm,startup.http-ttfr,,baseline,ttfr,go,,True,244,244,,True,2.788696,3.468538,6260.0,4.0
20260925T083500Z-native-vm,startup.http-ttfr,,baseline,ttfr,go,,True,245,245,,True,2.738605,3.360214,6188.0,5.0
20260925T083500Z-native-vm,startup.http-ttfr,,baseline,ttfr,go,,True,246,246,,True,2.808347,3.358337,6248.0,5.0
20260925T083500Z-native-vm,startup.http-ttfr,,baseline,ttfr,go,,True,247,247,,True,2.961075,3.702018,6360.0,4.0
20260925T083500Z-native-vm,startup.http-ttfr,,baseline,ttfr,go,,True,248,248,,True,2.44703,3.25,6368.0,4.0
20260925T083500Z-native-vm,startup.http-ttfr,,baseline,ttfr,go,,True,249,249,,True,2.708058,3.52386,6384.0,5.0
20260925T083500Z-native-vm,startup.http-ttfr,,baseline,ttfr,go,,True,250,250,,True,2.514178,3.133784,6252.0,5.0
20260925T083500Z-native-vm,startup.http-ttfr,,baseline,ttfr,go,,True,251,251,,True,2.519179,3.146996,6260.0,4.0
20260925T083500Z-native-vm,startup.http-ttfr,,baseline,ttfr,go,,True,252,252,,True,2.40059,3.124805,6368.0,4.0
20260925T083500Z-native-vm,startup.http-ttfr,,baseline,ttfr,go,,True,253,253,,True,2.669426,3.305787,6260.0,4.0
20260925T083500Z-native-vm,startup.http-ttfr,,baseline,ttfr,go,,True,254,254,,True,2.383609,3.261049,6264.0,4.0
20260925T083500Z-native-vm,startup.http-ttfr,,baseline,ttfr,go,,True,255,255,,True,2.519484,3.112686,6376.0,4.0
20260925T083500Z-native-vm,startup.http-ttfr,,baseline,ttfr,go,,True,256,256,,True,2.667765,3.318542,6204.0,5.0
20260925T083500Z-native-vm,startup.http-ttfr,,baseline,ttfr,go,,True,257,257,,True,2.606738,3.455443,6380.0,5.0
20260925T083500Z-native-vm,startup.http-ttfr,,baseline,ttfr,go,,True,258,258,,True,2.619401,3.388821,6368.0,4.0
20260925T083500Z-native-vm,startup.http-ttfr,,baseline,ttfr,go,,True,259,259,,True,2.378976,3.110657,6260.0,4.0
20260925T083500Z-native-vm,startup.http-ttfr,,baseline,ttfr,go,,True,260,260,,True,2.369558,3.073968,6260.0,4.0
20260925T083500Z-native-vm,startup.http-ttfr,,baseline,ttfr,go,,True,261,261,,True,2.51913,3.224934,6376.0,4.0
20260925T083500Z-native-vm,startup.http-ttfr,,baseline,ttfr,go,,True,262,262,,True,2.383761,3.192315,6368.0,4.0
20260925T083500Z-native-vm,startup.http-ttfr,,baseline,ttfr,go,,True,263,263,,True,2.293823,3.303186,6376.0,4.0
20260925T083500Z-native-vm,startup.http-ttfr,,baseline,ttfr,go,,True,264,264,,True,2.640461,3.537326,6388.0,5.0
20260925T083500Z-native-vm,startup.http-ttfr,,baseline,ttfr,go,,True,265,265,,True,2.702277,3.852048,6368.0,4.0
20260925T083500Z-native-vm,startup.http-ttfr,,baseline,ttfr,go,,True,266,266,,True,3.817139,4.666937,6380.0,4.0
20260925T083500Z-native-vm,startup.http-ttfr,,baseline,ttfr,go,,True,267,267,,True,2.55732,3.390396,6240.0,4.0
20260925T083500Z-native-vm,startup.http-ttfr,,baseline,ttfr,go,,True,268,268,,True,3.506679,4.217924,6356.0,4.0
20260925T083500Z-native-vm,startup.http-ttfr,,baseline,ttfr,go,,True,269,269,,True,3.3798,4.316339,6412.0,6.0
20260925T083500Z-native-vm,startup.http-ttfr,,baseline,ttfr,go,,True,270,270,,True,2.512788,3.607448,6380.0,4.0
20260925T083500Z-native-vm,startup.http-ttfr,,baseline,ttfr,go,,True,271,271,,True,2.422779,3.413944,6372.0,4.0
20260925T083500Z-native-vm,startup.http-ttfr,,baseline,ttfr,go,,True,272,272,,True,2.787545,3.586655,6368.0,4.0
20260925T083500Z-native-vm,startup.http-ttfr,,baseline,ttfr,go,,True,273,273,,True,2.726405,3.404652,6260.0,4.0
20260925T083500Z-native-vm,startup.http-ttfr,,baseline,ttfr,go,,True,274,274,,True,2.648756,3.570509,6264.0,4.0
20260925T083500Z-native-vm,startup.http-ttfr,,baseline,ttfr,go,,True,275,275,,True,3.021305,3.899698,6384.0,5.0
20260925T083500Z-native-vm,startup.http-ttfr,,baseline,ttfr,go,,True,276,276,,True,2.933086,4.00262,6384.0,5.0
20260925T083500Z-native-vm,startup.http-ttfr,,baseline,ttfr,go,,True,277,277,,True,2.764469,3.468375,6272.0,5.0
20260925T083500Z-native-vm,startup.http-ttfr,,baseline,ttfr,go,,True,278,278,,True,2.503203,3.224244,6256.0,4.0
20260925T083500Z-native-vm,startup.http-ttfr,,baseline,ttfr,go,,True,279,279,,True,2.494396,3.136569,6360.0,4.0
20260925T083500Z-native-vm,startup.http-ttfr,,baseline,ttfr,go,,True,280,280,,True,2.753575,3.271687,6360.0,4.0
20260925T083500Z-native-vm,startup.http-ttfr,,baseline,ttfr,go,,True,281,281,,True,2.298631,2.982584,6368.0,4.0
20260925T083500Z-native-vm,startup.http-ttfr,,baseline,ttfr,go,,True,282,282,,True,2.8608,3.377472,6264.0,5.0
20260925T083500Z-native-vm,startup.http-ttfr,,baseline,ttfr,go,,True,283,283,,True,2.639207,3.220382,6176.0,4.0
20260925T083500Z-native-vm,startup.http-ttfr,,baseline,ttfr,go,,True,284,284,,True,2.064829,2.739205,6372.0,4.0
20260925T083500Z-native-vm,startup.http-ttfr,,baseline,ttfr,go,,True,285,285,,True,2.486522,3.062375,6260.0,4.0
20260925T083500Z-native-vm,startup.http-ttfr,,baseline,ttfr,go,,True,286,286,,True,3.835007,5.041509,6244.0,4.0
20260925T083500Z-native-vm,startup.http-ttfr,,baseline,ttfr,go,,True,287,287,,True,3.151095,4.432288,6384.0,4.0
20260925T083500Z-native-vm,startup.http-ttfr,,baseline,ttfr,go,,True,288,288,,True,2.65867,3.620255,6384.0,5.0
20260925T083500Z-native-vm,startup.http-ttfr,,baseline,ttfr,go,,True,289,289,,True,2.668986,3.41443,6256.0,4.0
20260925T083500Z-native-vm,startup.http-ttfr,,baseline,ttfr,go,,True,290,290,,True,3.046738,3.788794,6260.0,4.0
20260925T083500Z-native-vm,startup.http-ttfr,,baseline,ttfr,go,,True,291,291,,True,3.219283,4.253879,6380.0,4.0
20260925T083500Z-native-vm,startup.http-ttfr,,baseline,ttfr,go,,True,292,292,,True,2.501889,3.206793,6376.0,4.0
20260925T083500Z-native-vm,startup.http-ttfr,,baseline,ttfr,go,,True,293,293,,True,2.775394,3.451877,6372.0,4.0
20260925T083500Z-native-vm,startup.http-ttfr,,baseline,ttfr,go,,True,294,294,,True,3.022278,3.685309,6268.0,4.0
20260925T083500Z-native-vm,startup.http-ttfr,,baseline,ttfr,go,,True,295,295,,True,2.586283,3.250946,6288.0,4.0
20260925T083500Z-native-vm,startup.http-ttfr,,baseline,ttfr,go,,True,296,296,,True,2.492309,3.095999,6268.0,5.0
20260925T083500Z-native-vm,startup.http-ttfr,,baseline,ttfr,go,,True,297,297,,True,2.582044,3.318952,6376.0,4.0
20260925T083500Z-native-vm,startup.http-ttfr,,baseline,ttfr,go,,True,298,298,,True,2.60281,3.172793,6180.0,4.0
20260925T083500Z-native-vm,startup.http-ttfr,,baseline,ttfr,go,,True,299,299,,True,2.418614,3.075289,6236.0,4.0
20260925T083500Z-native-vm,startup.http-ttfr,,baseline,ttfr,rust,,True,0,0,,True,2.728964,3.219585,3708.0,3.0
20260925T083500Z-native-vm,startup.http-ttfr,,baseline,ttfr,rust,,True,1,1,,True,2.358439,2.81839,3696.0,3.0
20260925T083500Z-native-vm,startup.http-ttfr,,baseline,ttfr,rust,,True,2,2,,True,2.311223,2.705931,3656.0,3.0
20260925T083500Z-native-vm,startup.http-ttfr,,baseline,ttfr,rust,,True,3,3,,True,2.381706,3.314825,3712.0,3.0
20260925T083500Z-native-vm,startup.http-ttfr,,baseline,ttfr,rust,,True,4,4,,True,2.208376,2.633939,3652.0,3.0
20260925T083500Z-native-vm,startup.http-ttfr,,baseline,ttfr,rust,,True,5,5,,True,2.084234,2.635483,3628.0,3.0
20260925T083500Z-native-vm,startup.http-ttfr,,baseline,ttfr,rust,,True,6,6,,True,2.768886,3.236498,3736.0,3.0
20260925T083500Z-native-vm,startup.http-ttfr,,baseline,ttfr,rust,,True,7,7,,True,2.596158,3.031726,3636.0,3.0
20260925T083500Z-native-vm,startup.http-ttfr,,baseline,ttfr,rust,,True,8,8,,True,2.231243,2.659435,3672.0,3.0
20260925T083500Z-native-vm,startup.http-ttfr,,baseline,ttfr,rust,,True,9,9,,True,2.884297,3.433307,3740.0,3.0
20260925T083500Z-native-vm,startup.http-ttfr,,baseline,ttfr,rust,,True,10,10,,True,2.741917,3.349935,3732.0,3.0
20260925T083500Z-native-vm,startup.http-ttfr,,baseline,ttfr,rust,,True,11,11,,True,2.65177,3.155771,3652.0,3.0
20260925T083500Z-native-vm,startup.http-ttfr,,baseline,ttfr,rust,,True,12,12,,True,2.473958,2.898946,3696.0,3.0
20260925T083500Z-native-vm,startup.http-ttfr,,baseline,ttfr,rust,,True,13,13,,True,2.069224,2.444036,3716.0,3.0
20260925T083500Z-native-vm,startup.http-ttfr,,baseline,ttfr,rust,,True,14,14,,True,2.064098,2.452546,3796.0,3.0
20260925T083500Z-native-vm,startup.http-ttfr,,baseline,ttfr,rust,,True,15,15,,True,2.14225,2.617081,3716.0,3.0
20260925T083500Z-native-vm,startup.http-ttfr,,baseline,ttfr,rust,,True,16,16,,True,2.742886,3.341066,3796.0,3.0
20260925T083500Z-native-vm,startup.http-ttfr,,baseline,ttfr,rust,,True,17,17,,True,2.844437,3.298858,3644.0,3.0
20260925T083500Z-native-vm,startup.http-ttfr,,baseline,ttfr,rust,,True,18,18,,True,2.048777,2.598814,3664.0,3.0
20260925T083500Z-native-vm,startup.http-ttfr,,baseline,ttfr,rust,,True,19,19,,True,2.256051,2.623653,3628.0,3.0
20260925T083500Z-native-vm,startup.http-ttfr,,baseline,ttfr,rust,,True,20,20,,True,2.20999,2.593825,3672.0,3.0
20260925T083500Z-native-vm,startup.http-ttfr,,baseline,ttfr,rust,,True,21,21,,True,2.190484,2.624412,3628.0,3.0
20260925T083500Z-native-vm,startup.http-ttfr,,baseline,ttfr,rust,,True,22,22,,True,2.307068,2.754547,3628.0,3.0
20260925T083500Z-native-vm,startup.http-ttfr,,baseline,ttfr,rust,,True,23,23,,True,2.266631,2.686872,3776.0,3.0
20260925T083500Z-native-vm,startup.http-ttfr,,baseline,ttfr,rust,,True,24,24,,True,2.750301,3.13387,3648.0,3.0
20260925T083500Z-native-vm,startup.http-ttfr,,baseline,ttfr,rust,,True,25,25,,True,2.278097,2.969695,3648.0,3.0
20260925T083500Z-native-vm,startup.http-ttfr,,baseline,ttfr,rust,,True,26,26,,True,2.389692,2.832657,3624.0,3.0
20260925T083500Z-native-vm,startup.http-ttfr,,baseline,ttfr,rust,,True,27,27,,True,2.360811,2.835371,3656.0,3.0
20260925T083500Z-native-vm,startup.http-ttfr,,baseline,ttfr,rust,,True,28,28,,True,2.370143,2.828734,3720.0,3.0
20260925T083500Z-native-vm,startup.http-ttfr,,baseline,ttfr,rust,,True,29,29,,True,2.413471,2.967393,3720.0,3.0
20260925T083500Z-native-vm,startup.http-ttfr,,baseline,ttfr,rust,,True,30,30,,True,2.275773,2.811952,3664.0,3.0
20260925T083500Z-native-vm,startup.http-ttfr,,baseline,ttfr,rust,,True,31,31,,True,2.299043,2.730659,3700.0,3.0
20260925T083500Z-native-vm,startup.http-ttfr,,baseline,ttfr,rust,,True,32,32,,True,2.344562,2.700366,3792.0,3.0
20260925T083500Z-native-vm,startup.http-ttfr,,baseline,ttfr,rust,,True,33,33,,True,2.413007,3.433613,3724.0,3.0
20260925T083500Z-native-vm,startup.http-ttfr,,baseline,ttfr,rust,,True,34,34,,True,2.408175,2.857991,3792.0,3.0
20260925T083500Z-native-vm,startup.http-ttfr,,baseline,ttfr,rust,,True,35,35,,True,2.2878,2.771156,3724.0,3.0
20260925T083500Z-native-vm,startup.http-ttfr,,baseline,ttfr,rust,,True,36,36,,True,2.31074,2.829456,3724.0,3.0
20260925T083500Z-native-vm,startup.http-ttfr,,baseline,ttfr,rust,,True,37,37,,True,2.341138,2.752288,3720.0,3.0
20260925T083500Z-native-vm,startup.http-ttfr,,baseline,ttfr,rust,,True,38,38,,True,2.570816,2.994566,3688.0,3.0
20260925T083500Z-native-vm,startup.http-ttfr,,baseline,ttfr,rust,,True,39,39,,True,5.815254,6.358851,3832.0,3.0
20260925T083500Z-native-vm,startup.http-ttfr,,baseline,ttfr,rust,,True,40,40,,True,2.291649,2.672121,3612.0,3.0
20260925T083500Z-native-vm,startup.http-ttfr,,baseline,ttfr,rust,,True,41,41,,True,2.51047,2.931441,3832.0,3.0
20260925T083500Z-native-vm,startup.http-ttfr,,baseline,ttfr,rust,,True,42,42,,True,5.154229,5.956663,3764.0,3.0
20260925T083500Z-native-vm,startup.http-ttfr,,baseline,ttfr,rust,,True,43,43,,True,2.309416,2.72359,3716.0,3.0
20260925T083500Z-native-vm,startup.http-ttfr,,baseline,ttfr,rust,,True,44,44,,True,2.576784,3.007387,3632.0,3.0
20260925T083500Z-native-vm,startup.http-ttfr,,baseline,ttfr,rust,,True,45,45,,True,2.380047,2.785563,3616.0,3.0
20260925T083500Z-native-vm,startup.http-ttfr,,baseline,ttfr,rust,,True,46,46,,True,2.154618,2.70576,3688.0,3.0
20260925T083500Z-native-vm,startup.http-ttfr,,baseline,ttfr,rust,,True,47,47,,True,2.154434,2.584748,3664.0,3.0
20260925T083500Z-native-vm,startup.http-ttfr,,baseline,ttfr,rust,,True,48,48,,True,2.24927,2.703238,3736.0,3.0
20260925T083500Z-native-vm,startup.http-ttfr,,baseline,ttfr,rust,,True,49,49,,True,2.210207,2.618961,3700.0,3.0
20260925T083500Z-native-vm,startup.http-ttfr,,baseline,ttfr,rust,,True,50,50,,True,2.178735,2.603408,3640.0,3.0
20260925T083500Z-native-vm,startup.http-ttfr,,baseline,ttfr,rust,,True,51,51,,True,2.39483,2.863981,3632.0,3.0
20260925T083500Z-native-vm,startup.http-ttfr,,baseline,ttfr,rust,,True,52,52,,True,2.935973,3.626525,3728.0,3.0
20260925T083500Z-native-vm,startup.http-ttfr,,baseline,ttfr,rust,,True,53,53,,True,2.556894,3.233343,3728.0,3.0
20260925T083500Z-native-vm,startup.http-ttfr,,baseline,ttfr,rust,,True,54,54,,True,2.668535,3.077961,3768.0,3.0
20260925T083500Z-native-vm,startup.http-ttfr,,baseline,ttfr,rust,,True,55,55,,True,2.688808,3.165678,3776.0,3.0
20260925T083500Z-native-vm,startup.http-ttfr,,baseline,ttfr,rust,,True,56,56,,True,2.847096,3.394146,3688.0,3.0
20260925T083500Z-native-vm,startup.http-ttfr,,baseline,ttfr,rust,,True,57,57,,True,2.342288,2.904319,3620.0,3.0
20260925T083500Z-native-vm,startup.http-ttfr,,baseline,ttfr,rust,,True,58,58,,True,2.297513,2.790075,3712.0,3.0
20260925T083500Z-native-vm,startup.http-ttfr,,baseline,ttfr,rust,,True,59,59,,True,2.560161,3.084273,3832.0,3.0
20260925T083500Z-native-vm,startup.http-ttfr,,baseline,ttfr,rust,,True,60,60,,True,2.56108,3.11521,3712.0,3.0
20260925T083500Z-native-vm,startup.http-ttfr,,baseline,ttfr,rust,,True,61,61,,True,3.806646,4.37766,3688.0,3.0
20260925T083500Z-native-vm,startup.http-ttfr,,baseline,ttfr,rust,,True,62,62,,True,2.72237,3.344702,3628.0,3.0
20260925T083500Z-native-vm,startup.http-ttfr,,baseline,ttfr,rust,,True,63,63,,True,2.404712,2.939401,3712.0,3.0
20260925T083500Z-native-vm,startup.http-ttfr,,baseline,ttfr,rust,,True,64,64,,True,2.514861,3.024499,3732.0,3.0
20260925T083500Z-native-vm,startup.http-ttfr,,baseline,ttfr,rust,,True,65,65,,True,2.472315,2.936855,3724.0,3.0
20260925T083500Z-native-vm,startup.http-ttfr,,baseline,ttfr,rust,,True,66,66,,True,2.223477,2.722354,3732.0,3.0
20260925T083500Z-native-vm,startup.http-ttfr,,baseline,ttfr,rust,,True,67,67,,True,2.397866,2.918413,3716.0,3.0
20260925T083500Z-native-vm,startup.http-ttfr,,baseline,ttfr,rust,,True,68,68,,True,2.280471,2.761946,3716.0,3.0
20260925T083500Z-native-vm,startup.http-ttfr,,baseline,ttfr,rust,,True,69,69,,True,2.375863,2.890313,3724.0,3.0
20260925T083500Z-native-vm,startup.http-ttfr,,baseline,ttfr,rust,,True,70,70,,True,2.682557,3.258634,3756.0,3.0
20260925T083500Z-native-vm,startup.http-ttfr,,baseline,ttfr,rust,,True,71,71,,True,2.301493,2.771194,3792.0,3.0
20260925T083500Z-native-vm,startup.http-ttfr,,baseline,ttfr,rust,,True,72,72,,True,2.560276,3.185423,3636.0,3.0
20260925T083500Z-native-vm,startup.http-ttfr,,baseline,ttfr,rust,,True,73,73,,True,2.856814,3.269892,3604.0,3.0
20260925T083500Z-native-vm,startup.http-ttfr,,baseline,ttfr,rust,,True,74,74,,True,2.223791,2.652054,3716.0,3.0
20260925T083500Z-native-vm,startup.http-ttfr,,baseline,ttfr,rust,,True,75,75,,True,2.269323,2.743547,3684.0,3.0
20260925T083500Z-native-vm,startup.http-ttfr,,baseline,ttfr,rust,,True,76,76,,True,2.219702,2.683063,3792.0,3.0
20260925T083500Z-native-vm,startup.http-ttfr,,baseline,ttfr,rust,,True,77,77,,True,2.268982,2.720624,3688.0,3.0
20260925T083500Z-native-vm,startup.http-ttfr,,baseline,ttfr,rust,,True,78,78,,True,2.770759,3.397784,3688.0,3.0
20260925T083500Z-native-vm,startup.http-ttfr,,baseline,ttfr,rust,,True,79,79,,True,2.848109,3.469901,3680.0,3.0
20260925T083500Z-native-vm,startup.http-ttfr,,baseline,ttfr,rust,,True,80,80,,True,3.011322,3.567525,3620.0,3.0
20260925T083500Z-native-vm,startup.http-ttfr,,baseline,ttfr,rust,,True,81,81,,True,3.476105,4.584034,3696.0,3.0
20260925T083500Z-native-vm,startup.http-ttfr,,baseline,ttfr,rust,,True,82,82,,True,3.105563,3.751008,3728.0,3.0
20260925T083500Z-native-vm,startup.http-ttfr,,baseline,ttfr,rust,,True,83,83,,True,2.599725,3.089528,3660.0,3.0
20260925T083500Z-native-vm,startup.http-ttfr,,baseline,ttfr,rust,,True,84,84,,True,2.293204,2.822217,3660.0,3.0
20260925T083500Z-native-vm,startup.http-ttfr,,baseline,ttfr,rust,,True,85,85,,True,2.253754,2.789466,3648.0,3.0
20260925T083500Z-native-vm,startup.http-ttfr,,baseline,ttfr,rust,,True,86,86,,True,2.319024,2.823421,3712.0,3.0
20260925T083500Z-native-vm,startup.http-ttfr,,baseline,ttfr,rust,,True,87,87,,True,2.753581,3.413703,3760.0,3.0
20260925T083500Z-native-vm,startup.http-ttfr,,baseline,ttfr,rust,,True,88,88,,True,2.396862,2.872403,3728.0,3.0
20260925T083500Z-native-vm,startup.http-ttfr,,baseline,ttfr,rust,,True,89,89,,True,2.088735,2.530341,3712.0,3.0
20260925T083500Z-native-vm,startup.http-ttfr,,baseline,ttfr,rust,,True,90,90,,True,2.410409,2.864489,3636.0,3.0
20260925T083500Z-native-vm,startup.http-ttfr,,baseline,ttfr,rust,,True,91,91,,True,2.3061,2.980878,3784.0,3.0
20260925T083500Z-native-vm,startup.http-ttfr,,baseline,ttfr,rust,,True,92,92,,True,2.333571,2.723418,3644.0,3.0
20260925T083500Z-native-vm,startup.http-ttfr,,baseline,ttfr,rust,,True,93,93,,True,2.239721,2.635887,3660.0,3.0
20260925T083500Z-native-vm,startup.http-ttfr,,baseline,ttfr,rust,,True,94,94,,True,2.707929,3.132757,3696.0,3.0
20260925T083500Z-native-vm,startup.http-ttfr,,baseline,ttfr,rust,,True,95,95,,True,2.717705,3.257846,3644.0,3.0
20260925T083500Z-native-vm,startup.http-ttfr,,baseline,ttfr,rust,,True,96,96,,True,2.198823,2.624032,3664.0,3.0
20260925T083500Z-native-vm,startup.http-ttfr,,baseline,ttfr,rust,,True,97,97,,True,2.10739,2.538976,3772.0,3.0
20260925T083500Z-native-vm,startup.http-ttfr,,baseline,ttfr,rust,,True,98,98,,True,2.234402,2.737067,3768.0,3.0
20260925T083500Z-native-vm,startup.http-ttfr,,baseline,ttfr,rust,,True,99,99,,True,2.133945,2.598183,3620.0,3.0
20260925T083500Z-native-vm,startup.http-ttfr,,baseline,ttfr,rust,,True,100,100,,True,2.239429,2.669379,3700.0,3.0
20260925T083500Z-native-vm,startup.http-ttfr,,baseline,ttfr,rust,,True,101,101,,True,2.54692,2.999634,3628.0,3.0
20260925T083500Z-native-vm,startup.http-ttfr,,baseline,ttfr,rust,,True,102,102,,True,2.178212,2.598464,3724.0,3.0
20260925T083500Z-native-vm,startup.http-ttfr,,baseline,ttfr,rust,,True,103,103,,True,2.824118,3.321348,3708.0,3.0
20260925T083500Z-native-vm,startup.http-ttfr,,baseline,ttfr,rust,,True,104,104,,True,2.209349,2.648474,3584.0,3.0
20260925T083500Z-native-vm,startup.http-ttfr,,baseline,ttfr,rust,,True,105,105,,True,2.214801,2.641209,3692.0,3.0
20260925T083500Z-native-vm,startup.http-ttfr,,baseline,ttfr,rust,,True,106,106,,True,2.333393,2.876145,3644.0,3.0
20260925T083500Z-native-vm,startup.http-ttfr,,baseline,ttfr,rust,,True,107,107,,True,2.155079,2.552675,3804.0,3.0
20260925T083500Z-native-vm,startup.http-ttfr,,baseline,ttfr,rust,,True,108,108,,True,1.875104,2.269419,3632.0,3.0
20260925T083500Z-native-vm,startup.http-ttfr,,baseline,ttfr,rust,,True,109,109,,True,2.273659,2.791805,3656.0,3.0
20260925T083500Z-native-vm,startup.http-ttfr,,baseline,ttfr,rust,,True,110,110,,True,2.142467,2.566396,3636.0,3.0
20260925T083500Z-native-vm,startup.http-ttfr,,baseline,ttfr,rust,,True,111,111,,True,2.188808,2.607076,3624.0,3.0
20260925T083500Z-native-vm,startup.http-ttfr,,baseline,ttfr,rust,,True,112,112,,True,2.278083,2.685147,3792.0,3.0
20260925T083500Z-native-vm,startup.http-ttfr,,baseline,ttfr,rust,,True,113,113,,True,2.252091,2.747691,3608.0,3.0
20260925T083500Z-native-vm,startup.http-ttfr,,baseline,ttfr,rust,,True,114,114,,True,2.112975,2.636699,3804.0,3.0
20260925T083500Z-native-vm,startup.http-ttfr,,baseline,ttfr,rust,,True,115,115,,True,2.248158,2.620328,3832.0,3.0
20260925T083500Z-native-vm,startup.http-ttfr,,baseline,ttfr,rust,,True,116,116,,True,2.345908,2.807761,3652.0,3.0
20260925T083500Z-native-vm,startup.http-ttfr,,baseline,ttfr,rust,,True,117,117,,True,2.274681,2.70678,3688.0,3.0
20260925T083500Z-native-vm,startup.http-ttfr,,baseline,ttfr,rust,,True,118,118,,True,2.284993,2.828675,3692.0,3.0
20260925T083500Z-native-vm,startup.http-ttfr,,baseline,ttfr,rust,,True,119,119,,True,2.983793,3.483731,3712.0,3.0
20260925T083500Z-native-vm,startup.http-ttfr,,baseline,ttfr,rust,,True,120,120,,True,2.282677,2.703454,3784.0,3.0
20260925T083500Z-native-vm,startup.http-ttfr,,baseline,ttfr,rust,,True,121,121,,True,2.320698,2.74713,3688.0,3.0
20260925T083500Z-native-vm,startup.http-ttfr,,baseline,ttfr,rust,,True,122,122,,True,2.629974,3.030595,3644.0,3.0
20260925T083500Z-native-vm,startup.http-ttfr,,baseline,ttfr,rust,,True,123,123,,True,2.161849,2.609523,3720.0,3.0
20260925T083500Z-native-vm,startup.http-ttfr,,baseline,ttfr,rust,,True,124,124,,True,2.162577,2.586431,3648.0,3.0
20260925T083500Z-native-vm,startup.http-ttfr,,baseline,ttfr,rust,,True,125,125,,True,2.367925,2.770077,3652.0,3.0
20260925T083500Z-native-vm,startup.http-ttfr,,baseline,ttfr,rust,,True,126,126,,True,2.453056,2.875381,3620.0,3.0
20260925T083500Z-native-vm,startup.http-ttfr,,baseline,ttfr,rust,,True,127,127,,True,2.305424,2.759333,3780.0,3.0
20260925T083500Z-native-vm,startup.http-ttfr,,baseline,ttfr,rust,,True,128,128,,True,2.214736,2.668286,3724.0,3.0
20260925T083500Z-native-vm,startup.http-ttfr,,baseline,ttfr,rust,,True,129,129,,True,2.31319,2.715832,3724.0,3.0
20260925T083500Z-native-vm,startup.http-ttfr,,baseline,ttfr,rust,,True,130,130,,True,2.517761,2.977161,3796.0,3.0
20260925T083500Z-native-vm,startup.http-ttfr,,baseline,ttfr,rust,,True,131,131,,True,2.315681,2.71287,3668.0,3.0
20260925T083500Z-native-vm,startup.http-ttfr,,baseline,ttfr,rust,,True,132,132,,True,2.178413,2.551449,3644.0,3.0
20260925T083500Z-native-vm,startup.http-ttfr,,baseline,ttfr,rust,,True,133,133,,True,2.263237,2.815779,3628.0,3.0
20260925T083500Z-native-vm,startup.http-ttfr,,baseline,ttfr,rust,,True,134,134,,True,2.303211,2.752641,3648.0,3.0
20260925T083500Z-native-vm,startup.http-ttfr,,baseline,ttfr,rust,,True,135,135,,True,2.448299,2.856861,3712.0,3.0
20260925T083500Z-native-vm,startup.http-ttfr,,baseline,ttfr,rust,,True,136,136,,True,2.233459,2.701228,3828.0,3.0
20260925T083500Z-native-vm,startup.http-ttfr,,baseline,ttfr,rust,,True,137,137,,True,2.173536,2.540677,3740.0,3.0
20260925T083500Z-native-vm,startup.http-ttfr,,baseline,ttfr,rust,,True,138,138,,True,2.244253,2.693399,3712.0,3.0
20260925T083500Z-native-vm,startup.http-ttfr,,baseline,ttfr,rust,,True,139,139,,True,1.934932,2.769085,3664.0,3.0
20260925T083500Z-native-vm,startup.http-ttfr,,baseline,ttfr,rust,,True,140,140,,True,2.757888,3.915845,3632.0,3.0
20260925T083500Z-native-vm,startup.http-ttfr,,baseline,ttfr,rust,,True,141,141,,True,2.440603,2.823657,3684.0,3.0
20260925T083500Z-native-vm,startup.http-ttfr,,baseline,ttfr,rust,,True,142,142,,True,2.662814,3.150339,3668.0,3.0
20260925T083500Z-native-vm,startup.http-ttfr,,baseline,ttfr,rust,,True,143,143,,True,2.889879,3.321478,3716.0,3.0
20260925T083500Z-native-vm,startup.http-ttfr,,baseline,ttfr,rust,,True,144,144,,True,2.190984,2.699378,3628.0,3.0
20260925T083500Z-native-vm,startup.http-ttfr,,baseline,ttfr,rust,,True,145,145,,True,2.195434,2.649261,3648.0,3.0
20260925T083500Z-native-vm,startup.http-ttfr,,baseline,ttfr,rust,,True,146,146,,True,2.172614,2.594712,3772.0,3.0
20260925T083500Z-native-vm,startup.http-ttfr,,baseline,ttfr,rust,,True,147,147,,True,2.193832,2.527584,3708.0,3.0
20260925T083500Z-native-vm,startup.http-ttfr,,baseline,ttfr,rust,,True,148,148,,True,2.420105,3.134399,3788.0,3.0
20260925T083500Z-native-vm,startup.http-ttfr,,baseline,ttfr,rust,,True,149,149,,True,2.266082,2.922995,3668.0,3.0
20260925T083500Z-native-vm,startup.http-ttfr,,baseline,ttfr,rust,,True,150,150,,True,2.252102,2.711859,3792.0,3.0
20260925T083500Z-native-vm,startup.http-ttfr,,baseline,ttfr,rust,,True,151,151,,True,2.488776,3.262567,3644.0,3.0
20260925T083500Z-native-vm,startup.http-ttfr,,baseline,ttfr,rust,,True,152,152,,True,2.318011,2.847932,3648.0,3.0
20260925T083500Z-native-vm,startup.http-ttfr,,baseline,ttfr,rust,,True,153,153,,True,2.171807,2.604586,3728.0,3.0
20260925T083500Z-native-vm,startup.http-ttfr,,baseline,ttfr,rust,,True,154,154,,True,2.272923,2.751982,3688.0,3.0
20260925T083500Z-native-vm,startup.http-ttfr,,baseline,ttfr,rust,,True,155,155,,True,2.633182,3.343695,3652.0,3.0
20260925T083500Z-native-vm,startup.http-ttfr,,baseline,ttfr,rust,,True,156,156,,True,2.240849,2.720039,3712.0,3.0
20260925T083500Z-native-vm,startup.http-ttfr,,baseline,ttfr,rust,,True,157,157,,True,2.676446,3.309115,3724.0,3.0
20260925T083500Z-native-vm,startup.http-ttfr,,baseline,ttfr,rust,,True,158,158,,True,2.196584,2.75568,3700.0,3.0
20260925T083500Z-native-vm,startup.http-ttfr,,baseline,ttfr,rust,,True,159,159,,True,2.251753,2.735964,3640.0,3.0
20260925T083500Z-native-vm,startup.http-ttfr,,baseline,ttfr,rust,,True,160,160,,True,2.249497,2.729008,3780.0,3.0
20260925T083500Z-native-vm,startup.http-ttfr,,baseline,ttfr,rust,,True,161,161,,True,2.118178,2.864216,3700.0,3.0
20260925T083500Z-native-vm,startup.http-ttfr,,baseline,ttfr,rust,,True,162,162,,True,3.496903,4.752927,3744.0,3.0
20260925T083500Z-native-vm,startup.http-ttfr,,baseline,ttfr,rust,,True,163,163,,True,2.449621,3.064763,3664.0,3.0
20260925T083500Z-native-vm,startup.http-ttfr,,baseline,ttfr,rust,,True,164,164,,True,3.333135,3.895446,3772.0,3.0
20260925T083500Z-native-vm,startup.http-ttfr,,baseline,ttfr,rust,,True,165,165,,True,2.182881,2.869892,3652.0,3.0
20260925T083500Z-native-vm,startup.http-ttfr,,baseline,ttfr,rust,,True,166,166,,True,2.55218,3.026876,3728.0,3.0
20260925T083500Z-native-vm,startup.http-ttfr,,baseline,ttfr,rust,,True,167,167,,True,2.388888,2.879731,3612.0,3.0
20260925T083500Z-native-vm,startup.http-ttfr,,baseline,ttfr,rust,,True,168,168,,True,2.57217,3.130757,3628.0,3.0
20260925T083500Z-native-vm,startup.http-ttfr,,baseline,ttfr,rust,,True,169,169,,True,2.2815,2.815558,3612.0,3.0
20260925T083500Z-native-vm,startup.http-ttfr,,baseline,ttfr,rust,,True,170,170,,True,2.755813,3.242616,3656.0,3.0
20260925T083500Z-native-vm,startup.http-ttfr,,baseline,ttfr,rust,,True,171,171,,True,2.721689,3.232431,3708.0,3.0
20260925T083500Z-native-vm,startup.http-ttfr,,baseline,ttfr,rust,,True,172,172,,True,2.791857,3.271849,3700.0,3.0
20260925T083500Z-native-vm,startup.http-ttfr,,baseline,ttfr,rust,,True,173,173,,True,3.064406,3.582418,3652.0,3.0
20260925T083500Z-native-vm,startup.http-ttfr,,baseline,ttfr,rust,,True,174,174,,True,2.51331,2.938494,3716.0,3.0
20260925T083500Z-native-vm,startup.http-ttfr,,baseline,ttfr,rust,,True,175,175,,True,2.15678,2.602388,3692.0,3.0
20260925T083500Z-native-vm,startup.http-ttfr,,baseline,ttfr,rust,,True,176,176,,True,2.784005,3.248672,3636.0,3.0
20260925T083500Z-native-vm,startup.http-ttfr,,baseline,ttfr,rust,,True,177,177,,True,2.723046,3.146724,3644.0,3.0
20260925T083500Z-native-vm,startup.http-ttfr,,baseline,ttfr,rust,,True,178,178,,True,2.251824,2.627186,3624.0,3.0
20260925T083500Z-native-vm,startup.http-ttfr,,baseline,ttfr,rust,,True,179,179,,True,1.995964,2.365282,3768.0,3.0
20260925T083500Z-native-vm,startup.http-ttfr,,baseline,ttfr,rust,,True,180,180,,True,3.160922,3.837732,3848.0,3.0
20260925T083500Z-native-vm,startup.http-ttfr,,baseline,ttfr,rust,,True,181,181,,True,2.403808,3.008224,3716.0,3.0
20260925T083500Z-native-vm,startup.http-ttfr,,baseline,ttfr,rust,,True,182,182,,True,2.23148,3.266836,3772.0,3.0
20260925T083500Z-native-vm,startup.http-ttfr,,baseline,ttfr,rust,,True,183,183,,True,2.750127,3.318714,3652.0,3.0
20260925T083500Z-native-vm,startup.http-ttfr,,baseline,ttfr,rust,,True,184,184,,True,2.736857,3.233487,3732.0,3.0
20260925T083500Z-native-vm,startup.http-ttfr,,baseline,ttfr,rust,,True,185,185,,True,2.627041,3.133464,3628.0,3.0
20260925T083500Z-native-vm,startup.http-ttfr,,baseline,ttfr,rust,,True,186,186,,True,2.510954,3.014718,3712.0,3.0
20260925T083500Z-native-vm,startup.http-ttfr,,baseline,ttfr,rust,,True,187,187,,True,2.594173,3.105824,3772.0,3.0
20260925T083500Z-native-vm,startup.http-ttfr,,baseline,ttfr,rust,,True,188,188,,True,2.69812,3.265494,3712.0,3.0
20260925T083500Z-native-vm,startup.http-ttfr,,baseline,ttfr,rust,,True,189,189,,True,2.550481,2.989117,3664.0,3.0
20260925T083500Z-native-vm,startup.http-ttfr,,baseline,ttfr,rust,,True,190,190,,True,2.207933,2.693848,3632.0,3.0
20260925T083500Z-native-vm,startup.http-ttfr,,baseline,ttfr,rust,,True,191,191,,True,1.990282,2.419168,3696.0,3.0
20260925T083500Z-native-vm,startup.http-ttfr,,baseline,ttfr,rust,,True,192,192,,True,2.302573,2.740963,3764.0,3.0
20260925T083500Z-native-vm,startup.http-ttfr,,baseline,ttfr,rust,,True,193,193,,True,2.267478,2.753834,3712.0,3.0
20260925T083500Z-native-vm,startup.http-ttfr,,baseline,ttfr,rust,,True,194,194,,True,2.234394,2.653137,3668.0,3.0
20260925T083500Z-native-vm,startup.http-ttfr,,baseline,ttfr,rust,,True,195,195,,True,2.338284,2.746623,3640.0,3.0
20260925T083500Z-native-vm,startup.http-ttfr,,baseline,ttfr,rust,,True,196,196,,True,2.27618,2.731044,3648.0,3.0
20260925T083500Z-native-vm,startup.http-ttfr,,baseline,ttfr,rust,,True,197,197,,True,2.492507,2.969567,3776.0,3.0
20260925T083500Z-native-vm,startup.http-ttfr,,baseline,ttfr,rust,,True,198,198,,True,2.181099,2.644033,3792.0,3.0
20260925T083500Z-native-vm,startup.http-ttfr,,baseline,ttfr,rust,,True,199,199,,True,2.289982,2.751598,3628.0,3.0
20260925T083500Z-native-vm,startup.http-ttfr,,baseline,ttfr,rust,,True,200,200,,True,2.386412,2.939194,3708.0,3.0
20260925T083500Z-native-vm,startup.http-ttfr,,baseline,ttfr,rust,,True,201,201,,True,2.492145,3.006025,3720.0,3.0
20260925T083500Z-native-vm,startup.http-ttfr,,baseline,ttfr,rust,,True,202,202,,True,2.241669,2.740737,3712.0,3.0
20260925T083500Z-native-vm,startup.http-ttfr,,baseline,ttfr,rust,,True,203,203,,True,2.210098,2.696544,3724.0,3.0
20260925T083500Z-native-vm,startup.http-ttfr,,baseline,ttfr,rust,,True,204,204,,True,2.159509,2.618446,3820.0,3.0
20260925T083500Z-native-vm,startup.http-ttfr,,baseline,ttfr,rust,,True,205,205,,True,2.119992,2.65353,3720.0,3.0
20260925T083500Z-native-vm,startup.http-ttfr,,baseline,ttfr,rust,,True,206,206,,True,2.687302,3.135614,3632.0,3.0
20260925T083500Z-native-vm,startup.http-ttfr,,baseline,ttfr,rust,,True,207,207,,True,2.15199,2.616458,3628.0,3.0
20260925T083500Z-native-vm,startup.http-ttfr,,baseline,ttfr,rust,,True,208,208,,True,2.290619,2.769181,3636.0,3.0
20260925T083500Z-native-vm,startup.http-ttfr,,baseline,ttfr,rust,,True,209,209,,True,2.556046,2.982698,3696.0,3.0
20260925T083500Z-native-vm,startup.http-ttfr,,baseline,ttfr,rust,,True,210,210,,True,2.059219,2.480586,3724.0,3.0
20260925T083500Z-native-vm,startup.http-ttfr,,baseline,ttfr,rust,,True,211,211,,True,2.321252,2.776284,3644.0,3.0
20260925T083500Z-native-vm,startup.http-ttfr,,baseline,ttfr,rust,,True,212,212,,True,2.325458,2.799359,3624.0,3.0
20260925T083500Z-native-vm,startup.http-ttfr,,baseline,ttfr,rust,,True,213,213,,True,2.218472,2.639128,3724.0,3.0
20260925T083500Z-native-vm,startup.http-ttfr,,baseline,ttfr,rust,,True,214,214,,True,2.176607,2.6582,3696.0,3.0
20260925T083500Z-native-vm,startup.http-ttfr,,baseline,ttfr,rust,,True,215,215,,True,2.760781,3.19696,3644.0,3.0
20260925T083500Z-native-vm,startup.http-ttfr,,baseline,ttfr,rust,,True,216,216,,True,2.713578,3.218354,3624.0,3.0
20260925T083500Z-native-vm,startup.http-ttfr,,baseline,ttfr,rust,,True,217,217,,True,2.245879,2.720697,3688.0,3.0
20260925T083500Z-native-vm,startup.http-ttfr,,baseline,ttfr,rust,,True,218,218,,True,2.689078,3.188654,3628.0,3.0
20260925T083500Z-native-vm,startup.http-ttfr,,baseline,ttfr,rust,,True,219,219,,True,2.223566,2.603426,3696.0,3.0
20260925T083500Z-native-vm,startup.http-ttfr,,baseline,ttfr,rust,,True,220,220,,True,2.602432,3.02415,3636.0,3.0
20260925T083500Z-native-vm,startup.http-ttfr,,baseline,ttfr,rust,,True,221,221,,True,2.302383,2.761486,3652.0,3.0
20260925T083500Z-native-vm,startup.http-ttfr,,baseline,ttfr,rust,,True,222,222,,True,2.292029,2.696423,3792.0,3.0
20260925T083500Z-native-vm,startup.http-ttfr,,baseline,ttfr,rust,,True,223,223,,True,2.295705,2.657561,3652.0,3.0
20260925T083500Z-native-vm,startup.http-ttfr,,baseline,ttfr,rust,,True,224,224,,True,2.658994,3.110033,3644.0,3.0
20260925T083500Z-native-vm,startup.http-ttfr,,baseline,ttfr,rust,,True,225,225,,True,2.115124,2.627122,3616.0,3.0
20260925T083500Z-native-vm,startup.http-ttfr,,baseline,ttfr,rust,,True,226,226,,True,2.107922,2.49145,3664.0,3.0
20260925T083500Z-native-vm,startup.http-ttfr,,baseline,ttfr,rust,,True,227,227,,True,2.166876,2.556023,3644.0,3.0
20260925T083500Z-native-vm,startup.http-ttfr,,baseline,ttfr,rust,,True,228,228,,True,2.179603,2.578132,3648.0,3.0
20260925T083500Z-native-vm,startup.http-ttfr,,baseline,ttfr,rust,,True,229,229,,True,2.275273,2.655541,3704.0,3.0
20260925T083500Z-native-vm,startup.http-ttfr,,baseline,ttfr,rust,,True,230,230,,True,2.232277,2.652015,3700.0,3.0
20260925T083500Z-native-vm,startup.http-ttfr,,baseline,ttfr,rust,,True,231,231,,True,2.419432,3.013889,3628.0,3.0
20260925T083500Z-native-vm,startup.http-ttfr,,baseline,ttfr,rust,,True,232,232,,True,2.161771,2.568721,3740.0,3.0
20260925T083500Z-native-vm,startup.http-ttfr,,baseline,ttfr,rust,,True,233,233,,True,2.137104,2.509284,3708.0,3.0
20260925T083500Z-native-vm,startup.http-ttfr,,baseline,ttfr,rust,,True,234,234,,True,2.094165,2.499258,3716.0,3.0
20260925T083500Z-native-vm,startup.http-ttfr,,baseline,ttfr,rust,,True,235,235,,True,2.08971,2.492001,3772.0,3.0
20260925T083500Z-native-vm,startup.http-ttfr,,baseline,ttfr,rust,,True,236,236,,True,2.25027,2.721446,3656.0,3.0
20260925T083500Z-native-vm,startup.http-ttfr,,baseline,ttfr,rust,,True,237,237,,True,2.908507,3.338761,3728.0,3.0
20260925T083500Z-native-vm,startup.http-ttfr,,baseline,ttfr,rust,,True,238,238,,True,2.131576,2.59397,3712.0,3.0
20260925T083500Z-native-vm,startup.http-ttfr,,baseline,ttfr,rust,,True,239,239,,True,2.415626,2.959614,3640.0,3.0
20260925T083500Z-native-vm,startup.http-ttfr,,baseline,ttfr,rust,,True,240,240,,True,2.494796,2.946837,3660.0,3.0
20260925T083500Z-native-vm,startup.http-ttfr,,baseline,ttfr,rust,,True,241,241,,True,2.140335,3.033323,3648.0,3.0
20260925T083500Z-native-vm,startup.http-ttfr,,baseline,ttfr,rust,,True,242,242,,True,2.417421,2.888116,3772.0,3.0
20260925T083500Z-native-vm,startup.http-ttfr,,baseline,ttfr,rust,,True,243,243,,True,2.269962,2.837476,3652.0,3.0
20260925T083500Z-native-vm,startup.http-ttfr,,baseline,ttfr,rust,,True,244,244,,True,2.229508,2.901929,3708.0,3.0
20260925T083500Z-native-vm,startup.http-ttfr,,baseline,ttfr,rust,,True,245,245,,True,2.236624,2.706266,3800.0,3.0
20260925T083500Z-native-vm,startup.http-ttfr,,baseline,ttfr,rust,,True,246,246,,True,2.598344,3.055881,3628.0,3.0
20260925T083500Z-native-vm,startup.http-ttfr,,baseline,ttfr,rust,,True,247,247,,True,2.280777,2.770941,3688.0,3.0
20260925T083500Z-native-vm,startup.http-ttfr,,baseline,ttfr,rust,,True,248,248,,True,2.219302,2.722107,3620.0,3.0
20260925T083500Z-native-vm,startup.http-ttfr,,baseline,ttfr,rust,,True,249,249,,True,2.256575,2.815292,3628.0,3.0
20260925T083500Z-native-vm,startup.http-ttfr,,baseline,ttfr,rust,,True,250,250,,True,2.255006,2.686076,3740.0,3.0
20260925T083500Z-native-vm,startup.http-ttfr,,baseline,ttfr,rust,,True,251,251,,True,2.24007,2.743639,3668.0,3.0
20260925T083500Z-native-vm,startup.http-ttfr,,baseline,ttfr,rust,,True,252,252,,True,2.664302,3.205098,3780.0,3.0
20260925T083500Z-native-vm,startup.http-ttfr,,baseline,ttfr,rust,,True,253,253,,True,2.479123,2.943159,3708.0,3.0
20260925T083500Z-native-vm,startup.http-ttfr,,baseline,ttfr,rust,,True,254,254,,True,2.42064,2.871347,3692.0,3.0
20260925T083500Z-native-vm,startup.http-ttfr,,baseline,ttfr,rust,,True,255,255,,True,2.61424,3.17397,3768.0,3.0
20260925T083500Z-native-vm,startup.http-ttfr,,baseline,ttfr,rust,,True,256,256,,True,2.158173,2.622635,3720.0,3.0
20260925T083500Z-native-vm,startup.http-ttfr,,baseline,ttfr,rust,,True,257,257,,True,2.157706,2.61596,3624.0,3.0
20260925T083500Z-native-vm,startup.http-ttfr,,baseline,ttfr,rust,,True,258,258,,True,2.298521,2.786784,3708.0,3.0
20260925T083500Z-native-vm,startup.http-ttfr,,baseline,ttfr,rust,,True,259,259,,True,2.281195,2.780787,3796.0,3.0
20260925T083500Z-native-vm,startup.http-ttfr,,baseline,ttfr,rust,,True,260,260,,True,2.193566,2.931524,3624.0,3.0
20260925T083500Z-native-vm,startup.http-ttfr,,baseline,ttfr,rust,,True,261,261,,True,2.087711,2.526589,3740.0,3.0
20260925T083500Z-native-vm,startup.http-ttfr,,baseline,ttfr,rust,,True,262,262,,True,2.534448,3.000832,3680.0,3.0
20260925T083500Z-native-vm,startup.http-ttfr,,baseline,ttfr,rust,,True,263,263,,True,2.434061,2.877763,3768.0,3.0
20260925T083500Z-native-vm,startup.http-ttfr,,baseline,ttfr,rust,,True,264,264,,True,2.496423,2.954371,3800.0,3.0
20260925T083500Z-native-vm,startup.http-ttfr,,baseline,ttfr,rust,,True,265,265,,True,2.207118,2.744675,3760.0,3.0
20260925T083500Z-native-vm,startup.http-ttfr,,baseline,ttfr,rust,,True,266,266,,True,2.35613,2.834523,3656.0,3.0
20260925T083500Z-native-vm,startup.http-ttfr,,baseline,ttfr,rust,,True,267,267,,True,2.839884,3.366449,3708.0,3.0
20260925T083500Z-native-vm,startup.http-ttfr,,baseline,ttfr,rust,,True,268,268,,True,2.302421,2.787945,3896.0,3.0
20260925T083500Z-native-vm,startup.http-ttfr,,baseline,ttfr,rust,,True,269,269,,True,2.364691,2.851433,3720.0,3.0
20260925T083500Z-native-vm,startup.http-ttfr,,baseline,ttfr,rust,,True,270,270,,True,2.905416,3.411313,3696.0,3.0
20260925T083500Z-native-vm,startup.http-ttfr,,baseline,ttfr,rust,,True,271,271,,True,2.405777,2.997228,3592.0,3.0
20260925T083500Z-native-vm,startup.http-ttfr,,baseline,ttfr,rust,,True,272,272,,True,3.708934,4.340679,3660.0,3.0
20260925T083500Z-native-vm,startup.http-ttfr,,baseline,ttfr,rust,,True,273,273,,True,2.482698,3.02754,3704.0,3.0
20260925T083500Z-native-vm,startup.http-ttfr,,baseline,ttfr,rust,,True,274,274,,True,2.701541,3.21494,3692.0,3.0
20260925T083500Z-native-vm,startup.http-ttfr,,baseline,ttfr,rust,,True,275,275,,True,2.419488,3.06547,3836.0,3.0
20260925T083500Z-native-vm,startup.http-ttfr,,baseline,ttfr,rust,,True,276,276,,True,2.422635,3.093228,3660.0,3.0
20260925T083500Z-native-vm,startup.http-ttfr,,baseline,ttfr,rust,,True,277,277,,True,2.329291,2.877572,3704.0,3.0
20260925T083500Z-native-vm,startup.http-ttfr,,baseline,ttfr,rust,,True,278,278,,True,2.359939,2.926432,3688.0,3.0
20260925T083500Z-native-vm,startup.http-ttfr,,baseline,ttfr,rust,,True,279,279,,True,2.310528,2.854041,3720.0,3.0
20260925T083500Z-native-vm,startup.http-ttfr,,baseline,ttfr,rust,,True,280,280,,True,2.323953,2.773607,3716.0,3.0
20260925T083500Z-native-vm,startup.http-ttfr,,baseline,ttfr,rust,,True,281,281,,True,2.209112,2.642615,3660.0,3.0
20260925T083500Z-native-vm,startup.http-ttfr,,baseline,ttfr,rust,,True,282,282,,True,2.096786,2.529045,3700.0,3.0
20260925T083500Z-native-vm,startup.http-ttfr,,baseline,ttfr,rust,,True,283,283,,True,2.259113,2.718962,3636.0,3.0
20260925T083500Z-native-vm,startup.http-ttfr,,baseline,ttfr,rust,,True,284,284,,True,4.815977,6.98392,3712.0,3.0
20260925T083500Z-native-vm,startup.http-ttfr,,baseline,ttfr,rust,,True,285,285,,True,2.108665,2.512334,3828.0,3.0
20260925T083500Z-native-vm,startup.http-ttfr,,baseline,ttfr,rust,,True,286,286,,True,2.636933,3.013679,3692.0,3.0
20260925T083500Z-native-vm,startup.http-ttfr,,baseline,ttfr,rust,,True,287,287,,True,2.657642,3.19195,3716.0,3.0
20260925T083500Z-native-vm,startup.http-ttfr,,baseline,ttfr,rust,,True,288,288,,True,2.280083,2.826689,3632.0,3.0
20260925T083500Z-native-vm,startup.http-ttfr,,baseline,ttfr,rust,,True,289,289,,True,2.185995,2.813359,3804.0,3.0
20260925T083500Z-native-vm,startup.http-ttfr,,baseline,ttfr,rust,,True,290,290,,True,2.483,3.094459,3712.0,3.0
20260925T083500Z-native-vm,startup.http-ttfr,,baseline,ttfr,rust,,True,291,291,,True,3.013922,3.581417,3664.0,3.0
20260925T083500Z-native-vm,startup.http-ttfr,,baseline,ttfr,rust,,True,292,292,,True,2.251419,2.752199,3660.0,3.0
20260925T083500Z-native-vm,startup.http-ttfr,,baseline,ttfr,rust,,True,293,293,,True,2.603144,3.084724,3772.0,3.0
20260925T083500Z-native-vm,startup.http-ttfr,,baseline,ttfr,rust,,True,294,294,,True,2.251852,2.809718,3660.0,3.0
20260925T083500Z-native-vm,startup.http-ttfr,,baseline,ttfr,rust,,True,295,295,,True,2.3456,3.04795,3792.0,3.0
20260925T083500Z-native-vm,startup.http-ttfr,,baseline,ttfr,rust,,True,296,296,,True,2.289124,2.72096,3836.0,3.0
20260925T083500Z-native-vm,startup.http-ttfr,,baseline,ttfr,rust,,True,297,297,,True,2.299326,2.872239,3712.0,3.0
20260925T083500Z-native-vm,startup.http-ttfr,,baseline,ttfr,rust,,True,298,298,,True,2.147492,2.545223,3720.0,3.0
20260925T083500Z-native-vm,startup.http-ttfr,,baseline,ttfr,rust,,True,299,299,,True,2.224454,2.708402,3696.0,3.0
20260925T083500Z-native-vm,startup.http-ttfr-static,startup.http-ttfr,tuned,ttfr,go,,True,0,0,,True,2.450601,3.158759,6380.0,4.0
20260925T083500Z-native-vm,startup.http-ttfr-static,startup.http-ttfr,tuned,ttfr,go,,True,1,1,,True,2.66572,3.322692,6376.0,4.0
20260925T083500Z-native-vm,startup.http-ttfr-static,startup.http-ttfr,tuned,ttfr,go,,True,2,2,,True,2.353739,3.23255,6376.0,4.0
20260925T083500Z-native-vm,startup.http-ttfr-static,startup.http-ttfr,tuned,ttfr,go,,True,3,3,,True,2.762009,3.419758,6284.0,4.0
20260925T083500Z-native-vm,startup.http-ttfr-static,startup.http-ttfr,tuned,ttfr,go,,True,4,4,,True,2.464735,3.040328,6260.0,4.0
20260925T083500Z-native-vm,startup.http-ttfr-static,startup.http-ttfr,tuned,ttfr,go,,True,5,5,,True,2.543014,3.305184,6392.0,5.0
20260925T083500Z-native-vm,startup.http-ttfr-static,startup.http-ttfr,tuned,ttfr,go,,True,6,6,,True,2.545648,3.336345,6368.0,4.0
20260925T083500Z-native-vm,startup.http-ttfr-static,startup.http-ttfr,tuned,ttfr,go,,True,7,7,,True,2.536037,3.216098,6240.0,4.0
20260925T083500Z-native-vm,startup.http-ttfr-static,startup.http-ttfr,tuned,ttfr,go,,True,8,8,,True,2.49242,3.087923,6248.0,5.0
20260925T083500Z-native-vm,startup.http-ttfr-static,startup.http-ttfr,tuned,ttfr,go,,True,9,9,,True,2.48759,3.333129,6372.0,4.0
20260925T083500Z-native-vm,startup.http-ttfr-static,startup.http-ttfr,tuned,ttfr,go,,True,10,10,,True,2.618453,3.420947,6380.0,4.0
20260925T083500Z-native-vm,startup.http-ttfr-static,startup.http-ttfr,tuned,ttfr,go,,True,11,11,,True,2.308852,3.45846,6392.0,5.0
20260925T083500Z-native-vm,startup.http-ttfr-static,startup.http-ttfr,tuned,ttfr,go,,True,12,12,,True,2.137694,2.636937,6256.0,4.0
20260925T083500Z-native-vm,startup.http-ttfr-static,startup.http-ttfr,tuned,ttfr,go,,True,13,13,,True,2.196568,2.940815,6260.0,4.0
20260925T083500Z-native-vm,startup.http-ttfr-static,startup.http-ttfr,tuned,ttfr,go,,True,14,14,,True,2.185533,2.950762,6260.0,4.0
20260925T083500Z-native-vm,startup.http-ttfr-static,startup.http-ttfr,tuned,ttfr,go,,True,15,15,,True,3.152441,4.12099,6380.0,4.0
20260925T083500Z-native-vm,startup.http-ttfr-static,startup.http-ttfr,tuned,ttfr,go,,True,16,16,,True,2.749314,3.537279,6260.0,4.0
20260925T083500Z-native-vm,startup.http-ttfr-static,startup.http-ttfr,tuned,ttfr,go,,True,17,17,,True,3.21323,4.449056,6388.0,4.0
20260925T083500Z-native-vm,startup.http-ttfr-static,startup.http-ttfr,tuned,ttfr,go,,True,18,18,,True,2.707673,6.077739,6372.0,4.0
20260925T083500Z-native-vm,startup.http-ttfr-static,startup.http-ttfr,tuned,ttfr,go,,True,19,19,,True,3.23295,3.920972,6396.0,4.0
20260925T083500Z-native-vm,startup.http-ttfr-static,startup.http-ttfr,tuned,ttfr,go,,True,20,20,,True,2.562436,3.066399,6244.0,5.0
20260925T083500Z-native-vm,startup.http-ttfr-static,startup.http-ttfr,tuned,ttfr,go,,True,21,21,,True,2.616139,3.239224,6260.0,5.0
20260925T083500Z-native-vm,startup.http-ttfr-static,startup.http-ttfr,tuned,ttfr,go,,True,22,22,,True,2.588311,3.530554,6388.0,5.0
20260925T083500Z-native-vm,startup.http-ttfr-static,startup.http-ttfr,tuned,ttfr,go,,True,23,23,,True,2.430949,4.840029,6372.0,4.0
20260925T083500Z-native-vm,startup.http-ttfr-static,startup.http-ttfr,tuned,ttfr,go,,True,24,24,,True,2.780105,3.342976,6388.0,4.0
20260925T083500Z-native-vm,startup.http-ttfr-static,startup.http-ttfr,tuned,ttfr,go,,True,25,25,,True,2.379098,2.977224,6380.0,5.0
20260925T083500Z-native-vm,startup.http-ttfr-static,startup.http-ttfr,tuned,ttfr,go,,True,26,26,,True,2.328478,2.822636,6260.0,5.0
20260925T083500Z-native-vm,startup.http-ttfr-static,startup.http-ttfr,tuned,ttfr,go,,True,27,27,,True,2.077882,2.678167,6376.0,4.0
20260925T083500Z-native-vm,startup.http-ttfr-static,startup.http-ttfr,tuned,ttfr,go,,True,28,28,,True,2.146928,2.71106,6368.0,4.0
20260925T083500Z-native-vm,startup.http-ttfr-static,startup.http-ttfr,tuned,ttfr,go,,True,29,29,,True,1.932015,2.525454,6380.0,5.0
20260925T083500Z-native-vm,startup.http-ttfr-static,startup.http-ttfr,tuned,ttfr,go,,True,30,30,,True,1.823888,2.379786,6384.0,5.0
20260925T083500Z-native-vm,startup.http-ttfr-static,startup.http-ttfr,tuned,ttfr,go,,True,31,31,,True,2.131811,2.758539,6376.0,4.0
20260925T083500Z-native-vm,startup.http-ttfr-static,startup.http-ttfr,tuned,ttfr,go,,True,32,32,,True,1.908141,2.455598,6256.0,4.0
20260925T083500Z-native-vm,startup.http-ttfr-static,startup.http-ttfr,tuned,ttfr,go,,True,33,33,,True,1.970596,2.571325,6368.0,4.0
20260925T083500Z-native-vm,startup.http-ttfr-static,startup.http-ttfr,tuned,ttfr,go,,True,34,34,,True,1.9822,2.543754,6380.0,4.0
20260925T083500Z-native-vm,startup.http-ttfr-static,startup.http-ttfr,tuned,ttfr,go,,True,35,35,,True,2.093802,2.59995,6256.0,4.0
20260925T083500Z-native-vm,startup.http-ttfr-static,startup.http-ttfr,tuned,ttfr,go,,True,36,36,,True,2.085531,2.629778,6368.0,4.0
20260925T083500Z-native-vm,startup.http-ttfr-static,startup.http-ttfr,tuned,ttfr,go,,True,37,37,,True,2.31996,3.010615,6260.0,4.0
20260925T083500Z-native-vm,startup.http-ttfr-static,startup.http-ttfr,tuned,ttfr,go,,True,38,38,,True,2.748838,3.345585,6372.0,4.0
20260925T083500Z-native-vm,startup.http-ttfr-static,startup.http-ttfr,tuned,ttfr,go,,True,39,39,,True,2.800311,3.480027,6372.0,4.0
20260925T083500Z-native-vm,startup.http-ttfr-static,startup.http-ttfr,tuned,ttfr,go,,True,40,40,,True,2.753962,3.45602,6352.0,4.0
20260925T083500Z-native-vm,startup.http-ttfr-static,startup.http-ttfr,tuned,ttfr,go,,True,41,41,,True,2.324481,3.061665,6368.0,4.0
20260925T083500Z-native-vm,startup.http-ttfr-static,startup.http-ttfr,tuned,ttfr,go,,True,42,42,,True,2.861711,3.35355,6248.0,5.0
20260925T083500Z-native-vm,startup.http-ttfr-static,startup.http-ttfr,tuned,ttfr,go,,True,43,43,,True,2.357801,2.911595,6372.0,4.0
20260925T083500Z-native-vm,startup.http-ttfr-static,startup.http-ttfr,tuned,ttfr,go,,True,44,44,,True,2.048934,2.526559,6256.0,4.0
20260925T083500Z-native-vm,startup.http-ttfr-static,startup.http-ttfr,tuned,ttfr,go,,True,45,45,,True,2.3456,2.84143,6364.0,4.0
20260925T083500Z-native-vm,startup.http-ttfr-static,startup.http-ttfr,tuned,ttfr,go,,True,46,46,,True,2.347906,3.061595,6372.0,4.0
20260925T083500Z-native-vm,startup.http-ttfr-static,startup.http-ttfr,tuned,ttfr,go,,True,47,47,,True,1.967183,2.545975,6376.0,4.0
20260925T083500Z-native-vm,startup.http-ttfr-static,startup.http-ttfr,tuned,ttfr,go,,True,48,48,,True,2.198063,2.859843,6384.0,5.0
20260925T083500Z-native-vm,startup.http-ttfr-static,startup.http-ttfr,tuned,ttfr,go,,True,49,49,,True,4.129524,4.720045,6244.0,4.0
20260925T083500Z-native-vm,startup.http-ttfr-static,startup.http-ttfr,tuned,ttfr,go,,True,50,50,,True,2.146001,2.798748,6372.0,4.0
20260925T083500Z-native-vm,startup.http-ttfr-static,startup.http-ttfr,tuned,ttfr,go,,True,51,51,,True,2.369268,2.979806,6288.0,5.0
20260925T083500Z-native-vm,startup.http-ttfr-static,startup.http-ttfr,tuned,ttfr,go,,True,52,52,,True,2.368336,2.931045,6256.0,4.0
20260925T083500Z-native-vm,startup.http-ttfr-static,startup.http-ttfr,tuned,ttfr,go,,True,53,53,,True,2.46425,3.078658,6372.0,4.0
20260925T083500Z-native-vm,startup.http-ttfr-static,startup.http-ttfr,tuned,ttfr,go,,True,54,54,,True,2.699012,3.296605,6368.0,4.0
20260925T083500Z-native-vm,startup.http-ttfr-static,startup.http-ttfr,tuned,ttfr,go,,True,55,55,,True,2.216324,2.785331,6376.0,4.0
20260925T083500Z-native-vm,startup.http-ttfr-static,startup.http-ttfr,tuned,ttfr,go,,True,56,56,,True,1.929322,2.412792,6240.0,4.0
20260925T083500Z-native-vm,startup.http-ttfr-static,startup.http-ttfr,tuned,ttfr,go,,True,57,57,,True,2.508721,3.133947,6380.0,4.0
20260925T083500Z-native-vm,startup.http-ttfr-static,startup.http-ttfr,tuned,ttfr,go,,True,58,58,,True,3.01698,3.793915,6388.0,5.0
20260925T083500Z-native-vm,startup.http-ttfr-static,startup.http-ttfr,tuned,ttfr,go,,True,59,59,,True,2.884553,3.653175,6260.0,4.0
20260925T083500Z-native-vm,startup.http-ttfr-static,startup.http-ttfr,tuned,ttfr,go,,True,60,60,,True,2.38024,3.167165,6368.0,4.0
20260925T083500Z-native-vm,startup.http-ttfr-static,startup.http-ttfr,tuned,ttfr,go,,True,61,61,,True,2.65253,3.338558,6360.0,4.0
20260925T083500Z-native-vm,startup.http-ttfr-static,startup.http-ttfr,tuned,ttfr,go,,True,62,62,,True,2.499064,3.383236,6368.0,4.0
20260925T083500Z-native-vm,startup.http-ttfr-static,startup.http-ttfr,tuned,ttfr,go,,True,63,63,,True,2.198292,2.976632,6384.0,4.0
20260925T083500Z-native-vm,startup.http-ttfr-static,startup.http-ttfr,tuned,ttfr,go,,True,64,64,,True,2.844926,3.406997,6372.0,4.0
20260925T083500Z-native-vm,startup.http-ttfr-static,startup.http-ttfr,tuned,ttfr,go,,True,65,65,,True,2.258349,3.179033,6368.0,4.0
20260925T083500Z-native-vm,startup.http-ttfr-static,startup.http-ttfr,tuned,ttfr,go,,True,66,66,,True,2.257529,3.109743,6280.0,4.0
20260925T083500Z-native-vm,startup.http-ttfr-static,startup.http-ttfr,tuned,ttfr,go,,True,67,67,,True,3.001318,3.717339,6256.0,4.0
20260925T083500Z-native-vm,startup.http-ttfr-static,startup.http-ttfr,tuned,ttfr,go,,True,68,68,,True,3.040678,3.622782,6348.0,4.0
20260925T083500Z-native-vm,startup.http-ttfr-static,startup.http-ttfr,tuned,ttfr,go,,True,69,69,,True,2.578402,3.301108,6372.0,4.0
20260925T083500Z-native-vm,startup.http-ttfr-static,startup.http-ttfr,tuned,ttfr,go,,True,70,70,,True,3.140101,3.617712,6176.0,4.0
20260925T083500Z-native-vm,startup.http-ttfr-static,startup.http-ttfr,tuned,ttfr,go,,True,71,71,,True,3.563461,4.171025,6368.0,4.0
20260925T083500Z-native-vm,startup.http-ttfr-static,startup.http-ttfr,tuned,ttfr,go,,True,72,72,,True,2.262683,2.903748,6368.0,4.0
20260925T083500Z-native-vm,startup.http-ttfr-static,startup.http-ttfr,tuned,ttfr,go,,True,73,73,,True,2.300135,2.91946,6360.0,4.0
20260925T083500Z-native-vm,startup.http-ttfr-static,startup.http-ttfr,tuned,ttfr,go,,True,74,74,,True,2.244043,2.876575,6264.0,4.0
20260925T083500Z-native-vm,startup.http-ttfr-static,startup.http-ttfr,tuned,ttfr,go,,True,75,75,,True,2.435053,2.963346,6256.0,4.0
20260925T083500Z-native-vm,startup.http-ttfr-static,startup.http-ttfr,tuned,ttfr,go,,True,76,76,,True,2.571703,3.083108,6252.0,5.0
20260925T083500Z-native-vm,startup.http-ttfr-static,startup.http-ttfr,tuned,ttfr,go,,True,77,77,,True,2.388402,2.95437,6280.0,4.0
20260925T083500Z-native-vm,startup.http-ttfr-static,startup.http-ttfr,tuned,ttfr,go,,True,78,78,,True,2.627866,3.134617,6256.0,4.0
20260925T083500Z-native-vm,startup.http-ttfr-static,startup.http-ttfr,tuned,ttfr,go,,True,79,79,,True,1.43366,1.865185,6256.0,4.0
20260925T083500Z-native-vm,startup.http-ttfr-static,startup.http-ttfr,tuned,ttfr,go,,True,80,80,,True,2.941653,3.557849,6364.0,4.0
20260925T083500Z-native-vm,startup.http-ttfr-static,startup.http-ttfr,tuned,ttfr,go,,True,81,81,,True,2.450202,3.207615,6376.0,4.0
20260925T083500Z-native-vm,startup.http-ttfr-static,startup.http-ttfr,tuned,ttfr,go,,True,82,82,,True,2.403397,2.965826,6260.0,4.0
20260925T083500Z-native-vm,startup.http-ttfr-static,startup.http-ttfr,tuned,ttfr,go,,True,83,83,,True,2.282677,2.998451,6384.0,5.0
20260925T083500Z-native-vm,startup.http-ttfr-static,startup.http-ttfr,tuned,ttfr,go,,True,84,84,,True,2.291237,2.873843,6372.0,4.0
20260925T083500Z-native-vm,startup.http-ttfr-static,startup.http-ttfr,tuned,ttfr,go,,True,85,85,,True,2.732203,3.513275,6276.0,5.0
20260925T083500Z-native-vm,startup.http-ttfr-static,startup.http-ttfr,tuned,ttfr,go,,True,86,86,,True,2.727744,3.428259,6360.0,4.0
20260925T083500Z-native-vm,startup.http-ttfr-static,startup.http-ttfr,tuned,ttfr,go,,True,87,87,,True,2.548508,3.374393,6368.0,4.0
20260925T083500Z-native-vm,startup.http-ttfr-static,startup.http-ttfr,tuned,ttfr,go,,True,88,88,,True,2.623177,3.352806,6248.0,5.0
20260925T083500Z-native-vm,startup.http-ttfr-static,startup.http-ttfr,tuned,ttfr,go,,True,89,89,,True,2.524989,3.314736,6372.0,4.0
20260925T083500Z-native-vm,startup.http-ttfr-static,startup.http-ttfr,tuned,ttfr,go,,True,90,90,,True,2.338371,2.922262,6372.0,4.0
20260925T083500Z-native-vm,startup.http-ttfr-static,startup.http-ttfr,tuned,ttfr,go,,True,91,91,,True,2.615168,3.16989,6260.0,4.0
20260925T083500Z-native-vm,startup.http-ttfr-static,startup.http-ttfr,tuned,ttfr,go,,True,92,92,,True,3.125442,3.86031,6332.0,4.0
20260925T083500Z-native-vm,startup.http-ttfr-static,startup.http-ttfr,tuned,ttfr,go,,True,93,93,,True,2.577073,3.287125,6388.0,5.0
20260925T083500Z-native-vm,startup.http-ttfr-static,startup.http-ttfr,tuned,ttfr,go,,True,94,94,,True,2.475227,3.067518,6260.0,4.0
20260925T083500Z-native-vm,startup.http-ttfr-static,startup.http-ttfr,tuned,ttfr,go,,True,95,95,,True,2.675532,3.330054,6256.0,4.0
20260925T083500Z-native-vm,startup.http-ttfr-static,startup.http-ttfr,tuned,ttfr,go,,True,96,96,,True,2.550822,3.33935,6372.0,4.0
20260925T083500Z-native-vm,startup.http-ttfr-static,startup.http-ttfr,tuned,ttfr,go,,True,97,97,,True,2.445206,3.419815,6240.0,4.0
20260925T083500Z-native-vm,startup.http-ttfr-static,startup.http-ttfr,tuned,ttfr,go,,True,98,98,,True,2.212497,2.90814,6368.0,4.0
20260925T083500Z-native-vm,startup.http-ttfr-static,startup.http-ttfr,tuned,ttfr,go,,True,99,99,,True,2.258467,2.776537,6284.0,5.0
20260925T083500Z-native-vm,startup.http-ttfr-static,startup.http-ttfr,tuned,ttfr,go,,True,100,100,,True,2.534203,3.328275,6376.0,4.0
20260925T083500Z-native-vm,startup.http-ttfr-static,startup.http-ttfr,tuned,ttfr,go,,True,101,101,,True,2.311118,2.873935,6240.0,4.0
20260925T083500Z-native-vm,startup.http-ttfr-static,startup.http-ttfr,tuned,ttfr,go,,True,102,102,,True,2.11096,2.656223,6264.0,4.0
20260925T083500Z-native-vm,startup.http-ttfr-static,startup.http-ttfr,tuned,ttfr,go,,True,103,103,,True,2.573273,3.405942,6376.0,4.0
20260925T083500Z-native-vm,startup.http-ttfr-static,startup.http-ttfr,tuned,ttfr,go,,True,104,104,,True,2.315814,3.024683,6376.0,4.0
20260925T083500Z-native-vm,startup.http-ttfr-static,startup.http-ttfr,tuned,ttfr,go,,True,105,105,,True,2.326372,2.804066,6252.0,5.0
20260925T083500Z-native-vm,startup.http-ttfr-static,startup.http-ttfr,tuned,ttfr,go,,True,106,106,,True,2.032022,2.639751,6376.0,4.0
20260925T083500Z-native-vm,startup.http-ttfr-static,startup.http-ttfr,tuned,ttfr,go,,True,107,107,,True,2.176967,2.678688,6268.0,4.0
20260925T083500Z-native-vm,startup.http-ttfr-static,startup.http-ttfr,tuned,ttfr,go,,True,108,108,,True,2.073424,2.563126,6372.0,4.0
20260925T083500Z-native-vm,startup.http-ttfr-static,startup.http-ttfr,tuned,ttfr,go,,True,109,109,,True,2.02171,2.623879,6372.0,4.0
20260925T083500Z-native-vm,startup.http-ttfr-static,startup.http-ttfr,tuned,ttfr,go,,True,110,110,,True,2.299762,2.883915,6368.0,4.0
20260925T083500Z-native-vm,startup.http-ttfr-static,startup.http-ttfr,tuned,ttfr,go,,True,111,111,,True,2.151947,2.695093,6384.0,5.0
20260925T083500Z-native-vm,startup.http-ttfr-static,startup.http-ttfr,tuned,ttfr,go,,True,112,112,,True,1.99856,2.627318,6372.0,4.0
20260925T083500Z-native-vm,startup.http-ttfr-static,startup.http-ttfr,tuned,ttfr,go,,True,113,113,,True,2.104979,2.790975,6380.0,5.0
20260925T083500Z-native-vm,startup.http-ttfr-static,startup.http-ttfr,tuned,ttfr,go,,True,114,114,,True,2.040245,2.720746,6380.0,4.0
20260925T083500Z-native-vm,startup.http-ttfr-static,startup.http-ttfr,tuned,ttfr,go,,True,115,115,,True,5.067457,7.244332,6380.0,4.0
20260925T083500Z-native-vm,startup.http-ttfr-static,startup.http-ttfr,tuned,ttfr,go,,True,116,116,,True,3.393666,4.110358,6344.0,4.0
20260925T083500Z-native-vm,startup.http-ttfr-static,startup.http-ttfr,tuned,ttfr,go,,True,117,117,,True,3.298078,3.904277,6260.0,4.0
20260925T083500Z-native-vm,startup.http-ttfr-static,startup.http-ttfr,tuned,ttfr,go,,True,118,118,,True,2.296225,2.916698,6372.0,4.0
20260925T083500Z-native-vm,startup.http-ttfr-static,startup.http-ttfr,tuned,ttfr,go,,True,119,119,,True,2.577522,3.454267,6372.0,5.0
20260925T083500Z-native-vm,startup.http-ttfr-static,startup.http-ttfr,tuned,ttfr,go,,True,120,120,,True,2.694953,3.50297,6376.0,4.0
20260925T083500Z-native-vm,startup.http-ttfr-static,startup.http-ttfr,tuned,ttfr,go,,True,121,121,,True,2.3692,3.125746,6380.0,5.0
20260925T083500Z-native-vm,startup.http-ttfr-static,startup.http-ttfr,tuned,ttfr,go,,True,122,122,,True,2.820483,3.61068,6380.0,5.0
20260925T083500Z-native-vm,startup.http-ttfr-static,startup.http-ttfr,tuned,ttfr,go,,True,123,123,,True,2.518631,3.160591,6316.0,5.0
20260925T083500Z-native-vm,startup.http-ttfr-static,startup.http-ttfr,tuned,ttfr,go,,True,124,124,,True,2.711334,3.322479,6268.0,4.0
20260925T083500Z-native-vm,startup.http-ttfr-static,startup.http-ttfr,tuned,ttfr,go,,True,125,125,,True,3.272562,3.776386,6264.0,4.0
20260925T083500Z-native-vm,startup.http-ttfr-static,startup.http-ttfr,tuned,ttfr,go,,True,126,126,,True,2.5671,3.416012,6372.0,4.0
20260925T083500Z-native-vm,startup.http-ttfr-static,startup.http-ttfr,tuned,ttfr,go,,True,127,127,,True,2.2645,2.726078,6244.0,4.0
20260925T083500Z-native-vm,startup.http-ttfr-static,startup.http-ttfr,tuned,ttfr,go,,True,128,128,,True,2.241414,2.861475,6376.0,4.0
20260925T083500Z-native-vm,startup.http-ttfr-static,startup.http-ttfr,tuned,ttfr,go,,True,129,129,,True,2.494396,3.079521,6376.0,4.0
20260925T083500Z-native-vm,startup.http-ttfr-static,startup.http-ttfr,tuned,ttfr,go,,True,130,130,,True,2.162127,2.739282,6384.0,5.0
20260925T083500Z-native-vm,startup.http-ttfr-static,startup.http-ttfr,tuned,ttfr,go,,True,131,131,,True,2.763248,3.271803,6348.0,4.0
20260925T083500Z-native-vm,startup.http-ttfr-static,startup.http-ttfr,tuned,ttfr,go,,True,132,132,,True,2.257488,3.558282,6372.0,4.0
20260925T083500Z-native-vm,startup.http-ttfr-static,startup.http-ttfr,tuned,ttfr,go,,True,133,133,,True,2.218758,2.702338,6260.0,4.0
20260925T083500Z-native-vm,startup.http-ttfr-static,startup.http-ttfr,tuned,ttfr,go,,True,134,134,,True,2.178365,2.71317,6268.0,5.0
20260925T083500Z-native-vm,startup.http-ttfr-static,startup.http-ttfr,tuned,ttfr,go,,True,135,135,,True,2.138526,2.681246,6376.0,4.0
20260925T083500Z-native-vm,startup.http-ttfr-static,startup.http-ttfr,tuned,ttfr,go,,True,136,136,,True,3.007707,3.677937,6384.0,5.0
20260925T083500Z-native-vm,startup.http-ttfr-static,startup.http-ttfr,tuned,ttfr,go,,True,137,137,,True,2.301361,2.934936,6380.0,5.0
20260925T083500Z-native-vm,startup.http-ttfr-static,startup.http-ttfr,tuned,ttfr,go,,True,138,138,,True,2.36399,2.880039,6260.0,4.0
20260925T083500Z-native-vm,startup.http-ttfr-static,startup.http-ttfr,tuned,ttfr,go,,True,139,139,,True,2.081462,2.59103,6256.0,4.0
20260925T083500Z-native-vm,startup.http-ttfr-static,startup.http-ttfr,tuned,ttfr,go,,True,140,140,,True,2.205297,2.850132,6364.0,4.0
20260925T083500Z-native-vm,startup.http-ttfr-static,startup.http-ttfr,tuned,ttfr,go,,True,141,141,,True,1.946929,2.517715,6264.0,4.0
20260925T083500Z-native-vm,startup.http-ttfr-static,startup.http-ttfr,tuned,ttfr,go,,True,142,142,,True,2.250956,2.876435,6388.0,5.0
20260925T083500Z-native-vm,startup.http-ttfr-static,startup.http-ttfr,tuned,ttfr,go,,True,143,143,,True,2.385415,3.055963,6248.0,4.0
20260925T083500Z-native-vm,startup.http-ttfr-static,startup.http-ttfr,tuned,ttfr,go,,True,144,144,,True,2.316059,2.996958,6260.0,4.0
20260925T083500Z-native-vm,startup.http-ttfr-static,startup.http-ttfr,tuned,ttfr,go,,True,145,145,,True,2.133624,2.771554,6368.0,4.0
20260925T083500Z-native-vm,startup.http-ttfr-static,startup.http-ttfr,tuned,ttfr,go,,True,146,146,,True,2.134159,2.779256,6372.0,4.0
20260925T083500Z-native-vm,startup.http-ttfr-static,startup.http-ttfr,tuned,ttfr,go,,True,147,147,,True,2.221975,2.933403,6196.0,4.0
20260925T083500Z-native-vm,startup.http-ttfr-static,startup.http-ttfr,tuned,ttfr,go,,True,148,148,,True,2.395914,2.923903,6344.0,4.0
20260925T083500Z-native-vm,startup.http-ttfr-static,startup.http-ttfr,tuned,ttfr,go,,True,149,149,,True,2.024094,2.618768,6368.0,4.0
20260925T083500Z-native-vm,startup.http-ttfr-static,startup.http-ttfr,tuned,ttfr,go,,True,150,150,,True,2.469233,3.282612,6376.0,5.0
20260925T083500Z-native-vm,startup.http-ttfr-static,startup.http-ttfr,tuned,ttfr,go,,True,151,151,,True,2.44144,3.046177,6240.0,4.0
20260925T083500Z-native-vm,startup.http-ttfr-static,startup.http-ttfr,tuned,ttfr,go,,True,152,152,,True,4.856986,5.761699,6380.0,5.0
20260925T083500Z-native-vm,startup.http-ttfr-static,startup.http-ttfr,tuned,ttfr,go,,True,153,153,,True,2.598828,3.357072,6388.0,5.0
20260925T083500Z-native-vm,startup.http-ttfr-static,startup.http-ttfr,tuned,ttfr,go,,True,154,154,,True,2.430273,3.073675,6236.0,4.0
20260925T083500Z-native-vm,startup.http-ttfr-static,startup.http-ttfr,tuned,ttfr,go,,True,155,155,,True,2.647069,3.318468,6372.0,4.0
20260925T083500Z-native-vm,startup.http-ttfr-static,startup.http-ttfr,tuned,ttfr,go,,True,156,156,,True,2.414798,2.950776,6360.0,4.0
20260925T083500Z-native-vm,startup.http-ttfr-static,startup.http-ttfr,tuned,ttfr,go,,True,157,157,,True,2.324735,2.884194,6204.0,5.0
20260925T083500Z-native-vm,startup.http-ttfr-static,startup.http-ttfr,tuned,ttfr,go,,True,158,158,,True,2.412102,3.122175,6368.0,4.0
20260925T083500Z-native-vm,startup.http-ttfr-static,startup.http-ttfr,tuned,ttfr,go,,True,159,159,,True,2.149466,2.802351,6384.0,5.0
20260925T083500Z-native-vm,startup.http-ttfr-static,startup.http-ttfr,tuned,ttfr,go,,True,160,160,,True,2.526328,3.030689,6180.0,4.0
20260925T083500Z-native-vm,startup.http-ttfr-static,startup.http-ttfr,tuned,ttfr,go,,True,161,161,,True,2.490117,2.987504,6272.0,5.0
20260925T083500Z-native-vm,startup.http-ttfr-static,startup.http-ttfr,tuned,ttfr,go,,True,162,162,,True,2.368125,3.021821,6384.0,5.0
20260925T083500Z-native-vm,startup.http-ttfr-static,startup.http-ttfr,tuned,ttfr,go,,True,163,163,,True,2.745225,3.443231,6388.0,5.0
20260925T083500Z-native-vm,startup.http-ttfr-static,startup.http-ttfr,tuned,ttfr,go,,True,164,164,,True,2.482592,3.054947,6268.0,4.0
20260925T083500Z-native-vm,startup.http-ttfr-static,startup.http-ttfr,tuned,ttfr,go,,True,165,165,,True,2.132877,2.840851,6372.0,4.0
20260925T083500Z-native-vm,startup.http-ttfr-static,startup.http-ttfr,tuned,ttfr,go,,True,166,166,,True,3.020624,3.803551,6380.0,4.0
20260925T083500Z-native-vm,startup.http-ttfr-static,startup.http-ttfr,tuned,ttfr,go,,True,167,167,,True,2.894172,3.94169,6360.0,5.0
20260925T083500Z-native-vm,startup.http-ttfr-static,startup.http-ttfr,tuned,ttfr,go,,True,168,168,,True,3.442234,4.280991,6376.0,4.0
20260925T083500Z-native-vm,startup.http-ttfr-static,startup.http-ttfr,tuned,ttfr,go,,True,169,169,,True,2.902454,3.676036,6360.0,4.0
20260925T083500Z-native-vm,startup.http-ttfr-static,startup.http-ttfr,tuned,ttfr,go,,True,170,170,,True,2.706622,3.403111,6384.0,5.0
20260925T083500Z-native-vm,startup.http-ttfr-static,startup.http-ttfr,tuned,ttfr,go,,True,171,171,,True,2.41812,3.070899,6384.0,5.0
20260925T083500Z-native-vm,startup.http-ttfr-static,startup.http-ttfr,tuned,ttfr,go,,True,172,172,,True,2.552194,3.390489,6384.0,4.0
20260925T083500Z-native-vm,startup.http-ttfr-static,startup.http-ttfr,tuned,ttfr,go,,True,173,173,,True,2.250295,2.807923,6244.0,4.0
20260925T083500Z-native-vm,startup.http-ttfr-static,startup.http-ttfr,tuned,ttfr,go,,True,174,174,,True,2.336293,3.249453,6380.0,4.0
20260925T083500Z-native-vm,startup.http-ttfr-static,startup.http-ttfr,tuned,ttfr,go,,True,175,175,,True,2.453992,3.215068,6372.0,4.0
20260925T083500Z-native-vm,startup.http-ttfr-static,startup.http-ttfr,tuned,ttfr,go,,True,176,176,,True,2.353624,2.924031,6368.0,5.0
20260925T083500Z-native-vm,startup.http-ttfr-static,startup.http-ttfr,tuned,ttfr,go,,True,177,177,,True,2.386203,3.011254,6312.0,5.0
20260925T083500Z-native-vm,startup.http-ttfr-static,startup.http-ttfr,tuned,ttfr,go,,True,178,178,,True,2.087616,2.68038,6376.0,4.0
20260925T083500Z-native-vm,startup.http-ttfr-static,startup.http-ttfr,tuned,ttfr,go,,True,179,179,,True,2.375008,2.973037,6376.0,4.0
20260925T083500Z-native-vm,startup.http-ttfr-static,startup.http-ttfr,tuned,ttfr,go,,True,180,180,,True,2.183333,2.804871,6388.0,5.0
20260925T083500Z-native-vm,startup.http-ttfr-static,startup.http-ttfr,tuned,ttfr,go,,True,181,181,,True,3.053159,3.666032,6376.0,5.0
20260925T083500Z-native-vm,startup.http-ttfr-static,startup.http-ttfr,tuned,ttfr,go,,True,182,182,,True,2.729936,3.348674,6388.0,4.0
20260925T083500Z-native-vm,startup.http-ttfr-static,startup.http-ttfr,tuned,ttfr,go,,True,183,183,,True,2.37743,3.010045,6276.0,5.0
20260925T083500Z-native-vm,startup.http-ttfr-static,startup.http-ttfr,tuned,ttfr,go,,True,184,184,,True,2.37654,3.002102,6372.0,4.0
20260925T083500Z-native-vm,startup.http-ttfr-static,startup.http-ttfr,tuned,ttfr,go,,True,185,185,,True,2.553993,3.246269,6376.0,4.0
20260925T083500Z-native-vm,startup.http-ttfr-static,startup.http-ttfr,tuned,ttfr,go,,True,186,186,,True,2.093141,2.601945,6264.0,4.0
20260925T083500Z-native-vm,startup.http-ttfr-static,startup.http-ttfr,tuned,ttfr,go,,True,187,187,,True,2.625308,3.37911,6376.0,4.0
20260925T083500Z-native-vm,startup.http-ttfr-static,startup.http-ttfr,tuned,ttfr,go,,True,188,188,,True,2.443,3.173504,6372.0,4.0
20260925T083500Z-native-vm,startup.http-ttfr-static,startup.http-ttfr,tuned,ttfr,go,,True,189,189,,True,2.569458,3.402708,6368.0,4.0
20260925T083500Z-native-vm,startup.http-ttfr-static,startup.http-ttfr,tuned,ttfr,go,,True,190,190,,True,2.633493,3.340202,6384.0,5.0
20260925T083500Z-native-vm,startup.http-ttfr-static,startup.http-ttfr,tuned,ttfr,go,,True,191,191,,True,2.480889,3.159162,6376.0,4.0
20260925T083500Z-native-vm,startup.http-ttfr-static,startup.http-ttfr,tuned,ttfr,go,,True,192,192,,True,3.168906,3.814857,6364.0,4.0
20260925T083500Z-native-vm,startup.http-ttfr-static,startup.http-ttfr,tuned,ttfr,go,,True,193,193,,True,2.97799,3.652594,6388.0,5.0
20260925T083500Z-native-vm,startup.http-ttfr-static,startup.http-ttfr,tuned,ttfr,go,,True,194,194,,True,2.323473,2.907851,6188.0,4.0
20260925T083500Z-native-vm,startup.http-ttfr-static,startup.http-ttfr,tuned,ttfr,go,,True,195,195,,True,2.039188,2.559907,6380.0,5.0
20260925T083500Z-native-vm,startup.http-ttfr-static,startup.http-ttfr,tuned,ttfr,go,,True,196,196,,True,2.084664,2.891188,6380.0,4.0
20260925T083500Z-native-vm,startup.http-ttfr-static,startup.http-ttfr,tuned,ttfr,go,,True,197,197,,True,2.382507,3.107364,6376.0,4.0
20260925T083500Z-native-vm,startup.http-ttfr-static,startup.http-ttfr,tuned,ttfr,go,,True,198,198,,True,2.116588,2.645765,6376.0,4.0
20260925T083500Z-native-vm,startup.http-ttfr-static,startup.http-ttfr,tuned,ttfr,go,,True,199,199,,True,2.246695,2.971218,6356.0,4.0
20260925T083500Z-native-vm,startup.http-ttfr-static,startup.http-ttfr,tuned,ttfr,go,,True,200,200,,True,2.430824,3.162744,6396.0,5.0
20260925T083500Z-native-vm,startup.http-ttfr-static,startup.http-ttfr,tuned,ttfr,go,,True,201,201,,True,2.198261,2.867519,6280.0,4.0
20260925T083500Z-native-vm,startup.http-ttfr-static,startup.http-ttfr,tuned,ttfr,go,,True,202,202,,True,2.213193,2.95902,6292.0,4.0
20260925T083500Z-native-vm,startup.http-ttfr-static,startup.http-ttfr,tuned,ttfr,go,,True,203,203,,True,2.497155,3.144889,6264.0,4.0
20260925T083500Z-native-vm,startup.http-ttfr-static,startup.http-ttfr,tuned,ttfr,go,,True,204,204,,True,2.223736,2.828426,6376.0,4.0
20260925T083500Z-native-vm,startup.http-ttfr-static,startup.http-ttfr,tuned,ttfr,go,,True,205,205,,True,2.271351,2.859765,6384.0,4.0
20260925T083500Z-native-vm,startup.http-ttfr-static,startup.http-ttfr,tuned,ttfr,go,,True,206,206,,True,2.457679,3.38173,6376.0,4.0
20260925T083500Z-native-vm,startup.http-ttfr-static,startup.http-ttfr,tuned,ttfr,go,,True,207,207,,True,2.291991,3.052694,6372.0,5.0
20260925T083500Z-native-vm,startup.http-ttfr-static,startup.http-ttfr,tuned,ttfr,go,,True,208,208,,True,2.550644,3.378315,6372.0,4.0
20260925T083500Z-native-vm,startup.http-ttfr-static,startup.http-ttfr,tuned,ttfr,go,,True,209,209,,True,2.309093,2.929501,6264.0,4.0
20260925T083500Z-native-vm,startup.http-ttfr-static,startup.http-ttfr,tuned,ttfr,go,,True,210,210,,True,2.138759,2.832273,6372.0,4.0
20260925T083500Z-native-vm,startup.http-ttfr-static,startup.http-ttfr,tuned,ttfr,go,,True,211,211,,True,2.087491,2.703182,6372.0,4.0
20260925T083500Z-native-vm,startup.http-ttfr-static,startup.http-ttfr,tuned,ttfr,go,,True,212,212,,True,2.143864,2.786328,6372.0,4.0
20260925T083500Z-native-vm,startup.http-ttfr-static,startup.http-ttfr,tuned,ttfr,go,,True,213,213,,True,2.283472,2.884511,6368.0,4.0
20260925T083500Z-native-vm,startup.http-ttfr-static,startup.http-ttfr,tuned,ttfr,go,,True,214,214,,True,2.563241,3.193748,6372.0,4.0
20260925T083500Z-native-vm,startup.http-ttfr-static,startup.http-ttfr,tuned,ttfr,go,,True,215,215,,True,2.348541,2.867196,6248.0,5.0
20260925T083500Z-native-vm,startup.http-ttfr-static,startup.http-ttfr,tuned,ttfr,go,,True,216,216,,True,2.359794,2.956018,6380.0,5.0
20260925T083500Z-native-vm,startup.http-ttfr-static,startup.http-ttfr,tuned,ttfr,go,,True,217,217,,True,2.112764,2.745997,6376.0,4.0
20260925T083500Z-native-vm,startup.http-ttfr-static,startup.http-ttfr,tuned,ttfr,go,,True,218,218,,True,2.255075,2.858296,6376.0,4.0
20260925T083500Z-native-vm,startup.http-ttfr-static,startup.http-ttfr,tuned,ttfr,go,,True,219,219,,True,2.244735,2.754239,6272.0,5.0
20260925T083500Z-native-vm,startup.http-ttfr-static,startup.http-ttfr,tuned,ttfr,go,,True,220,220,,True,2.181095,2.838219,6384.0,5.0
20260925T083500Z-native-vm,startup.http-ttfr-static,startup.http-ttfr,tuned,ttfr,go,,True,221,221,,True,2.182255,2.942535,6372.0,4.0
20260925T083500Z-native-vm,startup.http-ttfr-static,startup.http-ttfr,tuned,ttfr,go,,True,222,222,,True,2.388082,2.938764,6260.0,4.0
20260925T083500Z-native-vm,startup.http-ttfr-static,startup.http-ttfr,tuned,ttfr,go,,True,223,223,,True,5.666643,6.535498,6264.0,4.0
20260925T083500Z-native-vm,startup.http-ttfr-static,startup.http-ttfr,tuned,ttfr,go,,True,224,224,,True,2.415358,3.158056,6392.0,5.0
20260925T083500Z-native-vm,startup.http-ttfr-static,startup.http-ttfr,tuned,ttfr,go,,True,225,225,,True,3.063035,3.928532,6376.0,4.0
20260925T083500Z-native-vm,startup.http-ttfr-static,startup.http-ttfr,tuned,ttfr,go,,True,226,226,,True,3.140499,3.846768,6300.0,5.0
20260925T083500Z-native-vm,startup.http-ttfr-static,startup.http-ttfr,tuned,ttfr,go,,True,227,227,,True,2.862282,3.793175,6388.0,5.0
20260925T083500Z-native-vm,startup.http-ttfr-static,startup.http-ttfr,tuned,ttfr,go,,True,228,228,,True,2.546124,3.364078,6384.0,5.0
20260925T083500Z-native-vm,startup.http-ttfr-static,startup.http-ttfr,tuned,ttfr,go,,True,229,229,,True,2.622566,3.48819,6368.0,4.0
20260925T083500Z-native-vm,startup.http-ttfr-static,startup.http-ttfr,tuned,ttfr,go,,True,230,230,,True,2.774871,3.627667,6388.0,4.0
20260925T083500Z-native-vm,startup.http-ttfr-static,startup.http-ttfr,tuned,ttfr,go,,True,231,231,,True,2.856114,3.591823,6360.0,4.0
20260925T083500Z-native-vm,startup.http-ttfr-static,startup.http-ttfr,tuned,ttfr,go,,True,232,232,,True,2.63612,3.198455,6392.0,5.0
20260925T083500Z-native-vm,startup.http-ttfr-static,startup.http-ttfr,tuned,ttfr,go,,True,233,233,,True,2.654096,3.509664,6360.0,4.0
20260925T083500Z-native-vm,startup.http-ttfr-static,startup.http-ttfr,tuned,ttfr,go,,True,234,234,,True,2.32655,2.899236,6368.0,5.0
20260925T083500Z-native-vm,startup.http-ttfr-static,startup.http-ttfr,tuned,ttfr,go,,True,235,235,,True,2.359961,3.268863,6372.0,4.0
20260925T083500Z-native-vm,startup.http-ttfr-static,startup.http-ttfr,tuned,ttfr,go,,True,236,236,,True,2.678435,3.342384,6372.0,4.0
20260925T083500Z-native-vm,startup.http-ttfr-static,startup.http-ttfr,tuned,ttfr,go,,True,237,237,,True,3.002756,3.814611,6364.0,4.0
20260925T083500Z-native-vm,startup.http-ttfr-static,startup.http-ttfr,tuned,ttfr,go,,True,238,238,,True,2.535028,3.323109,6304.0,4.0
20260925T083500Z-native-vm,startup.http-ttfr-static,startup.http-ttfr,tuned,ttfr,go,,True,239,239,,True,2.420595,3.274988,6384.0,5.0
20260925T083500Z-native-vm,startup.http-ttfr-static,startup.http-ttfr,tuned,ttfr,go,,True,240,240,,True,2.457708,2.965702,6360.0,4.0
20260925T083500Z-native-vm,startup.http-ttfr-static,startup.http-ttfr,tuned,ttfr,go,,True,241,241,,True,2.133142,2.618256,6244.0,5.0
20260925T083500Z-native-vm,startup.http-ttfr-static,startup.http-ttfr,tuned,ttfr,go,,True,242,242,,True,2.78066,3.700591,6372.0,4.0
20260925T083500Z-native-vm,startup.http-ttfr-static,startup.http-ttfr,tuned,ttfr,go,,True,243,243,,True,2.764266,3.4457,6356.0,4.0
20260925T083500Z-native-vm,startup.http-ttfr-static,startup.http-ttfr,tuned,ttfr,go,,True,244,244,,True,2.485249,3.038054,6176.0,4.0
20260925T083500Z-native-vm,startup.http-ttfr-static,startup.http-ttfr,tuned,ttfr,go,,True,245,245,,True,2.363647,3.015769,6264.0,4.0
20260925T083500Z-native-vm,startup.http-ttfr-static,startup.http-ttfr,tuned,ttfr,go,,True,246,246,,True,2.376967,2.959044,6344.0,4.0
20260925T083500Z-native-vm,startup.http-ttfr-static,startup.http-ttfr,tuned,ttfr,go,,True,247,247,,True,2.485187,3.31453,6376.0,4.0
20260925T083500Z-native-vm,startup.http-ttfr-static,startup.http-ttfr,tuned,ttfr,go,,True,248,248,,True,2.213297,2.922371,6388.0,5.0
20260925T083500Z-native-vm,startup.http-ttfr-static,startup.http-ttfr,tuned,ttfr,go,,True,249,249,,True,2.155792,2.73122,6272.0,5.0
20260925T083500Z-native-vm,startup.http-ttfr-static,startup.http-ttfr,tuned,ttfr,go,,True,250,250,,True,3.080061,3.78843,6384.0,5.0
20260925T083500Z-native-vm,startup.http-ttfr-static,startup.http-ttfr,tuned,ttfr,go,,True,251,251,,True,2.840926,3.373491,6248.0,5.0
20260925T083500Z-native-vm,startup.http-ttfr-static,startup.http-ttfr,tuned,ttfr,go,,True,252,252,,True,3.133686,3.968072,6368.0,4.0
20260925T083500Z-native-vm,startup.http-ttfr-static,startup.http-ttfr,tuned,ttfr,go,,True,253,253,,True,2.83754,3.555464,6376.0,4.0
20260925T083500Z-native-vm,startup.http-ttfr-static,startup.http-ttfr,tuned,ttfr,go,,True,254,254,,True,2.896288,3.576032,6260.0,4.0
20260925T083500Z-native-vm,startup.http-ttfr-static,startup.http-ttfr,tuned,ttfr,go,,True,255,255,,True,2.920462,3.630862,6372.0,4.0
20260925T083500Z-native-vm,startup.http-ttfr-static,startup.http-ttfr,tuned,ttfr,go,,True,256,256,,True,3.054745,3.730419,6416.0,5.0
20260925T083500Z-native-vm,startup.http-ttfr-static,startup.http-ttfr,tuned,ttfr,go,,True,257,257,,True,2.201193,3.016121,6372.0,4.0
20260925T083500Z-native-vm,startup.http-ttfr-static,startup.http-ttfr,tuned,ttfr,go,,True,258,258,,True,2.172767,2.976671,6368.0,4.0
20260925T083500Z-native-vm,startup.http-ttfr-static,startup.http-ttfr,tuned,ttfr,go,,True,259,259,,True,2.887805,3.623031,6380.0,5.0
20260925T083500Z-native-vm,startup.http-ttfr-static,startup.http-ttfr,tuned,ttfr,go,,True,260,260,,True,3.114633,3.752552,6376.0,5.0
20260925T083500Z-native-vm,startup.http-ttfr-static,startup.http-ttfr,tuned,ttfr,go,,True,261,261,,True,2.269928,2.842144,6372.0,4.0
20260925T083500Z-native-vm,startup.http-ttfr-static,startup.http-ttfr,tuned,ttfr,go,,True,262,262,,True,3.258068,4.065274,6364.0,4.0
20260925T083500Z-native-vm,startup.http-ttfr-static,startup.http-ttfr,tuned,ttfr,go,,True,263,263,,True,4.108534,4.65509,6272.0,5.0
20260925T083500Z-native-vm,startup.http-ttfr-static,startup.http-ttfr,tuned,ttfr,go,,True,264,264,,True,2.628795,3.166565,6368.0,5.0
20260925T083500Z-native-vm,startup.http-ttfr-static,startup.http-ttfr,tuned,ttfr,go,,True,265,265,,True,2.408531,2.976014,6192.0,5.0
20260925T083500Z-native-vm,startup.http-ttfr-static,startup.http-ttfr,tuned,ttfr,go,,True,266,266,,True,2.331644,3.307069,6372.0,4.0
20260925T083500Z-native-vm,startup.http-ttfr-static,startup.http-ttfr,tuned,ttfr,go,,True,267,267,,True,2.406179,3.010962,6372.0,4.0
20260925T083500Z-native-vm,startup.http-ttfr-static,startup.http-ttfr,tuned,ttfr,go,,True,268,268,,True,2.285615,3.120202,6176.0,4.0
20260925T083500Z-native-vm,startup.http-ttfr-static,startup.http-ttfr,tuned,ttfr,go,,True,269,269,,True,2.202093,2.696792,6248.0,5.0
20260925T083500Z-native-vm,startup.http-ttfr-static,startup.http-ttfr,tuned,ttfr,go,,True,270,270,,True,2.24595,2.807474,6368.0,4.0
20260925T083500Z-native-vm,startup.http-ttfr-static,startup.http-ttfr,tuned,ttfr,go,,True,271,271,,True,2.432392,3.09917,6392.0,5.0
20260925T083500Z-native-vm,startup.http-ttfr-static,startup.http-ttfr,tuned,ttfr,go,,True,272,272,,True,2.469348,3.26579,6220.0,4.0
20260925T083500Z-native-vm,startup.http-ttfr-static,startup.http-ttfr,tuned,ttfr,go,,True,273,273,,True,3.042999,3.647696,6360.0,5.0
20260925T083500Z-native-vm,startup.http-ttfr-static,startup.http-ttfr,tuned,ttfr,go,,True,274,274,,True,2.723802,3.307794,6240.0,4.0
20260925T083500Z-native-vm,startup.http-ttfr-static,startup.http-ttfr,tuned,ttfr,go,,True,275,275,,True,3.243664,3.805803,6192.0,5.0
20260925T083500Z-native-vm,startup.http-ttfr-static,startup.http-ttfr,tuned,ttfr,go,,True,276,276,,True,2.328733,3.117601,6376.0,4.0
20260925T083500Z-native-vm,startup.http-ttfr-static,startup.http-ttfr,tuned,ttfr,go,,True,277,277,,True,2.298822,3.074864,6380.0,5.0
20260925T083500Z-native-vm,startup.http-ttfr-static,startup.http-ttfr,tuned,ttfr,go,,True,278,278,,True,2.642266,3.303942,6372.0,4.0
20260925T083500Z-native-vm,startup.http-ttfr-static,startup.http-ttfr,tuned,ttfr,go,,True,279,279,,True,2.02664,2.606363,6260.0,4.0
20260925T083500Z-native-vm,startup.http-ttfr-static,startup.http-ttfr,tuned,ttfr,go,,True,280,280,,True,2.10398,2.653702,6388.0,5.0
20260925T083500Z-native-vm,startup.http-ttfr-static,startup.http-ttfr,tuned,ttfr,go,,True,281,281,,True,2.807681,3.371293,6280.0,4.0
20260925T083500Z-native-vm,startup.http-ttfr-static,startup.http-ttfr,tuned,ttfr,go,,True,282,282,,True,2.110347,2.575272,6260.0,4.0
20260925T083500Z-native-vm,startup.http-ttfr-static,startup.http-ttfr,tuned,ttfr,go,,True,283,283,,True,2.509072,3.004014,6352.0,4.0
20260925T083500Z-native-vm,startup.http-ttfr-static,startup.http-ttfr,tuned,ttfr,go,,True,284,284,,True,2.279741,2.979207,6376.0,4.0
20260925T083500Z-native-vm,startup.http-ttfr-static,startup.http-ttfr,tuned,ttfr,go,,True,285,285,,True,2.436286,3.16393,6380.0,4.0
20260925T083500Z-native-vm,startup.http-ttfr-static,startup.http-ttfr,tuned,ttfr,go,,True,286,286,,True,2.556462,3.252597,6380.0,5.0
20260925T083500Z-native-vm,startup.http-ttfr-static,startup.http-ttfr,tuned,ttfr,go,,True,287,287,,True,2.25284,2.878843,6264.0,4.0
20260925T083500Z-native-vm,startup.http-ttfr-static,startup.http-ttfr,tuned,ttfr,go,,True,288,288,,True,2.393728,3.075325,6388.0,5.0
20260925T083500Z-native-vm,startup.http-ttfr-static,startup.http-ttfr,tuned,ttfr,go,,True,289,289,,True,2.186938,2.697747,6244.0,4.0
20260925T083500Z-native-vm,startup.http-ttfr-static,startup.http-ttfr,tuned,ttfr,go,,True,290,290,,True,2.331263,2.786169,6344.0,4.0
20260925T083500Z-native-vm,startup.http-ttfr-static,startup.http-ttfr,tuned,ttfr,go,,True,291,291,,True,2.443805,3.008777,6368.0,4.0
20260925T083500Z-native-vm,startup.http-ttfr-static,startup.http-ttfr,tuned,ttfr,go,,True,292,292,,True,2.374478,3.183061,6372.0,4.0
20260925T083500Z-native-vm,startup.http-ttfr-static,startup.http-ttfr,tuned,ttfr,go,,True,293,293,,True,2.500978,3.248076,6368.0,4.0
20260925T083500Z-native-vm,startup.http-ttfr-static,startup.http-ttfr,tuned,ttfr,go,,True,294,294,,True,2.611386,3.393306,6352.0,4.0
20260925T083500Z-native-vm,startup.http-ttfr-static,startup.http-ttfr,tuned,ttfr,go,,True,295,295,,True,2.753915,3.554534,6344.0,4.0
20260925T083500Z-native-vm,startup.http-ttfr-static,startup.http-ttfr,tuned,ttfr,go,,True,296,296,,True,3.151517,3.914064,6260.0,4.0
20260925T083500Z-native-vm,startup.http-ttfr-static,startup.http-ttfr,tuned,ttfr,go,,True,297,297,,True,3.287099,4.047082,6380.0,4.0
20260925T083500Z-native-vm,startup.http-ttfr-static,startup.http-ttfr,tuned,ttfr,go,,True,298,298,,True,3.00506,3.620628,6260.0,4.0
20260925T083500Z-native-vm,startup.http-ttfr-static,startup.http-ttfr,tuned,ttfr,go,,True,299,299,,True,3.439653,4.04375,6344.0,4.0
20260925T083500Z-native-vm,startup.http-ttfr-static,startup.http-ttfr,tuned,ttfr,rust,static,True,0,0,,True,1.67772,2.127431,2168.0,3.0
20260925T083500Z-native-vm,startup.http-ttfr-static,startup.http-ttfr,tuned,ttfr,rust,static,True,1,1,,True,3.498135,3.984484,2172.0,3.0
20260925T083500Z-native-vm,startup.http-ttfr-static,startup.http-ttfr,tuned,ttfr,rust,static,True,2,2,,True,2.002405,2.588283,2172.0,3.0
20260925T083500Z-native-vm,startup.http-ttfr-static,startup.http-ttfr,tuned,ttfr,rust,static,True,3,3,,True,1.834264,2.272449,2172.0,3.0
20260925T083500Z-native-vm,startup.http-ttfr-static,startup.http-ttfr,tuned,ttfr,rust,static,True,4,4,,True,1.592405,2.018958,2168.0,3.0
20260925T083500Z-native-vm,startup.http-ttfr-static,startup.http-ttfr,tuned,ttfr,rust,static,True,5,5,,True,1.631426,2.050941,2168.0,3.0
20260925T083500Z-native-vm,startup.http-ttfr-static,startup.http-ttfr,tuned,ttfr,rust,static,True,6,6,,True,1.658608,2.091716,2168.0,3.0
20260925T083500Z-native-vm,startup.http-ttfr-static,startup.http-ttfr,tuned,ttfr,rust,static,True,7,7,,True,1.664692,2.259692,2172.0,3.0
20260925T083500Z-native-vm,startup.http-ttfr-static,startup.http-ttfr,tuned,ttfr,rust,static,True,8,8,,True,1.750796,2.567844,2172.0,3.0
20260925T083500Z-native-vm,startup.http-ttfr-static,startup.http-ttfr,tuned,ttfr,rust,static,True,9,9,,True,1.887086,2.321276,2168.0,3.0
20260925T083500Z-native-vm,startup.http-ttfr-static,startup.http-ttfr,tuned,ttfr,rust,static,True,10,10,,True,1.490827,1.955009,2172.0,3.0
20260925T083500Z-native-vm,startup.http-ttfr-static,startup.http-ttfr,tuned,ttfr,rust,static,True,11,11,,True,1.691774,2.187036,2168.0,3.0
20260925T083500Z-native-vm,startup.http-ttfr-static,startup.http-ttfr,tuned,ttfr,rust,static,True,12,12,,True,1.68162,2.111192,2168.0,3.0
20260925T083500Z-native-vm,startup.http-ttfr-static,startup.http-ttfr,tuned,ttfr,rust,static,True,13,13,,True,1.651419,2.045575,2168.0,3.0
20260925T083500Z-native-vm,startup.http-ttfr-static,startup.http-ttfr,tuned,ttfr,rust,static,True,14,14,,True,2.044065,2.521348,2168.0,3.0
20260925T083500Z-native-vm,startup.http-ttfr-static,startup.http-ttfr,tuned,ttfr,rust,static,True,15,15,,True,1.803854,2.362479,2168.0,3.0
20260925T083500Z-native-vm,startup.http-ttfr-static,startup.http-ttfr,tuned,ttfr,rust,static,True,16,16,,True,1.904924,2.51694,2168.0,3.0
20260925T083500Z-native-vm,startup.http-ttfr-static,startup.http-ttfr,tuned,ttfr,rust,static,True,17,17,,True,1.723954,2.250499,2172.0,3.0
20260925T083500Z-native-vm,startup.http-ttfr-static,startup.http-ttfr,tuned,ttfr,rust,static,True,18,18,,True,2.299615,2.656146,2168.0,3.0
20260925T083500Z-native-vm,startup.http-ttfr-static,startup.http-ttfr,tuned,ttfr,rust,static,True,19,19,,True,1.872043,2.350626,2172.0,3.0
20260925T083500Z-native-vm,startup.http-ttfr-static,startup.http-ttfr,tuned,ttfr,rust,static,True,20,20,,True,1.760774,2.08069,2168.0,3.0
20260925T083500Z-native-vm,startup.http-ttfr-static,startup.http-ttfr,tuned,ttfr,rust,static,True,21,21,,True,1.75401,2.070997,2164.0,3.0
20260925T083500Z-native-vm,startup.http-ttfr-static,startup.http-ttfr,tuned,ttfr,rust,static,True,22,22,,True,1.737253,2.172872,2168.0,3.0
20260925T083500Z-native-vm,startup.http-ttfr-static,startup.http-ttfr,tuned,ttfr,rust,static,True,23,23,,True,1.749143,2.130299,2168.0,3.0
20260925T083500Z-native-vm,startup.http-ttfr-static,startup.http-ttfr,tuned,ttfr,rust,static,True,24,24,,True,1.561733,2.065761,2168.0,3.0
20260925T083500Z-native-vm,startup.http-ttfr-static,startup.http-ttfr,tuned,ttfr,rust,static,True,25,25,,True,1.838539,2.308353,2172.0,3.0
20260925T083500Z-native-vm,startup.http-ttfr-static,startup.http-ttfr,tuned,ttfr,rust,static,True,26,26,,True,1.932407,2.312063,2168.0,3.0
20260925T083500Z-native-vm,startup.http-ttfr-static,startup.http-ttfr,tuned,ttfr,rust,static,True,27,27,,True,1.558742,1.899048,2144.0,3.0
20260925T083500Z-native-vm,startup.http-ttfr-static,startup.http-ttfr,tuned,ttfr,rust,static,True,28,28,,True,1.656691,2.109605,2168.0,3.0
20260925T083500Z-native-vm,startup.http-ttfr-static,startup.http-ttfr,tuned,ttfr,rust,static,True,29,29,,True,1.597784,2.004668,2168.0,3.0
20260925T083500Z-native-vm,startup.http-ttfr-static,startup.http-ttfr,tuned,ttfr,rust,static,True,30,30,,True,2.447448,2.876229,2172.0,3.0
20260925T083500Z-native-vm,startup.http-ttfr-static,startup.http-ttfr,tuned,ttfr,rust,static,True,31,31,,True,1.520902,1.923089,2172.0,3.0
20260925T083500Z-native-vm,startup.http-ttfr-static,startup.http-ttfr,tuned,ttfr,rust,static,True,32,32,,True,1.514624,1.873814,2168.0,3.0
20260925T083500Z-native-vm,startup.http-ttfr-static,startup.http-ttfr,tuned,ttfr,rust,static,True,33,33,,True,1.537256,1.960998,2164.0,3.0
20260925T083500Z-native-vm,startup.http-ttfr-static,startup.http-ttfr,tuned,ttfr,rust,static,True,34,34,,True,1.605581,1.933486,2172.0,3.0
20260925T083500Z-native-vm,startup.http-ttfr-static,startup.http-ttfr,tuned,ttfr,rust,static,True,35,35,,True,1.624576,1.989229,2168.0,3.0
20260925T083500Z-native-vm,startup.http-ttfr-static,startup.http-ttfr,tuned,ttfr,rust,static,True,36,36,,True,1.527652,1.969428,2168.0,3.0
20260925T083500Z-native-vm,startup.http-ttfr-static,startup.http-ttfr,tuned,ttfr,rust,static,True,37,37,,True,1.632034,2.086856,2168.0,3.0
20260925T083500Z-native-vm,startup.http-ttfr-static,startup.http-ttfr,tuned,ttfr,rust,static,True,38,38,,True,1.951149,2.363939,2168.0,3.0
20260925T083500Z-native-vm,startup.http-ttfr-static,startup.http-ttfr,tuned,ttfr,rust,static,True,39,39,,True,1.740463,2.159049,2172.0,3.0
20260925T083500Z-native-vm,startup.http-ttfr-static,startup.http-ttfr,tuned,ttfr,rust,static,True,40,40,,True,1.592816,2.031011,2172.0,3.0
20260925T083500Z-native-vm,startup.http-ttfr-static,startup.http-ttfr,tuned,ttfr,rust,static,True,41,41,,True,1.55284,2.000021,2172.0,3.0
20260925T083500Z-native-vm,startup.http-ttfr-static,startup.http-ttfr,tuned,ttfr,rust,static,True,42,42,,True,1.862559,2.27704,2164.0,3.0
20260925T083500Z-native-vm,startup.http-ttfr-static,startup.http-ttfr,tuned,ttfr,rust,static,True,43,43,,True,2.009967,2.500032,2172.0,3.0
20260925T083500Z-native-vm,startup.http-ttfr-static,startup.http-ttfr,tuned,ttfr,rust,static,True,44,44,,True,1.708682,2.093949,2168.0,3.0
20260925T083500Z-native-vm,startup.http-ttfr-static,startup.http-ttfr,tuned,ttfr,rust,static,True,45,45,,True,1.682265,2.028119,2164.0,3.0
20260925T083500Z-native-vm,startup.http-ttfr-static,startup.http-ttfr,tuned,ttfr,rust,static,True,46,46,,True,1.632009,2.138009,2168.0,3.0
20260925T083500Z-native-vm,startup.http-ttfr-static,startup.http-ttfr,tuned,ttfr,rust,static,True,47,47,,True,1.641758,2.114764,2172.0,3.0
20260925T083500Z-native-vm,startup.http-ttfr-static,startup.http-ttfr,tuned,ttfr,rust,static,True,48,48,,True,1.629868,1.995732,2168.0,3.0
20260925T083500Z-native-vm,startup.http-ttfr-static,startup.http-ttfr,tuned,ttfr,rust,static,True,49,49,,True,1.722857,2.123028,2168.0,3.0
20260925T083500Z-native-vm,startup.http-ttfr-static,startup.http-ttfr,tuned,ttfr,rust,static,True,50,50,,True,1.700466,2.476382,2172.0,3.0
20260925T083500Z-native-vm,startup.http-ttfr-static,startup.http-ttfr,tuned,ttfr,rust,static,True,51,51,,True,1.748371,2.413967,2168.0,3.0
20260925T083500Z-native-vm,startup.http-ttfr-static,startup.http-ttfr,tuned,ttfr,rust,static,True,52,52,,True,1.992411,2.423632,2168.0,3.0
20260925T083500Z-native-vm,startup.http-ttfr-static,startup.http-ttfr,tuned,ttfr,rust,static,True,53,53,,True,1.624453,2.052076,2168.0,3.0
20260925T083500Z-native-vm,startup.http-ttfr-static,startup.http-ttfr,tuned,ttfr,rust,static,True,54,54,,True,1.609376,1.972175,2172.0,3.0
20260925T083500Z-native-vm,startup.http-ttfr-static,startup.http-ttfr,tuned,ttfr,rust,static,True,55,55,,True,1.536662,1.923246,2168.0,3.0
20260925T083500Z-native-vm,startup.http-ttfr-static,startup.http-ttfr,tuned,ttfr,rust,static,True,56,56,,True,1.569651,1.914846,2168.0,3.0
20260925T083500Z-native-vm,startup.http-ttfr-static,startup.http-ttfr,tuned,ttfr,rust,static,True,57,57,,True,1.759028,2.277369,2172.0,3.0
20260925T083500Z-native-vm,startup.http-ttfr-static,startup.http-ttfr,tuned,ttfr,rust,static,True,58,58,,True,1.7177,2.211909,2168.0,3.0
20260925T083500Z-native-vm,startup.http-ttfr-static,startup.http-ttfr,tuned,ttfr,rust,static,True,59,59,,True,1.625409,2.200531,2168.0,3.0
20260925T083500Z-native-vm,startup.http-ttfr-static,startup.http-ttfr,tuned,ttfr,rust,static,True,60,60,,True,1.811075,3.321352,2172.0,3.0
20260925T083500Z-native-vm,startup.http-ttfr-static,startup.http-ttfr,tuned,ttfr,rust,static,True,61,61,,True,2.075319,2.974004,2172.0,3.0
20260925T083500Z-native-vm,startup.http-ttfr-static,startup.http-ttfr,tuned,ttfr,rust,static,True,62,62,,True,2.010483,2.511474,2172.0,3.0
20260925T083500Z-native-vm,startup.http-ttfr-static,startup.http-ttfr,tuned,ttfr,rust,static,True,63,63,,True,1.963226,2.351638,2164.0,3.0
20260925T083500Z-native-vm,startup.http-ttfr-static,startup.http-ttfr,tuned,ttfr,rust,static,True,64,64,,True,1.594603,1.986899,2168.0,3.0
20260925T083500Z-native-vm,startup.http-ttfr-static,startup.http-ttfr,tuned,ttfr,rust,static,True,65,65,,True,2.121837,2.703548,2168.0,3.0
20260925T083500Z-native-vm,startup.http-ttfr-static,startup.http-ttfr,tuned,ttfr,rust,static,True,66,66,,True,2.031065,2.656955,2172.0,3.0
20260925T083500Z-native-vm,startup.http-ttfr-static,startup.http-ttfr,tuned,ttfr,rust,static,True,67,67,,True,1.941709,2.607913,2168.0,3.0
20260925T083500Z-native-vm,startup.http-ttfr-static,startup.http-ttfr,tuned,ttfr,rust,static,True,68,68,,True,1.619817,2.023155,2172.0,3.0
20260925T083500Z-native-vm,startup.http-ttfr-static,startup.http-ttfr,tuned,ttfr,rust,static,True,69,69,,True,1.853786,2.240235,2172.0,3.0
20260925T083500Z-native-vm,startup.http-ttfr-static,startup.http-ttfr,tuned,ttfr,rust,static,True,70,70,,True,1.686215,2.102403,2172.0,3.0
20260925T083500Z-native-vm,startup.http-ttfr-static,startup.http-ttfr,tuned,ttfr,rust,static,True,71,71,,True,1.631004,2.070838,2168.0,3.0
20260925T083500Z-native-vm,startup.http-ttfr-static,startup.http-ttfr,tuned,ttfr,rust,static,True,72,72,,True,1.608119,2.043254,2168.0,3.0
20260925T083500Z-native-vm,startup.http-ttfr-static,startup.http-ttfr,tuned,ttfr,rust,static,True,73,73,,True,1.5278,1.919466,2168.0,3.0
20260925T083500Z-native-vm,startup.http-ttfr-static,startup.http-ttfr,tuned,ttfr,rust,static,True,74,74,,True,1.594409,1.980446,2172.0,3.0
20260925T083500Z-native-vm,startup.http-ttfr-static,startup.http-ttfr,tuned,ttfr,rust,static,True,75,75,,True,3.341191,3.771412,2172.0,3.0
20260925T083500Z-native-vm,startup.http-ttfr-static,startup.http-ttfr,tuned,ttfr,rust,static,True,76,76,,True,1.625952,1.997875,2168.0,3.0
20260925T083500Z-native-vm,startup.http-ttfr-static,startup.http-ttfr,tuned,ttfr,rust,static,True,77,77,,True,1.912583,2.316603,2168.0,3.0
20260925T083500Z-native-vm,startup.http-ttfr-static,startup.http-ttfr,tuned,ttfr,rust,static,True,78,78,,True,2.147086,2.584001,2168.0,3.0
20260925T083500Z-native-vm,startup.http-ttfr-static,startup.http-ttfr,tuned,ttfr,rust,static,True,79,79,,True,1.5343,1.947826,2168.0,3.0
20260925T083500Z-native-vm,startup.http-ttfr-static,startup.http-ttfr,tuned,ttfr,rust,static,True,80,80,,True,1.729715,2.115239,2168.0,3.0
20260925T083500Z-native-vm,startup.http-ttfr-static,startup.http-ttfr,tuned,ttfr,rust,static,True,81,81,,True,1.776129,2.163415,2168.0,3.0
20260925T083500Z-native-vm,startup.http-ttfr-static,startup.http-ttfr,tuned,ttfr,rust,static,True,82,82,,True,1.524266,1.952047,2168.0,3.0
20260925T083500Z-native-vm,startup.http-ttfr-static,startup.http-ttfr,tuned,ttfr,rust,static,True,83,83,,True,1.751629,2.222743,2172.0,3.0
20260925T083500Z-native-vm,startup.http-ttfr-static,startup.http-ttfr,tuned,ttfr,rust,static,True,84,84,,True,1.728313,2.172497,2168.0,3.0
20260925T083500Z-native-vm,startup.http-ttfr-static,startup.http-ttfr,tuned,ttfr,rust,static,True,85,85,,True,1.505076,1.971263,2164.0,3.0
20260925T083500Z-native-vm,startup.http-ttfr-static,startup.http-ttfr,tuned,ttfr,rust,static,True,86,86,,True,1.86484,2.423022,2172.0,3.0
20260925T083500Z-native-vm,startup.http-ttfr-static,startup.http-ttfr,tuned,ttfr,rust,static,True,87,87,,True,1.751192,2.323101,2168.0,3.0
20260925T083500Z-native-vm,startup.http-ttfr-static,startup.http-ttfr,tuned,ttfr,rust,static,True,88,88,,True,1.669256,2.123822,2168.0,3.0
20260925T083500Z-native-vm,startup.http-ttfr-static,startup.http-ttfr,tuned,ttfr,rust,static,True,89,89,,True,1.571446,1.966316,2172.0,3.0
20260925T083500Z-native-vm,startup.http-ttfr-static,startup.http-ttfr,tuned,ttfr,rust,static,True,90,90,,True,2.031099,2.478309,2168.0,3.0
20260925T083500Z-native-vm,startup.http-ttfr-static,startup.http-ttfr,tuned,ttfr,rust,static,True,91,91,,True,1.937164,2.551213,2172.0,3.0
20260925T083500Z-native-vm,startup.http-ttfr-static,startup.http-ttfr,tuned,ttfr,rust,static,True,92,92,,True,2.09222,2.697523,2168.0,3.0
20260925T083500Z-native-vm,startup.http-ttfr-static,startup.http-ttfr,tuned,ttfr,rust,static,True,93,93,,True,1.856552,2.231307,2164.0,3.0
20260925T083500Z-native-vm,startup.http-ttfr-static,startup.http-ttfr,tuned,ttfr,rust,static,True,94,94,,True,1.926933,2.525022,2168.0,3.0
20260925T083500Z-native-vm,startup.http-ttfr-static,startup.http-ttfr,tuned,ttfr,rust,static,True,95,95,,True,1.804094,2.238839,2168.0,3.0
20260925T083500Z-native-vm,startup.http-ttfr-static,startup.http-ttfr,tuned,ttfr,rust,static,True,96,96,,True,2.022883,2.417375,2168.0,3.0
20260925T083500Z-native-vm,startup.http-ttfr-static,startup.http-ttfr,tuned,ttfr,rust,static,True,97,97,,True,2.268978,2.662401,2168.0,3.0
20260925T083500Z-native-vm,startup.http-ttfr-static,startup.http-ttfr,tuned,ttfr,rust,static,True,98,98,,True,1.535682,1.999808,2164.0,3.0
20260925T083500Z-native-vm,startup.http-ttfr-static,startup.http-ttfr,tuned,ttfr,rust,static,True,99,99,,True,1.683477,2.190855,2168.0,3.0
20260925T083500Z-native-vm,startup.http-ttfr-static,startup.http-ttfr,tuned,ttfr,rust,static,True,100,100,,True,1.752373,2.213139,2172.0,3.0
20260925T083500Z-native-vm,startup.http-ttfr-static,startup.http-ttfr,tuned,ttfr,rust,static,True,101,101,,True,1.806573,2.275298,2168.0,3.0
20260925T083500Z-native-vm,startup.http-ttfr-static,startup.http-ttfr,tuned,ttfr,rust,static,True,102,102,,True,1.805544,2.306357,2168.0,3.0
20260925T083500Z-native-vm,startup.http-ttfr-static,startup.http-ttfr,tuned,ttfr,rust,static,True,103,103,,True,1.693417,2.180681,2168.0,3.0
20260925T083500Z-native-vm,startup.http-ttfr-static,startup.http-ttfr,tuned,ttfr,rust,static,True,104,104,,True,1.641878,2.06498,2168.0,3.0
20260925T083500Z-native-vm,startup.http-ttfr-static,startup.http-ttfr,tuned,ttfr,rust,static,True,105,105,,True,1.568049,1.953345,2172.0,3.0
20260925T083500Z-native-vm,startup.http-ttfr-static,startup.http-ttfr,tuned,ttfr,rust,static,True,106,106,,True,1.514874,1.849949,2172.0,3.0
20260925T083500Z-native-vm,startup.http-ttfr-static,startup.http-ttfr,tuned,ttfr,rust,static,True,107,107,,True,1.581295,1.999876,2172.0,3.0
20260925T083500Z-native-vm,startup.http-ttfr-static,startup.http-ttfr,tuned,ttfr,rust,static,True,108,108,,True,1.597851,2.015274,2172.0,3.0
20260925T083500Z-native-vm,startup.http-ttfr-static,startup.http-ttfr,tuned,ttfr,rust,static,True,109,109,,True,1.577328,2.059497,2172.0,3.0
20260925T083500Z-native-vm,startup.http-ttfr-static,startup.http-ttfr,tuned,ttfr,rust,static,True,110,110,,True,1.529005,1.887732,2164.0,3.0
20260925T083500Z-native-vm,startup.http-ttfr-static,startup.http-ttfr,tuned,ttfr,rust,static,True,111,111,,True,1.551043,1.917664,2172.0,3.0
20260925T083500Z-native-vm,startup.http-ttfr-static,startup.http-ttfr,tuned,ttfr,rust,static,True,112,112,,True,1.587158,1.933465,2168.0,3.0
20260925T083500Z-native-vm,startup.http-ttfr-static,startup.http-ttfr,tuned,ttfr,rust,static,True,113,113,,True,1.757374,2.274855,2172.0,3.0
20260925T083500Z-native-vm,startup.http-ttfr-static,startup.http-ttfr,tuned,ttfr,rust,static,True,114,114,,True,1.57525,2.007544,2172.0,3.0
20260925T083500Z-native-vm,startup.http-ttfr-static,startup.http-ttfr,tuned,ttfr,rust,static,True,115,115,,True,2.216674,2.815233,2168.0,3.0
20260925T083500Z-native-vm,startup.http-ttfr-static,startup.http-ttfr,tuned,ttfr,rust,static,True,116,116,,True,2.298605,2.777448,2168.0,3.0
20260925T083500Z-native-vm,startup.http-ttfr-static,startup.http-ttfr,tuned,ttfr,rust,static,True,117,117,,True,1.707005,2.137862,2172.0,3.0
20260925T083500Z-native-vm,startup.http-ttfr-static,startup.http-ttfr,tuned,ttfr,rust,static,True,118,118,,True,1.577748,1.973272,2172.0,3.0
20260925T083500Z-native-vm,startup.http-ttfr-static,startup.http-ttfr,tuned,ttfr,rust,static,True,119,119,,True,1.738575,2.283648,2168.0,3.0
20260925T083500Z-native-vm,startup.http-ttfr-static,startup.http-ttfr,tuned,ttfr,rust,static,True,120,120,,True,2.171385,2.651441,2168.0,3.0
20260925T083500Z-native-vm,startup.http-ttfr-static,startup.http-ttfr,tuned,ttfr,rust,static,True,121,121,,True,2.236532,2.834274,2168.0,3.0
20260925T083500Z-native-vm,startup.http-ttfr-static,startup.http-ttfr,tuned,ttfr,rust,static,True,122,122,,True,1.935345,2.444262,2172.0,3.0
20260925T083500Z-native-vm,startup.http-ttfr-static,startup.http-ttfr,tuned,ttfr,rust,static,True,123,123,,True,1.702093,2.090101,2172.0,3.0
20260925T083500Z-native-vm,startup.http-ttfr-static,startup.http-ttfr,tuned,ttfr,rust,static,True,124,124,,True,1.762992,2.302992,2172.0,3.0
20260925T083500Z-native-vm,startup.http-ttfr-static,startup.http-ttfr,tuned,ttfr,rust,static,True,125,125,,True,1.920696,2.433937,2172.0,3.0
20260925T083500Z-native-vm,startup.http-ttfr-static,startup.http-ttfr,tuned,ttfr,rust,static,True,126,126,,True,1.804053,2.291038,2172.0,3.0
20260925T083500Z-native-vm,startup.http-ttfr-static,startup.http-ttfr,tuned,ttfr,rust,static,True,127,127,,True,1.954325,2.436687,2168.0,3.0
20260925T083500Z-native-vm,startup.http-ttfr-static,startup.http-ttfr,tuned,ttfr,rust,static,True,128,128,,True,1.591993,2.071926,2172.0,3.0
20260925T083500Z-native-vm,startup.http-ttfr-static,startup.http-ttfr,tuned,ttfr,rust,static,True,129,129,,True,1.571978,2.009177,2168.0,3.0
20260925T083500Z-native-vm,startup.http-ttfr-static,startup.http-ttfr,tuned,ttfr,rust,static,True,130,130,,True,1.658875,2.04107,2172.0,3.0
20260925T083500Z-native-vm,startup.http-ttfr-static,startup.http-ttfr,tuned,ttfr,rust,static,True,131,131,,True,1.581555,2.007112,2168.0,3.0
20260925T083500Z-native-vm,startup.http-ttfr-static,startup.http-ttfr,tuned,ttfr,rust,static,True,132,132,,True,1.657266,2.031042,2164.0,3.0
20260925T083500Z-native-vm,startup.http-ttfr-static,startup.http-ttfr,tuned,ttfr,rust,static,True,133,133,,True,1.650504,2.025393,2172.0,3.0
20260925T083500Z-native-vm,startup.http-ttfr-static,startup.http-ttfr,tuned,ttfr,rust,static,True,134,134,,True,1.645622,2.057756,2144.0,3.0
20260925T083500Z-native-vm,startup.http-ttfr-static,startup.http-ttfr,tuned,ttfr,rust,static,True,135,135,,True,1.591431,2.010509,2168.0,3.0
20260925T083500Z-native-vm,startup.http-ttfr-static,startup.http-ttfr,tuned,ttfr,rust,static,True,136,136,,True,1.58638,1.977477,2172.0,3.0
20260925T083500Z-native-vm,startup.http-ttfr-static,startup.http-ttfr,tuned,ttfr,rust,static,True,137,137,,True,2.342919,2.728366,2164.0,3.0
20260925T083500Z-native-vm,startup.http-ttfr-static,startup.http-ttfr,tuned,ttfr,rust,static,True,138,138,,True,1.856367,2.420636,2172.0,3.0
20260925T083500Z-native-vm,startup.http-ttfr-static,startup.http-ttfr,tuned,ttfr,rust,static,True,139,139,,True,1.810095,2.354395,2168.0,3.0
20260925T083500Z-native-vm,startup.http-ttfr-static,startup.http-ttfr,tuned,ttfr,rust,static,True,140,140,,True,1.889531,2.279827,2168.0,3.0
20260925T083500Z-native-vm,startup.http-ttfr-static,startup.http-ttfr,tuned,ttfr,rust,static,True,141,141,,True,1.606117,2.025757,2168.0,3.0
20260925T083500Z-native-vm,startup.http-ttfr-static,startup.http-ttfr,tuned,ttfr,rust,static,True,142,142,,True,1.675799,2.091664,2168.0,3.0
20260925T083500Z-native-vm,startup.http-ttfr-static,startup.http-ttfr,tuned,ttfr,rust,static,True,143,143,,True,1.651024,2.146893,2172.0,3.0
20260925T083500Z-native-vm,startup.http-ttfr-static,startup.http-ttfr,tuned,ttfr,rust,static,True,144,144,,True,1.677982,2.072748,2168.0,3.0
20260925T083500Z-native-vm,startup.http-ttfr-static,startup.http-ttfr,tuned,ttfr,rust,static,True,145,145,,True,1.697166,2.133403,2168.0,3.0
20260925T083500Z-native-vm,startup.http-ttfr-static,startup.http-ttfr,tuned,ttfr,rust,static,True,146,146,,True,1.565259,1.961139,2172.0,3.0
20260925T083500Z-native-vm,startup.http-ttfr-static,startup.http-ttfr,tuned,ttfr,rust,static,True,147,147,,True,1.742589,2.106484,2172.0,3.0
20260925T083500Z-native-vm,startup.http-ttfr-static,startup.http-ttfr,tuned,ttfr,rust,static,True,148,148,,True,1.618004,2.065358,2172.0,3.0
20260925T083500Z-native-vm,startup.http-ttfr-static,startup.http-ttfr,tuned,ttfr,rust,static,True,149,149,,True,3.12449,3.550389,2168.0,3.0
20260925T083500Z-native-vm,startup.http-ttfr-static,startup.http-ttfr,tuned,ttfr,rust,static,True,150,150,,True,1.718662,2.172719,2168.0,3.0
20260925T083500Z-native-vm,startup.http-ttfr-static,startup.http-ttfr,tuned,ttfr,rust,static,True,151,151,,True,1.67601,2.093725,2168.0,3.0
20260925T083500Z-native-vm,startup.http-ttfr-static,startup.http-ttfr,tuned,ttfr,rust,static,True,152,152,,True,5.105029,5.655931,2168.0,3.0
20260925T083500Z-native-vm,startup.http-ttfr-static,startup.http-ttfr,tuned,ttfr,rust,static,True,153,153,,True,1.745023,2.228867,2168.0,3.0
20260925T083500Z-native-vm,startup.http-ttfr-static,startup.http-ttfr,tuned,ttfr,rust,static,True,154,154,,True,1.693989,2.155965,2168.0,3.0
20260925T083500Z-native-vm,startup.http-ttfr-static,startup.http-ttfr,tuned,ttfr,rust,static,True,155,155,,True,1.657623,2.067125,2168.0,3.0
20260925T083500Z-native-vm,startup.http-ttfr-static,startup.http-ttfr,tuned,ttfr,rust,static,True,156,156,,True,1.608195,2.051169,2168.0,3.0
20260925T083500Z-native-vm,startup.http-ttfr-static,startup.http-ttfr,tuned,ttfr,rust,static,True,157,157,,True,1.724076,2.152472,2168.0,3.0
20260925T083500Z-native-vm,startup.http-ttfr-static,startup.http-ttfr,tuned,ttfr,rust,static,True,158,158,,True,1.697588,2.093454,2172.0,3.0
20260925T083500Z-native-vm,startup.http-ttfr-static,startup.http-ttfr,tuned,ttfr,rust,static,True,159,159,,True,2.765927,3.211501,2172.0,3.0
20260925T083500Z-native-vm,startup.http-ttfr-static,startup.http-ttfr,tuned,ttfr,rust,static,True,160,160,,True,1.798617,2.274062,2172.0,3.0
20260925T083500Z-native-vm,startup.http-ttfr-static,startup.http-ttfr,tuned,ttfr,rust,static,True,161,161,,True,1.623107,2.040248,2172.0,3.0
20260925T083500Z-native-vm,startup.http-ttfr-static,startup.http-ttfr,tuned,ttfr,rust,static,True,162,162,,True,1.710474,2.239423,2172.0,3.0
20260925T083500Z-native-vm,startup.http-ttfr-static,startup.http-ttfr,tuned,ttfr,rust,static,True,163,163,,True,1.738092,2.193959,2172.0,3.0
20260925T083500Z-native-vm,startup.http-ttfr-static,startup.http-ttfr,tuned,ttfr,rust,static,True,164,164,,True,1.827811,2.333905,2168.0,3.0
20260925T083500Z-native-vm,startup.http-ttfr-static,startup.http-ttfr,tuned,ttfr,rust,static,True,165,165,,True,1.808574,2.318467,2168.0,3.0
20260925T083500Z-native-vm,startup.http-ttfr-static,startup.http-ttfr,tuned,ttfr,rust,static,True,166,166,,True,2.211241,2.804159,2168.0,3.0
20260925T083500Z-native-vm,startup.http-ttfr-static,startup.http-ttfr,tuned,ttfr,rust,static,True,167,167,,True,2.061501,2.407138,2172.0,3.0
20260925T083500Z-native-vm,startup.http-ttfr-static,startup.http-ttfr,tuned,ttfr,rust,static,True,168,168,,True,1.840473,2.22976,2172.0,3.0
20260925T083500Z-native-vm,startup.http-ttfr-static,startup.http-ttfr,tuned,ttfr,rust,static,True,169,169,,True,1.652702,2.118242,2172.0,3.0
20260925T083500Z-native-vm,startup.http-ttfr-static,startup.http-ttfr,tuned,ttfr,rust,static,True,170,170,,True,1.687949,2.170716,2172.0,3.0
20260925T083500Z-native-vm,startup.http-ttfr-static,startup.http-ttfr,tuned,ttfr,rust,static,True,171,171,,True,1.859384,2.24394,2172.0,3.0
20260925T083500Z-native-vm,startup.http-ttfr-static,startup.http-ttfr,tuned,ttfr,rust,static,True,172,172,,True,1.654278,2.151568,2168.0,3.0
20260925T083500Z-native-vm,startup.http-ttfr-static,startup.http-ttfr,tuned,ttfr,rust,static,True,173,173,,True,1.623266,2.06813,2168.0,3.0
20260925T083500Z-native-vm,startup.http-ttfr-static,startup.http-ttfr,tuned,ttfr,rust,static,True,174,174,,True,1.73705,2.175867,2172.0,3.0
20260925T083500Z-native-vm,startup.http-ttfr-static,startup.http-ttfr,tuned,ttfr,rust,static,True,175,175,,True,1.737972,2.137541,2164.0,3.0
20260925T083500Z-native-vm,startup.http-ttfr-static,startup.http-ttfr,tuned,ttfr,rust,static,True,176,176,,True,1.854244,2.277213,2172.0,3.0
20260925T083500Z-native-vm,startup.http-ttfr-static,startup.http-ttfr,tuned,ttfr,rust,static,True,177,177,,True,1.767802,2.249597,2168.0,3.0
20260925T083500Z-native-vm,startup.http-ttfr-static,startup.http-ttfr,tuned,ttfr,rust,static,True,178,178,,True,1.70135,2.085849,2168.0,3.0
20260925T083500Z-native-vm,startup.http-ttfr-static,startup.http-ttfr,tuned,ttfr,rust,static,True,179,179,,True,1.630192,2.073286,2172.0,3.0
20260925T083500Z-native-vm,startup.http-ttfr-static,startup.http-ttfr,tuned,ttfr,rust,static,True,180,180,,True,1.757129,2.412467,2172.0,3.0
20260925T083500Z-native-vm,startup.http-ttfr-static,startup.http-ttfr,tuned,ttfr,rust,static,True,181,181,,True,1.611918,2.121231,2164.0,3.0
20260925T083500Z-native-vm,startup.http-ttfr-static,startup.http-ttfr,tuned,ttfr,rust,static,True,182,182,,True,1.6669,2.114485,2168.0,3.0
20260925T083500Z-native-vm,startup.http-ttfr-static,startup.http-ttfr,tuned,ttfr,rust,static,True,183,183,,True,1.790837,2.283638,2168.0,3.0
20260925T083500Z-native-vm,startup.http-ttfr-static,startup.http-ttfr,tuned,ttfr,rust,static,True,184,184,,True,1.842646,2.28149,2172.0,3.0
20260925T083500Z-native-vm,startup.http-ttfr-static,startup.http-ttfr,tuned,ttfr,rust,static,True,185,185,,True,1.664475,2.045217,2168.0,3.0
20260925T083500Z-native-vm,startup.http-ttfr-static,startup.http-ttfr,tuned,ttfr,rust,static,True,186,186,,True,1.844061,2.255929,2172.0,3.0
20260925T083500Z-native-vm,startup.http-ttfr-static,startup.http-ttfr,tuned,ttfr,rust,static,True,187,187,,True,2.094954,2.547568,2172.0,3.0
20260925T083500Z-native-vm,startup.http-ttfr-static,startup.http-ttfr,tuned,ttfr,rust,static,True,188,188,,True,1.869895,2.360131,2168.0,3.0
20260925T083500Z-native-vm,startup.http-ttfr-static,startup.http-ttfr,tuned,ttfr,rust,static,True,189,189,,True,2.009681,2.41699,2168.0,3.0
20260925T083500Z-native-vm,startup.http-ttfr-static,startup.http-ttfr,tuned,ttfr,rust,static,True,190,190,,True,1.958025,2.378703,2172.0,3.0
20260925T083500Z-native-vm,startup.http-ttfr-static,startup.http-ttfr,tuned,ttfr,rust,static,True,191,191,,True,2.157245,2.626684,2168.0,3.0
20260925T083500Z-native-vm,startup.http-ttfr-static,startup.http-ttfr,tuned,ttfr,rust,static,True,192,192,,True,1.638996,2.043336,2172.0,3.0
20260925T083500Z-native-vm,startup.http-ttfr-static,startup.http-ttfr,tuned,ttfr,rust,static,True,193,193,,True,1.752842,2.191538,2172.0,3.0
20260925T083500Z-native-vm,startup.http-ttfr-static,startup.http-ttfr,tuned,ttfr,rust,static,True,194,194,,True,1.626546,2.006718,2168.0,3.0
20260925T083500Z-native-vm,startup.http-ttfr-static,startup.http-ttfr,tuned,ttfr,rust,static,True,195,195,,True,1.602208,1.989059,2172.0,3.0
20260925T083500Z-native-vm,startup.http-ttfr-static,startup.http-ttfr,tuned,ttfr,rust,static,True,196,196,,True,1.75362,2.132094,2172.0,3.0
20260925T083500Z-native-vm,startup.http-ttfr-static,startup.http-ttfr,tuned,ttfr,rust,static,True,197,197,,True,1.754658,2.117305,2172.0,3.0
20260925T083500Z-native-vm,startup.http-ttfr-static,startup.http-ttfr,tuned,ttfr,rust,static,True,198,198,,True,5.569215,6.174761,2168.0,3.0
20260925T083500Z-native-vm,startup.http-ttfr-static,startup.http-ttfr,tuned,ttfr,rust,static,True,199,199,,True,1.749083,2.114231,2168.0,3.0
20260925T083500Z-native-vm,startup.http-ttfr-static,startup.http-ttfr,tuned,ttfr,rust,static,True,200,200,,True,1.75858,2.297765,2168.0,3.0
20260925T083500Z-native-vm,startup.http-ttfr-static,startup.http-ttfr,tuned,ttfr,rust,static,True,201,201,,True,2.023204,2.562753,2168.0,3.0
20260925T083500Z-native-vm,startup.http-ttfr-static,startup.http-ttfr,tuned,ttfr,rust,static,True,202,202,,True,2.15581,2.678564,2172.0,3.0
20260925T083500Z-native-vm,startup.http-ttfr-static,startup.http-ttfr,tuned,ttfr,rust,static,True,203,203,,True,1.903212,2.427641,2168.0,3.0
20260925T083500Z-native-vm,startup.http-ttfr-static,startup.http-ttfr,tuned,ttfr,rust,static,True,204,204,,True,1.53913,1.921461,2168.0,3.0
20260925T083500Z-native-vm,startup.http-ttfr-static,startup.http-ttfr,tuned,ttfr,rust,static,True,205,205,,True,1.534922,1.892817,2172.0,3.0
20260925T083500Z-native-vm,startup.http-ttfr-static,startup.http-ttfr,tuned,ttfr,rust,static,True,206,206,,True,1.832657,2.388122,2172.0,3.0
20260925T083500Z-native-vm,startup.http-ttfr-static,startup.http-ttfr,tuned,ttfr,rust,static,True,207,207,,True,2.052294,2.628134,2168.0,3.0
20260925T083500Z-native-vm,startup.http-ttfr-static,startup.http-ttfr,tuned,ttfr,rust,static,True,208,208,,True,2.172496,2.713082,2168.0,3.0
20260925T083500Z-native-vm,startup.http-ttfr-static,startup.http-ttfr,tuned,ttfr,rust,static,True,209,209,,True,2.028526,2.525159,2168.0,3.0
20260925T083500Z-native-vm,startup.http-ttfr-static,startup.http-ttfr,tuned,ttfr,rust,static,True,210,210,,True,1.656453,2.030625,2168.0,3.0
20260925T083500Z-native-vm,startup.http-ttfr-static,startup.http-ttfr,tuned,ttfr,rust,static,True,211,211,,True,1.616954,2.0058,2164.0,3.0
20260925T083500Z-native-vm,startup.http-ttfr-static,startup.http-ttfr,tuned,ttfr,rust,static,True,212,212,,True,1.722665,2.09616,2168.0,3.0
20260925T083500Z-native-vm,startup.http-ttfr-static,startup.http-ttfr,tuned,ttfr,rust,static,True,213,213,,True,1.806795,2.212419,2172.0,3.0
20260925T083500Z-native-vm,startup.http-ttfr-static,startup.http-ttfr,tuned,ttfr,rust,static,True,214,214,,True,1.550113,1.949199,2168.0,3.0
20260925T083500Z-native-vm,startup.http-ttfr-static,startup.http-ttfr,tuned,ttfr,rust,static,True,215,215,,True,1.633506,2.070103,2172.0,3.0
20260925T083500Z-native-vm,startup.http-ttfr-static,startup.http-ttfr,tuned,ttfr,rust,static,True,216,216,,True,1.620611,2.166235,2168.0,3.0
20260925T083500Z-native-vm,startup.http-ttfr-static,startup.http-ttfr,tuned,ttfr,rust,static,True,217,217,,True,1.590389,1.936262,2172.0,3.0
20260925T083500Z-native-vm,startup.http-ttfr-static,startup.http-ttfr,tuned,ttfr,rust,static,True,218,218,,True,1.641361,1.984201,2172.0,3.0
20260925T083500Z-native-vm,startup.http-ttfr-static,startup.http-ttfr,tuned,ttfr,rust,static,True,219,219,,True,1.672374,2.024531,2168.0,3.0
20260925T083500Z-native-vm,startup.http-ttfr-static,startup.http-ttfr,tuned,ttfr,rust,static,True,220,220,,True,1.722535,2.080871,2168.0,3.0
20260925T083500Z-native-vm,startup.http-ttfr-static,startup.http-ttfr,tuned,ttfr,rust,static,True,221,221,,True,1.819739,2.272215,2172.0,3.0
20260925T083500Z-native-vm,startup.http-ttfr-static,startup.http-ttfr,tuned,ttfr,rust,static,True,222,222,,True,1.727884,2.193206,2168.0,3.0
20260925T083500Z-native-vm,startup.http-ttfr-static,startup.http-ttfr,tuned,ttfr,rust,static,True,223,223,,True,1.802644,2.178839,2168.0,3.0
20260925T083500Z-native-vm,startup.http-ttfr-static,startup.http-ttfr,tuned,ttfr,rust,static,True,224,224,,True,1.674214,2.083067,2172.0,3.0
20260925T083500Z-native-vm,startup.http-ttfr-static,startup.http-ttfr,tuned,ttfr,rust,static,True,225,225,,True,1.972814,2.400175,2168.0,3.0
20260925T083500Z-native-vm,startup.http-ttfr-static,startup.http-ttfr,tuned,ttfr,rust,static,True,226,226,,True,1.75273,2.144988,2172.0,3.0
20260925T083500Z-native-vm,startup.http-ttfr-static,startup.http-ttfr,tuned,ttfr,rust,static,True,227,227,,True,1.75592,2.196237,2164.0,3.0
20260925T083500Z-native-vm,startup.http-ttfr-static,startup.http-ttfr,tuned,ttfr,rust,static,True,228,228,,True,2.035891,2.482262,2168.0,3.0
20260925T083500Z-native-vm,startup.http-ttfr-static,startup.http-ttfr,tuned,ttfr,rust,static,True,229,229,,True,1.767713,2.210535,2172.0,3.0
20260925T083500Z-native-vm,startup.http-ttfr-static,startup.http-ttfr,tuned,ttfr,rust,static,True,230,230,,True,3.295573,4.008119,2172.0,3.0
20260925T083500Z-native-vm,startup.http-ttfr-static,startup.http-ttfr,tuned,ttfr,rust,static,True,231,231,,True,1.762198,2.281717,2168.0,3.0
20260925T083500Z-native-vm,startup.http-ttfr-static,startup.http-ttfr,tuned,ttfr,rust,static,True,232,232,,True,1.8966,2.332719,2168.0,3.0
20260925T083500Z-native-vm,startup.http-ttfr-static,startup.http-ttfr,tuned,ttfr,rust,static,True,233,233,,True,1.673076,2.598841,2168.0,3.0
20260925T083500Z-native-vm,startup.http-ttfr-static,startup.http-ttfr,tuned,ttfr,rust,static,True,234,234,,True,1.839595,2.27666,2172.0,3.0
20260925T083500Z-native-vm,startup.http-ttfr-static,startup.http-ttfr,tuned,ttfr,rust,static,True,235,235,,True,1.577265,1.961783,2168.0,3.0
20260925T083500Z-native-vm,startup.http-ttfr-static,startup.http-ttfr,tuned,ttfr,rust,static,True,236,236,,True,1.702144,2.950347,2172.0,3.0
20260925T083500Z-native-vm,startup.http-ttfr-static,startup.http-ttfr,tuned,ttfr,rust,static,True,237,237,,True,2.045814,2.736026,2168.0,3.0
20260925T083500Z-native-vm,startup.http-ttfr-static,startup.http-ttfr,tuned,ttfr,rust,static,True,238,238,,True,2.069894,2.618926,2164.0,3.0
20260925T083500Z-native-vm,startup.http-ttfr-static,startup.http-ttfr,tuned,ttfr,rust,static,True,239,239,,True,2.926633,3.338148,2168.0,3.0
20260925T083500Z-native-vm,startup.http-ttfr-static,startup.http-ttfr,tuned,ttfr,rust,static,True,240,240,,True,2.089254,2.522082,2172.0,3.0
20260925T083500Z-native-vm,startup.http-ttfr-static,startup.http-ttfr,tuned,ttfr,rust,static,True,241,241,,True,1.93855,2.35311,2172.0,3.0
20260925T083500Z-native-vm,startup.http-ttfr-static,startup.http-ttfr,tuned,ttfr,rust,static,True,242,242,,True,1.729484,2.153403,2168.0,3.0
20260925T083500Z-native-vm,startup.http-ttfr-static,startup.http-ttfr,tuned,ttfr,rust,static,True,243,243,,True,1.790023,2.229574,2168.0,3.0
20260925T083500Z-native-vm,startup.http-ttfr-static,startup.http-ttfr,tuned,ttfr,rust,static,True,244,244,,True,1.674552,2.125585,2168.0,3.0
20260925T083500Z-native-vm,startup.http-ttfr-static,startup.http-ttfr,tuned,ttfr,rust,static,True,245,245,,True,1.628109,2.145438,2168.0,3.0
20260925T083500Z-native-vm,startup.http-ttfr-static,startup.http-ttfr,tuned,ttfr,rust,static,True,246,246,,True,1.731044,2.175871,2172.0,3.0
20260925T083500Z-native-vm,startup.http-ttfr-static,startup.http-ttfr,tuned,ttfr,rust,static,True,247,247,,True,1.572953,2.155134,2168.0,3.0
20260925T083500Z-native-vm,startup.http-ttfr-static,startup.http-ttfr,tuned,ttfr,rust,static,True,248,248,,True,1.798842,2.22189,2172.0,3.0
20260925T083500Z-native-vm,startup.http-ttfr-static,startup.http-ttfr,tuned,ttfr,rust,static,True,249,249,,True,1.723127,2.167923,2168.0,3.0
20260925T083500Z-native-vm,startup.http-ttfr-static,startup.http-ttfr,tuned,ttfr,rust,static,True,250,250,,True,1.655623,2.262471,2168.0,3.0
20260925T083500Z-native-vm,startup.http-ttfr-static,startup.http-ttfr,tuned,ttfr,rust,static,True,251,251,,True,1.828001,2.242573,2168.0,3.0
20260925T083500Z-native-vm,startup.http-ttfr-static,startup.http-ttfr,tuned,ttfr,rust,static,True,252,252,,True,1.71293,2.185242,2168.0,3.0
20260925T083500Z-native-vm,startup.http-ttfr-static,startup.http-ttfr,tuned,ttfr,rust,static,True,253,253,,True,2.097175,2.478156,2168.0,3.0
20260925T083500Z-native-vm,startup.http-ttfr-static,startup.http-ttfr,tuned,ttfr,rust,static,True,254,254,,True,1.613884,2.031859,2164.0,3.0
20260925T083500Z-native-vm,startup.http-ttfr-static,startup.http-ttfr,tuned,ttfr,rust,static,True,255,255,,True,1.592986,2.106176,2172.0,3.0
20260925T083500Z-native-vm,startup.http-ttfr-static,startup.http-ttfr,tuned,ttfr,rust,static,True,256,256,,True,1.656769,2.082792,2164.0,3.0
20260925T083500Z-native-vm,startup.http-ttfr-static,startup.http-ttfr,tuned,ttfr,rust,static,True,257,257,,True,1.889307,2.330532,2168.0,3.0
20260925T083500Z-native-vm,startup.http-ttfr-static,startup.http-ttfr,tuned,ttfr,rust,static,True,258,258,,True,1.842895,2.248715,2168.0,3.0
20260925T083500Z-native-vm,startup.http-ttfr-static,startup.http-ttfr,tuned,ttfr,rust,static,True,259,259,,True,2.067094,2.558172,2168.0,3.0
20260925T083500Z-native-vm,startup.http-ttfr-static,startup.http-ttfr,tuned,ttfr,rust,static,True,260,260,,True,1.945299,2.5245,2164.0,3.0
20260925T083500Z-native-vm,startup.http-ttfr-static,startup.http-ttfr,tuned,ttfr,rust,static,True,261,261,,True,1.671165,2.083467,2172.0,3.0
20260925T083500Z-native-vm,startup.http-ttfr-static,startup.http-ttfr,tuned,ttfr,rust,static,True,262,262,,True,1.988291,2.37765,2168.0,3.0
20260925T083500Z-native-vm,startup.http-ttfr-static,startup.http-ttfr,tuned,ttfr,rust,static,True,263,263,,True,1.569124,1.895449,2132.0,3.0
20260925T083500Z-native-vm,startup.http-ttfr-static,startup.http-ttfr,tuned,ttfr,rust,static,True,264,264,,True,1.565607,1.961804,2172.0,3.0
20260925T083500Z-native-vm,startup.http-ttfr-static,startup.http-ttfr,tuned,ttfr,rust,static,True,265,265,,True,1.572032,1.95743,2168.0,3.0
20260925T083500Z-native-vm,startup.http-ttfr-static,startup.http-ttfr,tuned,ttfr,rust,static,True,266,266,,True,1.888909,2.287383,2168.0,3.0
20260925T083500Z-native-vm,startup.http-ttfr-static,startup.http-ttfr,tuned,ttfr,rust,static,True,267,267,,True,1.603702,2.09123,2168.0,3.0
20260925T083500Z-native-vm,startup.http-ttfr-static,startup.http-ttfr,tuned,ttfr,rust,static,True,268,268,,True,1.837417,2.245358,2172.0,3.0
20260925T083500Z-native-vm,startup.http-ttfr-static,startup.http-ttfr,tuned,ttfr,rust,static,True,269,269,,True,1.603954,1.966208,2172.0,3.0
20260925T083500Z-native-vm,startup.http-ttfr-static,startup.http-ttfr,tuned,ttfr,rust,static,True,270,270,,True,1.528842,1.994176,2164.0,3.0
20260925T083500Z-native-vm,startup.http-ttfr-static,startup.http-ttfr,tuned,ttfr,rust,static,True,271,271,,True,1.689016,2.07557,2172.0,3.0
20260925T083500Z-native-vm,startup.http-ttfr-static,startup.http-ttfr,tuned,ttfr,rust,static,True,272,272,,True,1.583175,1.95708,2164.0,3.0
20260925T083500Z-native-vm,startup.http-ttfr-static,startup.http-ttfr,tuned,ttfr,rust,static,True,273,273,,True,1.715878,2.116373,2172.0,3.0
20260925T083500Z-native-vm,startup.http-ttfr-static,startup.http-ttfr,tuned,ttfr,rust,static,True,274,274,,True,2.004889,2.527114,2168.0,3.0
20260925T083500Z-native-vm,startup.http-ttfr-static,startup.http-ttfr,tuned,ttfr,rust,static,True,275,275,,True,1.513138,1.963657,2168.0,3.0
20260925T083500Z-native-vm,startup.http-ttfr-static,startup.http-ttfr,tuned,ttfr,rust,static,True,276,276,,True,1.956501,2.381027,2168.0,3.0
20260925T083500Z-native-vm,startup.http-ttfr-static,startup.http-ttfr,tuned,ttfr,rust,static,True,277,277,,True,1.776154,2.119353,2168.0,3.0
20260925T083500Z-native-vm,startup.http-ttfr-static,startup.http-ttfr,tuned,ttfr,rust,static,True,278,278,,True,1.626127,2.032742,2168.0,3.0
20260925T083500Z-native-vm,startup.http-ttfr-static,startup.http-ttfr,tuned,ttfr,rust,static,True,279,279,,True,1.619853,2.024876,2168.0,3.0
20260925T083500Z-native-vm,startup.http-ttfr-static,startup.http-ttfr,tuned,ttfr,rust,static,True,280,280,,True,1.682179,2.027326,2168.0,3.0
20260925T083500Z-native-vm,startup.http-ttfr-static,startup.http-ttfr,tuned,ttfr,rust,static,True,281,281,,True,1.641885,2.005539,2172.0,3.0
20260925T083500Z-native-vm,startup.http-ttfr-static,startup.http-ttfr,tuned,ttfr,rust,static,True,282,282,,True,1.554954,1.896713,2172.0,3.0
20260925T083500Z-native-vm,startup.http-ttfr-static,startup.http-ttfr,tuned,ttfr,rust,static,True,283,283,,True,1.607133,2.053636,2172.0,3.0
20260925T083500Z-native-vm,startup.http-ttfr-static,startup.http-ttfr,tuned,ttfr,rust,static,True,284,284,,True,1.612267,1.998957,2168.0,3.0
20260925T083500Z-native-vm,startup.http-ttfr-static,startup.http-ttfr,tuned,ttfr,rust,static,True,285,285,,True,1.718277,2.094268,2168.0,3.0
20260925T083500Z-native-vm,startup.http-ttfr-static,startup.http-ttfr,tuned,ttfr,rust,static,True,286,286,,True,1.6094,2.000284,2168.0,3.0
20260925T083500Z-native-vm,startup.http-ttfr-static,startup.http-ttfr,tuned,ttfr,rust,static,True,287,287,,True,1.944604,2.356827,2168.0,3.0
20260925T083500Z-native-vm,startup.http-ttfr-static,startup.http-ttfr,tuned,ttfr,rust,static,True,288,288,,True,1.629257,2.125441,2168.0,3.0
20260925T083500Z-native-vm,startup.http-ttfr-static,startup.http-ttfr,tuned,ttfr,rust,static,True,289,289,,True,1.74965,2.130873,2168.0,3.0
20260925T083500Z-native-vm,startup.http-ttfr-static,startup.http-ttfr,tuned,ttfr,rust,static,True,290,290,,True,1.712974,2.290333,2172.0,3.0
20260925T083500Z-native-vm,startup.http-ttfr-static,startup.http-ttfr,tuned,ttfr,rust,static,True,291,291,,True,1.805093,2.175927,2172.0,3.0
20260925T083500Z-native-vm,startup.http-ttfr-static,startup.http-ttfr,tuned,ttfr,rust,static,True,292,292,,True,1.59539,1.991011,2172.0,3.0
20260925T083500Z-native-vm,startup.http-ttfr-static,startup.http-ttfr,tuned,ttfr,rust,static,True,293,293,,True,1.818804,2.434081,2172.0,3.0
20260925T083500Z-native-vm,startup.http-ttfr-static,startup.http-ttfr,tuned,ttfr,rust,static,True,294,294,,True,1.694838,2.152443,2172.0,3.0
20260925T083500Z-native-vm,startup.http-ttfr-static,startup.http-ttfr,tuned,ttfr,rust,static,True,295,295,,True,1.766951,2.154626,2144.0,3.0
20260925T083500Z-native-vm,startup.http-ttfr-static,startup.http-ttfr,tuned,ttfr,rust,static,True,296,296,,True,1.591265,2.003086,2168.0,3.0
20260925T083500Z-native-vm,startup.http-ttfr-static,startup.http-ttfr,tuned,ttfr,rust,static,True,297,297,,True,2.024545,2.426805,2172.0,3.0
20260925T083500Z-native-vm,startup.http-ttfr-static,startup.http-ttfr,tuned,ttfr,rust,static,True,298,298,,True,2.143382,2.696329,2168.0,3.0
20260925T083500Z-native-vm,startup.http-ttfr-static,startup.http-ttfr,tuned,ttfr,rust,static,True,299,299,,True,1.87894,2.52352,2168.0,3.0
